feature_set,num_features,model,MAE_mean,MAE_std,RMSE_mean,RMSE_std,R2_mean,R2_std
Compact_8,8,Gradient Boosting,22.940805338004832,5.950752370794728,39.318993709471,15.039443664892381,0.18378510915646007,0.15927905804796955
Baseline_9,9,Gradient Boosting,23.12447539056685,5.033722202886332,39.368855592386,13.962173905084569,0.16316222134785846,0.21584700151331668
Baseline_9,9,Extra Trees,22.991913769230763,6.828849008974137,40.82741358904154,15.058497942348936,0.07741239853884951,0.32273270892429556
Compact_5,5,Ridge,25.05328962840904,4.799161737153301,40.83210399789124,15.168099261464267,0.11134500127653513,0.18324177914307063
Baseline_9,9,Random Forest,24.103798692307688,5.498695577937874,40.870782351304925,13.405258592212103,0.0753830751094886,0.2767224528285794
Compact_3,3,Ridge,24.97379710866288,5.4442526214762585,41.03566879227943,15.715345887186233,0.11861432387108468,0.11116839738967586
Baseline_9,9,Ridge,26.30831552056721,4.229687408275215,41.095500768087845,15.919221824294564,0.11156713236318128,0.16013073558133634
Compact_8,8,Ridge,25.33141682872171,4.626122488432079,41.10272332132676,15.114784317286253,0.0979792497911609,0.1842867426448745
Compact_8,8,Random Forest,23.84452546153846,5.439687080697986,41.25071421566165,12.683546958677361,-0.0046829488160590625,0.49402085847787924
Compact_5,5,Extra Trees,23.980761487179485,6.465153956863335,42.36159735963369,13.9371014769363,0.02070383698110152,0.23660509567298948
Compact_5,5,Random Forest,24.814072923076928,5.814919283110621,42.443701166182976,13.421764339155935,-0.049821273419255505,0.5102464323541154
Compact_5,5,Gradient Boosting,24.417962618037578,6.365563862173013,43.13059724952946,17.357430594124057,0.05127131365020428,0.11117016557332365
Compact_8,8,Extra Trees,23.999596461538452,5.881420945227409,43.78114690820085,13.044407155851431,-0.1165633688945028,0.4713506094786319
Compact_3,3,Gradient Boosting,25.526500938109567,5.12584770980752,45.31996392739512,15.207124234467871,-0.11743166537205821,0.2758113436472387
Compact_3,3,Extra Trees,26.643056589743587,6.816573741196264,45.56817846463411,14.084315147403661,-0.38683850479916815,1.185077623504335
Compact_3,3,Random Forest,28.119578897435908,5.088096607282026,48.28004382924318,11.64066508873172,-0.5465656356724798,1.1678389810050136
