sentinel2_id,patch_count,patch_numbers
20210101T052219_20210101T052222_T44RKQ,2,"1,105"
20210131T052039_20210131T052539_T44RKQ,2,"2,106"
20210302T051729_20210302T052733_T44RKQ,2,"3,107"
20210322T051649_20210322T052843_T44RKQ,2,"4,108"
20210406T051651_20210406T052529_T44RKQ,2,"5,109"
20210411T051649_20210411T052917_T44RKQ,2,"6,110"
20210421T051649_20210421T053100_T44RKQ,2,"7,111"
20210521T051649_20210521T053105_T44RKQ,2,"8,112"
20210531T051649_20210531T052809_T44RKQ,2,"9,113"
20210610T051649_20210610T053106_T44RKQ,2,"10,114"
20210620T051649_20210620T053110_T44RKQ,2,"11,115"
20210630T051649_20210630T051915_T44RKQ,2,"12,116"
20210710T051649_20210710T053111_T44RKQ,2,"13,117"
20210725T051651_20210725T052751_T44RKQ,2,"14,118"
20210814T051651_20210814T053104_T44RKQ,2,"15,119"
20210824T051651_20210824T052626_T44RKQ,2,"16,120"
20210903T051651_20210903T052534_T44RKQ,2,"17,121"
20210913T051651_20210913T053059_T44RKQ,2,"18,122"
20210923T051651_20210923T053101_T44RKQ,2,"19,123"
20211003T051701_20211003T052600_T44RKQ,2,"20,124"
20211013T051751_20211013T052103_T44RKQ,2,"21,125"
20211023T051901_20211023T052038_T44RKQ,2,"22,126"
20211102T052001_20211102T052127_T44RKQ,2,"23,127"
20211112T052051_20211112T052922_T44RKQ,2,"24,128"
20211122T052121_20211122T052810_T44RKQ,2,"25,129"
20211212T052221_20211212T052221_T44RKQ,2,"26,130"
20211222T052231_20211222T052230_T44RKQ,2,"27,131"
20220101T052231_20220101T053051_T44RKQ,2,"28,132"
20220111T052201_20220111T052204_T44RKQ,2,"29,133"
20220131T052041_20220131T052041_T44RKQ,2,"30,134"
20220210T051941_20220210T052038_T44RKQ,2,"31,135"
20220220T051841_20220220T051840_T44RKQ,2,"32,136"
20220302T051731_20220302T052536_T44RKQ,2,"33,137"
20220312T051651_20220312T052910_T44RKQ,2,"34,138"
20220322T051651_20220322T052554_T44RKQ,2,"35,139"
20220401T051651_20220401T052734_T44RKQ,2,"36,140"
20220411T051651_20220411T052901_T44RKQ,2,"37,141"
20220421T051701_20220421T052440_T44RKQ,2,"38,142"
20220501T051701_20220501T052759_T44RKQ,2,"39,143"
20220511T051651_20220511T053033_T44RKQ,2,"40,144"
20220521T051701_20220521T052917_T44RKQ,2,"41,145"
20220531T051701_20220531T052755_T44RKQ,2,"42,146"
20220610T051701_20220610T052518_T44RKQ,2,"43,147"
20220620T051701_20220620T052701_T44RKQ,2,"44,148"
20220710T051701_20220710T052850_T44RKQ,2,"45,150"
20220809T051701_20220809T052911_T44RKQ,2,"46,151"
20220824T051649_20220824T052826_T44RKQ,2,"47,152"
20220903T051649_20220903T052701_T44RKQ,2,"48,153"
20221003T051649_20221003T052253_T44RKQ,2,"49,154"
20221013T051749_20221013T052416_T44RKQ,2,"50,155"
20221023T051849_20221023T052729_T44RKQ,2,"51,156"
20221102T051949_20221102T052958_T44RKQ,2,"52,157"
20221112T052049_20221112T052220_T44RKQ,2,"53,158"
20221122T052119_20221122T052433_T44RKQ,2,"54,159"
20221202T052159_20221202T052600_T44RKQ,2,"55,160"
20221212T052219_20221212T052632_T44RKQ,2,"56,161"
20221222T052229_20221222T052753_T44RKQ,2,"57,162"
20230101T052229_20230101T052722_T44RKQ,2,"58,163"
20230111T052159_20230111T052604_T44RKQ,2,"59,164"
20230121T052129_20230121T052439_T44RKQ,2,"60,165"
20230131T052039_20230131T052214_T44RKQ,2,"61,166"
20230210T051949_20230210T052635_T44RKQ,2,"62,167"
20230220T051839_20230220T052919_T44RKQ,2,"63,168"
20230302T051729_20230302T052948_T44RKQ,2,"64,169"
20230312T051659_20230312T052443_T44RKQ,2,"65,170"
20230322T051659_20230322T052301_T44RKQ,2,"66,171"
20230401T051659_20230401T052512_T44RKQ,2,"67,172"
20230411T051649_20230411T052709_T44RKQ,2,"68,173"
20230421T051649_20230421T052441_T44RKQ,2,"69,174"
20230501T051649_20230501T052839_T44RKQ,2,"70,175"
20230511T051649_20230511T052839_T44RKQ,2,"71,176"
20230521T051659_20230521T052824_T44RKQ,2,"72,177"
20230531T051659_20230531T052823_T44RKQ,2,"73,178"
20230610T051659_20230610T052824_T44RKQ,2,"74,179"
20230720T051659_20230720T052825_T44RKQ,2,"75,180"
20230819T051659_20230819T052701_T44RKQ,2,"76,181"
20230903T051701_20230903T053110_T44RKQ,2,"77,182"
20230923T051651_20230923T052212_T44RKQ,3,"78,79,183"
20231003T051651_20231003T052230_T44RKQ,2,"80,184"
20231013T051741_20231013T052432_T44RKQ,2,"81,185"
20231023T051851_20231023T052716_T44RKQ,2,"82,186"
20231102T051951_20231102T052415_T44RKQ,2,"83,187"
20231107T052019_20231107T052323_T44RKQ,2,"84,188"
20231112T052041_20231112T052318_T44RKQ,2,"85,189"
20231122T052121_20231122T052116_T44RKQ,3,"86,87,190"
20231202T052151_20231202T052152_T44RKQ,2,"88,191"
20231212T052221_20231212T052217_T44RKQ,3,"89,192,193"
20240111T052201_20240111T052201_T44RKQ,2,"90,194"
20240210T051951_20240210T052850_T44RKQ,2,"91,195"
20240220T051841_20240220T052240_T44RKQ,2,"92,196"
20240321T051651_20240321T053116_T44RKQ,2,"93,198"
20240331T051651_20240331T052929_T44RKQ,2,"94,199"
20240420T051651_20240420T052641_T44RKQ,2,"96,200"
20240430T051651_20240430T053056_T44RKQ,2,"97,201"
20240510T051651_20240510T052922_T44RKQ,2,"98,202"
20240530T051651_20240530T053020_T44RKQ,2,"99,203"
20240609T051701_20240609T052940_T44RKQ,2,"100,204"
20240619T051701_20240619T052437_T44RKQ,2,"101,205"
20240709T051651_20240709T053028_T44RKQ,2,"102,207"
20240823T051649_20240823T052843_T44RKQ,2,"103,208"
