patch_number,patch_filename,sentinel2_id,satellite_date,station,cwc_datetime,latitude,longitude,turbidity_NTU,days_difference,cloud_percentage,B2,B3,B4,B8,B11,B12,NDWI,MNDWI,sentinel_patch_count,candidate_cwc_records,duplicate_sentinel_id,linkage_status
1,Etawah_1_20210101T052219_20210101T052222_T44RKQ.tif,20210101T052219_20210101T052222_T44RKQ,2021-01-01,ETAWAH,01-01-2021 08:00,26.74972222,78.98333333,1.0,0.103102037037037,0.001948,0.1002675814413558,0.0995498036898605,0.0813770271346879,0.0995831789673297,0.0400851629155285,0.023399915513142,-0.0001756049368850654,0.4264642591378442,2,1,True,OK
2,Etawah_2_20210131T052039_20210131T052539_T44RKQ.tif,20210131T052039_20210131T052539_T44RKQ,2021-01-31,ETAWAH,01-02-2021 08:15,26.74972222,78.98333333,9.0,1.113502974537037,0.001931,0.0182047155318647,0.0230014075929936,0.0151139075666202,0.0226987754340862,0.0142322918396235,0.0106446791142917,0.0062981905551472,0.2454706472239818,2,1,True,OK
3,Etawah_3_20210302T051729_20210302T052733_T44RKQ.tif,20210302T051729_20210302T052733_T44RKQ,2021-03-02,ETAWAH,01-03-2021 08:10,26.74972222,78.98333333,10.0,0.8899603703703703,0.00653,0.0249581926031382,0.0353287162331587,0.0212601915553531,0.0339667652033558,0.0216777030709472,0.0175754223147361,0.0199532581170166,0.246392207793883,2,1,True,OK
4,Etawah_4_20210322T051649_20210322T052843_T44RKQ.tif,20210322T051649_20210322T052843_T44RKQ,2021-03-22,ETAWAH,22-03-2021 08:30,26.74972222,78.98333333,8.0,0.1239266203703703,9.910906,0.0666223673521214,0.0755822639031386,0.064375197704722,0.0918483244420893,0.0660862340570872,0.0495098680672068,-0.09711592260702,0.0677355557270054,2,1,True,OK
5,Etawah_5_20210406T051651_20210406T052529_T44RKQ.tif,20210406T051651_20210406T052529_T44RKQ,2021-04-06,ETAWAH,05-04-2021 08:00,26.74972222,78.98333333,2.0,0.8968722685185185,2.423715,0.0401551245936184,0.0738486342975316,0.0749406530154734,0.1183406808256247,0.1305999290932238,0.1004455117666087,-0.2315825475149091,-0.2776991854304331,2,1,True,OK
6,Etawah_6_20210411T051649_20210411T052917_T44RKQ.tif,20210411T051649_20210411T052917_T44RKQ,2021-04-11,ETAWAH,12-04-2021 08:05,26.74972222,78.98333333,17.0,1.1065938310185186,0.827834,0.0349425958948805,0.0492270552623505,0.0404779280788634,0.0678820094504804,0.0569473818817117,0.0458099519139625,-0.1592963270901761,-0.0718342508055659,2,1,True,OK
7,Etawah_7_20210421T051649_20210421T053100_T44RKQ.tif,20210421T051649_20210421T053100_T44RKQ,2021-04-21,ETAWAH,21-04-2021 08:10,26.74972222,78.98333333,21.0,0.1100911111111111,56.752861,0.616246002902453,0.5758819288473476,0.5370391913404403,0.5899291142133308,0.4583056151304764,0.4200075474559323,-0.0130136352820766,0.1119706932641985,2,1,True,OK
8,Etawah_8_20210521T051649_20210521T053105_T44RKQ.tif,20210521T051649_20210521T053105_T44RKQ,2021-05-21,ETAWAH,21-05-2021 08:00,26.74972222,78.98333333,14.0,0.1030838310185185,62.963474,0.4625312510567407,0.413742229636121,0.3552724131559198,0.3317995203851915,0.2146325630979059,0.1521873606215776,0.1135651440687922,0.329552407770812,2,1,True,OK
9,Etawah_9_20210531T051649_20210531T052809_T44RKQ.tif,20210531T051649_20210531T052809_T44RKQ,2021-05-31,ETAWAH,01-06-2021 08:00,26.74972222,78.98333333,17.0,1.1030734259259258,2.697526,0.0513129786945888,0.0705720589764684,0.0609986906460075,0.0848586287355755,0.0806510277587484,0.0655304475840567,-0.0934871165926131,-0.0688007761837562,2,1,True,OK
10,Etawah_10_20210610T051649_20210610T053106_T44RKQ.tif,20210610T051649_20210610T053106_T44RKQ,2021-06-10,ETAWAH,11-06-2021 08:00,26.74972222,78.98333333,19.0,1.1030702546296296,32.074681,0.8012977494262497,0.7468568719000563,0.7083793379584548,0.7222186922607524,0.5834345477255616,0.5750650534456647,0.0167652148749996,0.1228350781382539,2,1,True,OK
11,Etawah_11_20210620T051649_20210620T053110_T44RKQ.tif,20210620T051649_20210620T053110_T44RKQ,2021-06-20,ETAWAH,21-06-2021 07:50,26.74972222,78.98333333,28.0,1.0961295601851853,28.629676,0.3662996056892381,0.3539987019649162,0.3355478895576418,0.3762721519262806,0.3863888795084848,0.3765853028282993,-0.0304769069482866,-0.0437989768244143,2,1,True,OK
12,Etawah_12_20210630T051649_20210630T051915_T44RKQ.tif,20210630T051649_20210630T051915_T44RKQ,2021-06-30,ETAWAH,01-07-2021 08:00,26.74972222,78.98333333,30.0,1.1030700925925927,68.552062,0.2201563063023092,0.2287543066798265,0.2150443412556505,0.2770006217582672,0.2159185553858946,0.2021453828584437,-0.0953916754932268,0.028861681600353,2,1,True,OK
13,Etawah_13_20210710T051649_20210710T053111_T44RKQ.tif,20210710T051649_20210710T053111_T44RKQ,2021-07-10,ETAWAH,12-07-2021 07:40,26.74972222,78.98333333,41.0,2.089172349537037,67.810458,0.0813602342717098,0.0776647525411602,0.0255042792217667,0.061943834697878,0.0549574467853794,0.0661453278473083,0.1463727723680717,0.1717411475292793,2,1,True,OK
14,Etawah_14_20210725T051651_20210725T052751_T44RKQ.tif,20210725T051651_20210725T052751_T44RKQ,,,,,,,,,,,,,,,,,2,0,True,NO_CWC_METADATA
15,Etawah_15_20210814T051651_20210814T053104_T44RKQ.tif,20210814T051651_20210814T053104_T44RKQ,,,,,,,,,,,,,,,,,2,0,True,NO_CWC_METADATA
16,Etawah_16_20210824T051651_20210824T052626_T44RKQ.tif,20210824T051651_20210824T052626_T44RKQ,2021-08-24,ETAWAH,23-08-2021 09:20,26.74972222,78.98333333,15.0,0.8413855555555556,46.873043,0.1527165820096359,0.157842088262089,0.125277702600133,0.1546369098328255,0.0793349378939449,0.0534676803996459,0.0102046248959087,0.3309505533611587,2,1,True,OK
17,Etawah_17_20210903T051651_20210903T052534_T44RKQ.tif,20210903T051651_20210903T052534_T44RKQ,2021-09-03,ETAWAH,01-09-2021 08:30,26.74972222,78.98333333,33.0,1.8760952546296297,59.455585,0.2745007864275092,0.2509446251290003,0.2170016031275999,0.2683605020026769,0.1565585585839644,0.1358724655709355,-0.0335537202853965,0.2315887134975276,2,1,True,OK
18,Etawah_18_20210913T051651_20210913T053059_T44RKQ.tif,20210913T051651_20210913T053059_T44RKQ,2021-09-13,ETAWAH,13-09-2021 08:00,26.74972222,78.98333333,35.0,0.1030720138888888,29.700629,0.6689439188554749,0.6639480279540424,0.6435077746927338,0.6700916550885719,0.6588673625091042,0.5827718107365407,-0.0050659787490354,0.0032516683078594,2,1,True,OK
19,Etawah_19_20210923T051651_20210923T053101_T44RKQ.tif,20210923T051651_20210923T053101_T44RKQ,2021-09-23,ETAWAH,21-09-2021 08:30,26.74972222,78.98333333,26.0,1.876120601851852,37.094069,0.1179673991686253,0.1410339520782702,0.1350458606213398,0.121847198158083,0.0419424126057902,0.0286345580246127,0.0730504989629267,0.5417419901738565,2,1,True,OK
20,Etawah_20_20211003T051701_20211003T052600_T44RKQ.tif,20211003T051701_20211003T052600_T44RKQ,2021-10-03,ETAWAH,01-10-2021 08:30,26.74972222,78.98333333,94.0,1.876138136574074,0.05719,0.0776076016953919,0.1052789132609997,0.1101964246156533,0.0797073053592514,0.0215039414011239,0.0149214384670428,0.1383185514242615,0.6608290720378628,2,1,True,OK
21,Etawah_21_20211013T051751_20211013T052103_T44RKQ.tif,20211013T051751_20211013T052103_T44RKQ,2021-10-13,ETAWAH,11-10-2021 08:20,26.74972222,78.98333333,104.0,1.8830908564814812,0.000219,0.0581332065415702,0.085820707096089,0.0854408361756049,0.0592247608111466,0.0274836712316001,0.020411430273377,0.1835234407314544,0.5149063993799123,2,1,True,OK
22,Etawah_22_20211023T051901_20211023T052038_T44RKQ.tif,20211023T051901_20211023T052038_T44RKQ,2021-10-23,ETAWAH,21-10-2021 08:20,26.74972222,78.98333333,34.0,1.883089375,0.002223,0.0410995639164235,0.067272987310053,0.0611605292153628,0.0411115992077005,0.0239152029085367,0.0181845443832964,0.241700325243024,0.4758607455747421,2,1,True,OK
23,Etawah_23_20211102T052001_20211102T052127_T44RKQ.tif,20211102T052001_20211102T052127_T44RKQ,2021-11-02,ETAWAH,01-11-2021 08:25,26.74972222,78.98333333,21.0,0.8796049768518519,0.000979,0.0630878801284534,0.0828336853773106,0.0740672719050282,0.0612292087475374,0.028531728461563,0.0205635700827393,0.149937092299313,0.4875924516309826,2,1,True,OK
24,Etawah_24_20211112T052051_20211112T052922_T44RKQ.tif,20211112T052051_20211112T052922_T44RKQ,2021-11-12,ETAWAH,11-11-2021 08:30,26.74972222,78.98333333,1.0,0.8761067824074074,23.322425,0.1535981686089423,0.1592855019041815,0.1365079954350451,0.1805198769869601,0.0884747742129875,0.0625236204322973,-0.0624362017853428,0.2858248747138491,2,1,True,OK
25,Etawah_25_20211122T052121_20211122T052810_T44RKQ.tif,20211122T052121_20211122T052810_T44RKQ,2021-11-22,ETAWAH,22-11-2021 07:40,26.74972222,78.98333333,28.0,0.0891928356481481,5.6e-05,0.0442184969113703,0.0611591496754454,0.0493189755167501,0.0504623454180546,0.0210280264363317,0.0153500846223192,0.0955834033750081,0.4879308287683573,2,1,True,OK
26,Etawah_26_20211212T052221_20211212T052221_T44RKQ.tif,20211212T052221_20211212T052221_T44RKQ,2021-12-12,ETAWAH,13-12-2021 09:20,26.74972222,78.98333333,25.0,1.1586477314814816,5.675194,0.0572261122550379,0.0768464530644065,0.0565336710314039,0.077384530231021,0.0259763088834006,0.0177379223593586,-0.0035135583477624,0.4950677660243536,2,1,True,OK
27,Etawah_27_20211222T052231_20211222T052230_T44RKQ.tif,20211222T052231_20211222T052230_T44RKQ,2021-12-22,ETAWAH,21-12-2021 08:20,26.74972222,78.98333333,13.0,0.8830361921296296,0.000388,0.023675999392835,0.0427331788085719,0.029523451486917,0.0279941161119626,0.019666075536054,0.0144229027489042,0.2081796843915137,0.3707362071690695,2,1,True,OK
28,Etawah_28_20220101T052231_20220101T053051_T44RKQ.tif,20220101T052231_20220101T053051_T44RKQ,2022-01-01,ETAWAH,01-01-2022 08:30,26.74972222,78.98333333,9.0,0.1238964467592592,19.767311,0.081851196504693,0.086055855437702,0.0653346857189217,0.0772009992642697,0.0319726770281737,0.0207320101811395,0.054252285776169,0.4583149314438505,2,1,True,OK
29,Etawah_29_20220111T052201_20220111T052204_T44RKQ.tif,20220111T052201_20220111T052204_T44RKQ,2022-01-11,ETAWAH,11-01-2022 08:30,26.74972222,78.98333333,16.0,0.1239020949074074,1.575346,0.0736927226613703,0.0794295040882184,0.0667455240251362,0.086717652407609,0.0303933979166768,0.0151396397175319,-0.0438650798745797,0.4466993756642616,2,1,True,OK
30,Etawah_30_20220131T052041_20220131T052041_T44RKQ.tif,20220131T052041_20220131T052041_T44RKQ,2022-01-31,ETAWAH,01-02-2022 08:40,26.74972222,78.98333333,12.0,1.1308596875,2.186081,0.0861346983636083,0.0883339667988538,0.0769932009720218,0.0599754646411039,0.0255398087385467,0.017292567547138,0.1912664444152232,0.5513887338315113,2,1,True,OK
31,Etawah_31_20220210T051941_20220210T052038_T44RKQ.tif,20220210T051941_20220210T052038_T44RKQ,2022-02-10,ETAWAH,11-02-2022 08:50,26.74972222,78.98333333,15.0,1.1378169444444444,56.870997,0.0122155124319744,0.0280704813831599,0.0264210163055592,0.0194212132868218,0.0161018862359137,0.0131891892508704,0.1814835026885408,0.2704256610118423,2,1,True,OK
32,Etawah_32_20220220T051841_20220220T051840_T44RKQ.tif,20220220T051841_20220220T051840_T44RKQ,2022-02-20,ETAWAH,21-02-2022 09:10,26.74972222,78.98333333,17.0,1.1516741319444443,0.000159,0.013114710019517,0.0305662162406349,0.0238095862730112,0.0261305320613623,0.0169824183824669,0.0136671593268024,0.0783198077951637,0.2870411047091087,2,1,True,OK
33,Etawah_33_20220302T051731_20220302T052536_T44RKQ.tif,20220302T051731_20220302T052536_T44RKQ,2022-03-02,ETAWAH,02-03-2022 09:00,26.74972222,78.98333333,19.0,0.1447088657407407,0.000169,0.0226100225241221,0.0355799271418872,0.0266482122370927,0.0455174128958108,0.0268907659775724,0.0198390061614682,-0.1224978858036585,0.1404785680815867,2,1,True,OK
34,Etawah_34_20220312T051651_20220312T052910_T44RKQ.tif,20220312T051651_20220312T052910_T44RKQ,2022-03-12,ETAWAH,11-03-2022 08:45,26.74972222,78.98333333,3.0,0.865714537037037,8e-05,0.0088536739011131,0.0224632319738891,0.0154391751780126,0.0237157095164933,0.0227061794010968,0.0177841355403002,-0.026763642220029,-0.0029792052705201,2,1,True,OK
35,Etawah_35_20220322T051651_20220322T052554_T44RKQ.tif,20220322T051651_20220322T052554_T44RKQ,2022-03-22,ETAWAH,21-03-2022 08:20,26.74972222,78.98333333,10.0,0.883065150462963,0.025302,0.0136535473854589,0.0275145412736303,0.0236385275301972,0.0359649495840458,0.0327708187747981,0.0238450029041609,-0.1331736110942648,-0.0871582956384733,2,1,True,OK
36,Etawah_36_20220401T051651_20220401T052734_T44RKQ.tif,20220401T051651_20220401T052734_T44RKQ,2022-04-01,ETAWAH,01-04-2022 08:05,26.74972222,78.98333333,9.0,0.1065302083333333,0.000189,0.0,0.0,0.0,0.0,0.0357763226047527,0.0314072495303326,0.0,-1.0,2,1,True,OK
37,Etawah_37_20220411T051651_20220411T052901_T44RKQ.tif,20220411T051651_20220411T052901_T44RKQ,2022-04-11,ETAWAH,11-04-2022 08:10,26.74972222,78.98333333,7.0,0.1100047106481481,0.045846,0.0215292653296486,0.0362630634341045,0.0344095863281279,0.0472920326026248,0.0555702001758356,0.0437557850759854,-0.1320257542931752,-0.2102421145206569,2,1,True,OK
38,Etawah_38_20220421T051701_20220421T052440_T44RKQ.tif,20220421T051701_20220421T052440_T44RKQ,2022-04-21,ETAWAH,21-04-2022 07:50,26.74972222,78.98333333,8.0,0.0960862962962963,24.838729,0.0,0.0006726632887376083,0.0190150055621104,0.0196728743608833,0.092605996134414,0.072293077019748,-0.9434620732324078,-0.9860476265485224,2,1,True,OK
39,Etawah_39_20220501T051701_20220501T052759_T44RKQ.tif,20220501T051701_20220501T052759_T44RKQ,2022-05-01,ETAWAH,02-05-2022 08:20,26.74972222,78.98333333,1.0,1.116912476851852,25.296843,0.0992459745449433,0.111145382929543,0.0917409347477243,0.1618301800372465,0.173346045758441,0.190966046992102,-0.1844669036663699,-0.1977410480716457,2,1,True,OK
40,Etawah_40_20220511T051651_20220511T053033_T44RKQ.tif,20220511T051651_20220511T053033_T44RKQ,2022-05-11,ETAWAH,11-05-2022 08:00,26.74972222,78.98333333,14.0,0.1030405555555555,0.002326,0.0184441442630519,0.0478365851947953,0.0541924126975884,0.0557485364182424,0.0935040812263987,0.0737049128264524,-0.0767223592537538,-0.3263693758169073,2,1,True,OK
41,Etawah_41_20220521T051701_20220521T052917_T44RKQ.tif,20220521T051701_20220521T052917_T44RKQ,2022-05-21,ETAWAH,21-05-2022 08:30,26.74972222,78.98333333,41.0,0.1238417129629629,38.496208,0.0674744792977927,0.1016583755551543,0.0984499437612825,0.1432972417930393,0.1390292506459429,0.1040807147573277,-0.1706379910717039,-0.156078397517663,2,1,True,OK
42,Etawah_42_20220531T051701_20220531T052755_T44RKQ.tif,20220531T051701_20220531T052755_T44RKQ,2022-05-31,ETAWAH,01-06-2022 08:35,26.74972222,78.98333333,42.0,1.127297951388889,0.02009,0.072310092254869,0.1057412020499222,0.1040644991077348,0.142742651057438,0.1442829369344992,0.1105042927707587,-0.1499778690259182,-0.155391840432007,2,1,True,OK
43,Etawah_43_20220610T051701_20220610T052518_T44RKQ.tif,20220610T051701_20220610T052518_T44RKQ,2022-06-10,ETAWAH,11-06-2022 08:30,26.74972222,78.98333333,28.0,1.1238095138888888,10.060531,0.0287669623529681,0.0723918637193672,0.0741062085291052,0.1104718469773411,0.1384863458942991,0.106716962968553,-0.2082754591299506,-0.3135252250945783,2,1,True,OK
44,Etawah_44_20220620T051701_20220620T052701_T44RKQ.tif,20220620T051701_20220620T052701_T44RKQ,2022-06-20,ETAWAH,21-06-2022 08:35,26.74972222,78.98333333,13.0,1.127251423611111,38.315928,0.1049929472622,0.1281734518140453,0.1058022380703724,0.1224398780656089,0.1045819546268027,0.0896476916444429,0.0230447219341635,0.101535087103076,2,1,True,OK
45,Etawah_45_20220710T051701_20220710T052850_T44RKQ.tif,20220710T051701_20220710T052850_T44RKQ,2022-07-10,ETAWAH,11-07-2022 08:50,26.74972222,78.98333333,61.0,1.1376551157407406,37.888461,0.0642189898083473,0.0787497325213038,0.0566617541098002,0.0695233246089202,0.0295666949112945,0.0226009994399679,0.0622230301782077,0.4543351477037209,2,1,True,OK
46,Etawah_46_20220809T051701_20220809T052911_T44RKQ.tif,20220809T051701_20220809T052911_T44RKQ,2022-08-09,ETAWAH,11-08-2022 08:00,26.74972222,78.98333333,42.0,2.1029467939814817,40.684968,0.099285615144008,0.1285889774601831,0.1353068405086896,0.1213141468711206,0.1393583350204485,0.1216865574378889,0.0866422219832374,-0.0202122231911178,2,1,True,OK
47,Etawah_47_20220824T051649_20220824T052826_T44RKQ.tif,20220824T051649_20220824T052826_T44RKQ,2022-08-24,ETAWAH,22-08-2022 08:20,26.74972222,78.98333333,89.0,1.883032476851852,54.355186,0.8246725287019939,0.7345501153587224,0.6683374445902202,0.6812419479561819,0.493267001546416,0.410875671572547,0.0371014909384308,0.1949967548423153,2,1,True,OK
48,Etawah_48_20220903T051649_20220903T052701_T44RKQ.tif,20220903T051649_20220903T052701_T44RKQ,2022-09-03,ETAWAH,01-09-2022 08:50,26.74972222,78.98333333,167.0,1.862210891203704,22.696407,0.0768572069255651,0.1061881621261253,0.1084617963060736,0.0457277589494379,0.0309748451945451,0.0222599799668747,0.3981752399866983,0.5485048386947932,2,1,True,OK
49,Etawah_49_20221003T051649_20221003T052253_T44RKQ.tif,20221003T051649_20221003T052253_T44RKQ,2022-10-03,ETAWAH,01-10-2022 08:30,26.74972222,78.98333333,344.0,1.876067164351852,13.458627,0.0999217062112498,0.1234432152485022,0.1330124991253723,0.1127082911689203,0.0351119937180113,0.0251436513751065,0.0456389926789802,0.5571063819450437,2,1,True,OK
50,Etawah_50_20221013T051749_20221013T052416_T44RKQ.tif,20221013T051749_20221013T052416_T44RKQ,2022-10-13,ETAWAH,11-10-2022 08:30,26.74972222,78.98333333,66.0,1.8760708101851853,23.551807,0.0956623457080625,0.1279940604859426,0.1475459168337889,0.1071760417539039,0.0192407233664673,0.014117440879885,0.0885759248258756,0.7383434579850316,2,1,True,OK
51,Etawah_51_20221023T051849_20221023T052729_T44RKQ.tif,20221023T051849_20221023T052729_T44RKQ,2022-10-23,ETAWAH,21-10-2022 08:20,26.74972222,78.98333333,123.0,1.8830214467592592,0.005756,0.0891487468873058,0.111054335490104,0.1216391324189382,0.0972985647669112,0.0288741413982656,0.0197458755445712,0.0661224735333628,0.5876816858344519,2,1,True,OK
52,Etawah_52_20221102T051949_20221102T052958_T44RKQ.tif,20221102T051949_20221102T052958_T44RKQ,2022-11-02,ETAWAH,01-11-2022 09:30,26.74972222,78.98333333,63.0,0.8343934143518519,0.001125,0.0771617114843868,0.0987169061177032,0.0995518295031444,0.078176224004343,0.0355845856410031,0.0260169904053458,0.1162105433282081,0.4703922556159465,2,1,True,OK
53,Etawah_53_20221112T052049_20221112T052220_T44RKQ.tif,20221112T052049_20221112T052220_T44RKQ,2022-11-12,ETAWAH,11-11-2022 08:40,26.74972222,78.98333333,45.0,0.8691331944444445,0.08923,0.1219234794025888,0.12818355845321,0.1081840514283006,0.0588331784447864,0.0169288708171849,0.0130732826596736,0.3710552787634771,0.7667230808570443,2,1,True,OK
54,Etawah_54_20221122T052119_20221122T052433_T44RKQ.tif,20221122T052119_20221122T052433_T44RKQ,2022-11-22,ETAWAH,21-11-2022 08:30,26.74972222,78.98333333,56.0,0.876079537037037,0.000312,0.0721120492697836,0.0888028295012191,0.0815634432758481,0.062674634243563,0.0162352476261665,0.011522240902015,0.1724567416749123,0.6912853243416763,2,1,True,OK
55,Etawah_55_20221202T052159_20221202T052600_T44RKQ.tif,20221202T052159_20221202T052600_T44RKQ,2022-12-02,ETAWAH,01-12-2022 08:45,26.74972222,78.98333333,58.0,0.865644988425926,0.003533,0.0771634154921599,0.0989807849521287,0.0842401330592111,0.0798442007560568,0.0287033079552824,0.0174315599446721,0.1069299561351218,0.5503641432444859,2,1,True,OK
56,Etawah_56_20221212T052219_20221212T052632_T44RKQ.tif,20221212T052219_20221212T052632_T44RKQ,2022-12-12,ETAWAH,12-12-2022 08:30,26.74972222,78.98333333,39.0,0.1239474537037037,0.000229,0.0443279423372325,0.0642459034150978,0.0415147662043218,0.0398732550391877,0.0129099521885084,0.0088975226286607,0.2341400933649122,0.665979730527479,2,1,True,OK
57,Etawah_57_20221222T052229_20221222T052753_T44RKQ.tif,20221222T052229_20221222T052753_T44RKQ,2022-12-22,ETAWAH,21-12-2022 08:40,26.74972222,78.98333333,38.0,0.8691298032407407,0.000833,0.0246234515682911,0.0448048423743924,0.0270910330013443,0.0252674832787503,0.0143569538969943,0.0116384992619026,0.2807060094961376,0.5143644985751259,2,1,True,OK
58,Etawah_58_20230101T052229_20230101T052722_T44RKQ.tif,20230101T052229_20230101T052722_T44RKQ,2023-01-01,ETAWAH,02-01-2023 09:00,26.74972222,78.98333333,13.0,1.144763761574074,36.256072,1.335389637514144,1.1799187902864572,1.0941913312653433,0.9805482059616496,0.7108802897520027,0.5780533787517532,0.0922844749288046,0.2480702926404774,2,1,True,OK
59,Etawah_59_20230111T052159_20230111T052604_T44RKQ.tif,20230111T052159_20230111T052604_T44RKQ,2023-01-11,ETAWAH,11-01-2023 09:00,26.74972222,78.98333333,7.0,0.1447965972222222,36.526528,0.8403443645199277,0.770153379160072,0.7264291116263013,0.6832671161522872,0.560398869694689,0.456939075079218,0.0598321104656091,0.1578300388043259,2,1,True,OK
60,Etawah_60_20230121T052129_20230121T052439_T44RKQ.tif,20230121T052129_20230121T052439_T44RKQ,2023-01-21,ETAWAH,21-01-2023 08:40,26.74972222,78.98333333,12.0,0.1308859722222222,0.001238,0.1054819676026634,0.1088775612281736,0.0889989022450807,0.1041137253905453,0.0378782236434703,0.0212151182994775,0.0222859433814486,0.4842235450003598,2,1,True,OK
61,Etawah_61_20230131T052039_20230131T052214_T44RKQ.tif,20230131T052039_20230131T052214_T44RKQ,2023-01-31,ETAWAH,01-02-2023 08:30,26.74972222,78.98333333,7.0,1.1239480671296296,49.962077,0.0705525760642706,0.0822191452198485,0.0712500283770422,0.096638696479007,0.0386008729716146,0.0240959881475564,-0.0746323611526456,0.375767350125521,2,1,True,OK
62,Etawah_62_20230210T051949_20230210T052635_T44RKQ.tif,20230210T051949_20230210T052635_T44RKQ,2023-02-10,ETAWAH,11-02-2023 08:40,26.74972222,78.98333333,23.0,1.130877592592593,0.000209,0.0204277448345663,0.0341749017568397,0.0272579674070453,0.0364105856336594,0.0293946650024998,0.0224276185570586,-0.0315376735014577,0.0755042839523453,2,1,True,OK
63,Etawah_63_20230220T051839_20230220T052919_T44RKQ.tif,20230220T051839_20230220T052919_T44RKQ,2023-02-20,ETAWAH,21-02-2023 08:40,26.74972222,78.98333333,15.0,1.130869340277778,0.209936,0.0160691301746877,0.0364730857645144,0.01840615150181,0.0291325590819191,0.0160463964948084,0.0134944538648768,0.1125609024977395,0.394784972822579,2,1,True,OK
64,Etawah_64_20230302T051729_20230302T052948_T44RKQ.tif,20230302T051729_20230302T052948_T44RKQ,2023-03-02,ETAWAH,01-03-2023 08:30,26.74972222,78.98333333,10.0,0.8760926620370371,0.204697,0.0232984655419247,0.0470663146986332,0.0312738034967018,0.0321984657339189,0.0304443695171325,0.0236367258434142,0.188694886645084,0.2155333005955342,2,1,True,OK
65,Etawah_65_20230312T051659_20230312T052443_T44RKQ.tif,20230312T051659_20230312T052443_T44RKQ,2023-03-12,ETAWAH,11-03-2023 08:30,26.74972222,78.98333333,14.0,0.8761338310185185,3e-05,0.0274335301682029,0.0378928212648224,0.0225396677592102,0.0287335446164188,0.0187776604076576,0.0135672016929035,0.1377345270703773,0.3402458389566558,2,1,True,OK
66,Etawah_66_20230322T051659_20230322T052301_T44RKQ.tif,20230322T051659_20230322T052301_T44RKQ,2023-03-22,ETAWAH,21-03-2023 09:20,26.74972222,78.98333333,8.0,0.841392199074074,0.165298,0.0289357260741641,0.0385225505771551,0.0224706925916368,0.0278372043009054,0.0165251126934497,0.012554743732032,0.1621208613946077,0.4033151325121573,2,1,True,OK
67,Etawah_67_20230401T051659_20230401T052512_T44RKQ.tif,20230401T051659_20230401T052512_T44RKQ,2023-04-01,ETAWAH,01-04-2023 09:40,26.74972222,78.98333333,26.0,0.1724869791666666,2.326412,0.0230681587551795,0.0312193413553465,0.0177490005037864,0.0140489582956909,0.0141732264757166,0.01018810508338,0.3807436257122538,0.3808706160404022,2,1,True,OK
68,Etawah_68_20230411T051649_20230411T052709_T44RKQ.tif,20230411T051649_20230411T052709_T44RKQ,2023-04-11,ETAWAH,11-04-2023 09:30,26.74972222,78.98333333,39.0,0.1655656481481481,0.155653,0.0193252816601228,0.0285297579439839,0.0199639218243736,0.0212487754113615,0.0218242395371366,0.0183909347908558,0.1467722567980312,0.1357092030953641,2,1,True,OK
69,Etawah_69_20230421T051649_20230421T052441_T44RKQ.tif,20230421T051649_20230421T052441_T44RKQ,2023-04-21,ETAWAH,21-04-2023 09:10,26.74972222,78.98333333,9.0,0.1516705439814814,5.913876,0.0489321086830501,0.072850760016884,0.0612619793622519,0.0783433994699924,0.088390554403173,0.0709764349886828,-0.0364287452764262,-0.0989086244709134,2,1,True,OK
70,Etawah_70_20230501T051649_20230501T052839_T44RKQ.tif,20230501T051649_20230501T052839_T44RKQ,2023-05-01,ETAWAH,01-05-2023 20:50,26.74972222,78.98333333,20.0,0.6377793518518519,77.331245,0.0152878940669341,0.0339740430441976,0.0139507882183049,0.0128341640298163,0.0232079532245218,0.025277421370029,0.7417511899222995,0.1485195757476675,2,1,True,OK
71,Etawah_71_20230511T051649_20230511T052839_T44RKQ.tif,20230511T051649_20230511T052839_T44RKQ,2023-05-11,ETAWAH,11-05-2023 09:40,26.74972222,78.98333333,32.0,0.1724994791666666,0.000113,0.0340045044552073,0.048111739702657,0.0327909627715901,0.0489725226831102,0.0380518446883044,0.0315988878711642,-0.0083652853555487,0.1170430371214254,2,1,True,OK
72,Etawah_72_20230521T051659_20230521T052824_T44RKQ.tif,20230521T051659_20230521T052824_T44RKQ,2023-05-21,ETAWAH,22-05-2023 21:23,26.74972222,78.98333333,29.0,1.6606643055555557,0.086808,0.0817617965633519,0.1009464537387143,0.0906149209749691,0.1185268292000081,0.1074916530989933,0.0880432711182128,-0.0814764507042521,-0.0356830122142816,2,1,True,OK
73,Etawah_73_20230531T051659_20230531T052823_T44RKQ.tif,20230531T051659_20230531T052823_T44RKQ,2023-05-31,ETAWAH,01-06-2023 09:10,26.74972222,78.98333333,51.0,1.1516481712962965,0.032166,0.0300862330081767,0.0574010838460814,0.0429855292683429,0.0618337838100856,0.0544947345299554,0.0407037452431731,-0.0332839216451346,0.0177913146608835,2,1,True,OK
74,Etawah_74_20230610T051659_20230610T052824_T44RKQ.tif,20230610T051659_20230610T052824_T44RKQ,2023-06-10,ETAWAH,12-06-2023 09:10,26.74972222,78.98333333,37.0,2.151635844907408,0.036105,0.0580111625667258,0.0739378105809174,0.0677667656233786,0.0940003376957532,0.0865676234096607,0.0680325591468948,-0.119442899775406,-0.0788340685933173,2,1,True,OK
75,Etawah_75_20230720T051659_20230720T052825_T44RKQ.tif,20230720T051659_20230720T052825_T44RKQ,2023-07-20,ETAWAH,21-07-2023 11:55,26.74972222,78.98333333,148.0,1.2662096296296297,47.023168,0.157427759808572,0.1877766905461547,0.2101825457779472,0.1544359797603442,0.0612379511915826,0.0541345572391701,0.0970125418751047,0.5092297104304774,2,1,True,OK
76,Etawah_76_20230819T051659_20230819T052701_T44RKQ.tif,20230819T051659_20230819T052701_T44RKQ,,,,,,,,,,,,,,,,,2,0,True,NO_CWC_METADATA
77,Etawah_77_20230903T051701_20230903T053110_T44RKQ.tif,20230903T051701_20230903T053110_T44RKQ,2023-09-03,ETAWAH,01-09-2023 09:00,26.74972222,78.98333333,230.0,1.8553121527777776,1.039313,0.0873741691141297,0.1248630909343577,0.1443896970736819,0.1015588125299981,0.0446489026569677,0.0324665118309853,0.1030441868613969,0.4734253233072122,2,1,True,OK
78,Etawah_78_20230923T051651_20230923T052212_T44RKQ.tif,20230923T051651_20230923T052212_T44RKQ,2023-09-23,ETAWAH,21-09-2023 09:10,26.74972222,78.98333333,55.0,1.8483274305555557,65.008098,1.6550207292946344,1.4709159864934984,1.2881451635076122,1.1328120496593883,0.0821420895638414,0.1241690158992921,0.1298735793428244,0.894230715192116,3,2,True,DUPLICATE_SENTINEL_ID_REVIEW
79,Etawah_79_20230923T051651_20230923T052212_T44RKQ.tif,20230923T051651_20230923T052212_T44RKQ,2023-09-23,ETAWAH,21-09-2023 09:10,26.74972222,78.98333333,55.0,1.8483274305555557,65.008098,1.6550207292946344,1.4709159864934984,1.2881451635076122,1.1328120496593883,0.0821420895638414,0.1241690158992921,0.1298735793428244,0.894230715192116,3,2,True,DUPLICATE_SENTINEL_ID_REVIEW
80,Etawah_80_20231003T051651_20231003T052230_T44RKQ.tif,20231003T051651_20231003T052230_T44RKQ,2023-10-03,ETAWAH,03-10-2023 09:10,26.74972222,78.98333333,26.0,0.1516736111111111,15.05851,0.0327157097751157,0.0534295465583233,0.0394825732633303,0.0546464243707633,0.0303888232040802,0.0217613036616344,-0.0111578348429034,0.2752602171815663,2,1,True,OK
81,Etawah_81_20231013T051741_20231013T052432_T44RKQ.tif,20231013T051741_20231013T052432_T44RKQ,2023-10-13,ETAWAH,11-10-2023 09:20,26.74972222,78.98333333,60.0,1.841336712962963,5e-05,0.028983431910731,0.0499514922340241,0.0393605433894229,0.0551607123322298,0.035081306603519,0.0248376411681592,-0.0496810865981781,0.1746601908664882,2,1,True,OK
82,Etawah_82_20231023T051851_20231023T052716_T44RKQ.tif,20231023T051851_20231023T052716_T44RKQ,2023-10-23,ETAWAH,23-10-2023 09:10,26.74972222,78.98333333,26.0,0.1516933101851852,0.000272,0.0471960306188578,0.0681336712876653,0.0543882882317972,0.0503499017229203,0.0277719315501173,0.0202050112727463,0.15007129795262,0.4210346421679934,2,1,True,OK
83,Etawah_83_20231102T051951_20231102T052415_T44RKQ.tif,20231102T051951_20231102T052415_T44RKQ,2023-11-02,ETAWAH,01-11-2023 09:15,26.74972222,78.98333333,16.0,0.8448188194444445,0.053905,0.0533931584156177,0.0743785333496661,0.0581949886657205,0.0556604309135477,0.0247186516515956,0.0161736205861031,0.144272483370334,0.5015511757627062,2,1,True,OK
84,Etawah_84_20231107T052019_20231107T052323_T44RKQ.tif,20231107T052019_20231107T052323_T44RKQ,2023-11-07,ETAWAH,07-11-2023 08:50,26.74972222,78.98333333,37.0,0.1377753125,0.001994,0.0512862474367081,0.0746126555929984,0.0653824608275868,0.0576697353515899,0.0447484522136054,0.0290613594495896,0.1284867618636748,0.2503197214142461,2,1,True,OK
85,Etawah_85_20231112T052041_20231112T052318_T44RKQ.tif,20231112T052041_20231112T052318_T44RKQ,2023-11-12,ETAWAH,13-11-2023 09:10,26.74972222,78.98333333,27.0,1.151701111111111,0.000153,0.0451387809584261,0.0653941306214242,0.0505513372350702,0.0544066300431081,0.0224081081184055,0.0148839387752436,0.0915319941969911,0.4897618738070198,2,1,True,OK
86,Etawah_86_20231122T052121_20231122T052116_T44RKQ.tif,20231122T052121_20231122T052116_T44RKQ,2023-11-22,ETAWAH,21-11-2023 09:10,26.74972222,78.98333333,46.0,0.8482610532407407,0.018643,0.0509134856213161,0.0761621340874347,0.0582748030654263,0.047605179967086,0.0210268719783598,0.0149848676119618,0.2309857278281973,0.5675705645132709,3,2,True,DUPLICATE_SENTINEL_ID_REVIEW
87,Etawah_87_20231122T052121_20231122T052116_T44RKQ.tif,20231122T052121_20231122T052116_T44RKQ,2023-11-22,ETAWAH,21-11-2023 09:10,26.74972222,78.98333333,46.0,0.8482610532407407,0.018643,0.0509134856213161,0.0761621340874347,0.0582748030654263,0.047605179967086,0.0210268719783598,0.0149848676119618,0.2309857278281973,0.5675705645132709,3,2,True,DUPLICATE_SENTINEL_ID_REVIEW
88,Etawah_88_20231202T052151_20231202T052152_T44RKQ.tif,20231202T052151_20231202T052152_T44RKQ,2023-12-02,ETAWAH,01-12-2023 09:20,26.74972222,78.98333333,19.0,0.841269050925926,10.253151,0.0481052369446712,0.0750880349712731,0.0579051097633678,0.0813117547019443,0.0331696226662192,0.0173648791146456,-0.0403126701914827,0.3864079713276042,2,1,True,OK
89,Etawah_89_20231212T052221_20231212T052217_T44RKQ.tif,20231212T052221_20231212T052217_T44RKQ,2023-12-12,ETAWAH,11-12-2023 08:30,26.74972222,78.98333333,18.0,0.8760295601851852,0.000438,0.0425534488733958,0.0616704956124964,0.0445961715026364,0.0567001403070281,0.0244121623625622,0.015759501731687,0.0419573192691812,0.4327910823143415,3,1,True,OK
90,Etawah_90_20240111T052201_20240111T052201_T44RKQ.tif,20240111T052201_20240111T052201_T44RKQ,2024-01-11,ETAWAH,11-01-2024 21:20,26.74972222,78.98333333,9.0,0.6586985763888888,12.813301,0.7249190463256595,0.7147856675977777,0.7171405718938724,0.7472301401399277,0.6584495885113071,0.5645136528539364,-0.0223498065412665,0.0405711872395136,2,1,True,OK
91,Etawah_91_20240210T051951_20240210T052850_T44RKQ.tif,20240210T051951_20240210T052850_T44RKQ,2024-02-10,ETAWAH,12-02-2024 09:00,26.74972222,78.98333333,22.0,2.144790891203704,3.6e-05,0.0369169343984476,0.0495679900747606,0.0411553911823854,0.0360700171278277,0.0133308839713126,0.0101293638295615,0.1592411400848866,0.5748141831760337,2,1,True,OK
92,Etawah_92_20240220T051841_20240220T052240_T44RKQ.tif,20240220T051841_20240220T052240_T44RKQ,2024-02-20,ETAWAH,21-02-2024 09:10,26.74972222,78.98333333,19.0,1.151717476851852,0.070677,0.0304484797572415,0.0545314756701364,0.050021297862619,0.0704288009720904,0.059893496566859,0.0461331082550968,-0.1195547089656093,-0.0544866177718726,2,1,True,OK
93,Etawah_93_20240321T051651_20240321T053116_T44RKQ.tif,20240321T051651_20240321T053116_T44RKQ,2024-03-21,ETAWAH,21-03-2024 09:30,26.74972222,78.98333333,9.0,0.1655700347222222,5.146705,0.030692567449191,0.0535054476868764,0.0397926801836604,0.0310866694697095,0.0193094032429062,0.0166075874386388,0.2650227060747073,0.4700040107316061,2,1,True,OK
94,Etawah_94_20240331T051651_20240331T052929_T44RKQ.tif,20240331T051651_20240331T052929_T44RKQ,2024-03-31,ETAWAH,01-04-2024 08:35,26.74972222,78.98333333,14.0,1.1273982291666669,0.000113,0.0344945246834614,0.0521484657394204,0.0376401747323085,0.0578068693394999,0.032799943700288,0.0226317144275395,-0.0502270502841932,0.2274336934714737,2,1,True,OK
95,Etawah_95_20240410T051651_20240410T053057_T44RKQ.tif,20240410T051651_20240410T053057_T44RKQ,2024-04-10,ETAWAH,12-04-2024 12:23,26.74972222,78.98333333,25.0,2.2857184722222224,33.427975,0.026846945240437,0.0474241131833788,0.0351138514362229,0.0418207347075777,0.0392775477661629,0.0300610498218432,0.08866080111126,0.1001389885672865,1,1,False,OK
96,Etawah_96_20240420T051651_20240420T052641_T44RKQ.tif,20240420T051651_20240420T052641_T44RKQ,2024-04-20,ETAWAH,22-04-2024 09:30,26.74972222,78.98333333,27.0,2.165543726851852,15.7132,0.0770367958115179,0.0992666947328158,0.0965757325610464,0.1411585025898357,0.1346287300646607,0.1052114580252401,-0.1786983782480059,-0.1491926128741119,2,1,True,OK
97,Etawah_97_20240430T051651_20240430T053056_T44RKQ.tif,20240430T051651_20240430T053056_T44RKQ,2024-04-30,ETAWAH,01-05-2024 08:40,26.74972222,78.98333333,29.0,1.1308285300925929,0.000182,0.1021113589952431,0.1243142729985888,0.1296464657822103,0.1501049684687845,0.16916652759621,0.1475685812209875,-0.0987238150387834,-0.1494113506407368,2,1,True,OK
98,Etawah_98_20240510T051651_20240510T052922_T44RKQ.tif,20240510T051651_20240510T052922_T44RKQ,2024-05-10,ETAWAH,11-05-2024 20:36,26.74972222,78.98333333,25.0,1.6280491782407407,2e-05,0.0839878238741778,0.112068764247663,0.1245180030787565,0.1057045890350285,0.163751972181647,0.1429415683603954,0.0637541799665127,-0.1703502884944543,2,1,True,OK
99,Etawah_99_20240530T051651_20240530T053020_T44RKQ.tif,20240530T051651_20240530T053020_T44RKQ,2024-05-30,ETAWAH,01-06-2024 08:40,26.74972222,78.98333333,19.4,2.130830243055556,43.092409,0.1305321647485651,0.1654576018079276,0.1714708341845639,0.1999882339071986,0.2210411760989611,0.183143500366609,-0.0931058273622388,-0.1406501658860728,2,1,True,OK
100,Etawah_100_20240609T051701_20240609T052940_T44RKQ.tif,20240609T051701_20240609T052940_T44RKQ,2024-06-09,ETAWAH,11-06-2024 08:40,26.74972222,78.98333333,14.0,2.1307916319444447,0.097269,0.0828280689305969,0.1109045886142003,0.114834755862568,0.1307473118293208,0.1621292656033744,0.133308403718344,-0.0775848913967042,-0.1893583247301731,2,1,True,OK
101,Etawah_101_20240619T051701_20240619T052437_T44RKQ.tif,20240619T051701_20240619T052437_T44RKQ,2024-06-19,ETAWAH,21-06-2024 08:40,26.74972222,78.98333333,16.3,2.1307983449074075,7.99494,0.128843806842384,0.1608326860906992,0.1635214532043802,0.1845407664129796,0.2116275901092334,0.1748681995023445,-0.0650526180218114,-0.1322509513010044,2,1,True,OK
102,Etawah_102_20240709T051651_20240709T053028_T44RKQ.tif,20240709T051651_20240709T053028_T44RKQ,2024-07-09,ETAWAH,11-07-2024 08:40,26.74972222,78.98333333,109.0,2.1308225810185184,56.074959,0.085339287961917,0.1108871054004978,0.0826253945591045,0.0908847274038487,0.0332929195431354,0.022481461462506,0.0992179122587733,0.5381781060693299,2,1,True,OK
103,Etawah_103_20240823T051649_20240823T052843_T44RKQ.tif,20240823T051649_20240823T052843_T44RKQ,2024-08-23,ETAWAH,21-08-2024 08:45,26.74972222,78.98333333,18.4,1.865660671296296,52.504051,0.1481705805379058,0.1598849667399819,0.1456949891929456,0.1281788010760588,0.0495910623382466,0.0343246477297381,0.1103746951557695,0.5269710348314934,2,1,True,OK
104,Etawah_104_20240922T051649_20240922T052326_T44RKQ.tif,20240922T051649_20240922T052326_T44RKQ,2024-09-22,ETAWAH,21-09-2024 08:30,26.74972222,78.98333333,128.4,0.8760474537037037,40.162694,0.0960940038250457,0.1204854729134371,0.1335101362489801,0.0688761826143138,0.0088931729939455,0.0076727760154156,0.2728148033330636,0.8626638212417431,1,1,False,OK
105,Etawah_105_20210101T052219_20210101T052222_T44RKQ.tif,20210101T052219_20210101T052222_T44RKQ,2021-01-01,ETAWAH,01-01-2021 08:00,26.74972222,78.98333333,1.0,0.103102037037037,0.001948,0.1002675814413558,0.0995498036898605,0.0813770271346879,0.0995831789673297,0.0400851629155285,0.023399915513142,-0.0001756049368850654,0.4264642591378442,2,1,True,OK
106,Etawah_106_20210131T052039_20210131T052539_T44RKQ.tif,20210131T052039_20210131T052539_T44RKQ,2021-01-31,ETAWAH,01-02-2021 08:15,26.74972222,78.98333333,9.0,1.113502974537037,0.001931,0.0182047155318647,0.0230014075929936,0.0151139075666202,0.0226987754340862,0.0142322918396235,0.0106446791142917,0.0062981905551472,0.2454706472239818,2,1,True,OK
107,Etawah_107_20210302T051729_20210302T052733_T44RKQ.tif,20210302T051729_20210302T052733_T44RKQ,2021-03-02,ETAWAH,01-03-2021 08:10,26.74972222,78.98333333,10.0,0.8899603703703703,0.00653,0.0249581926031382,0.0353287162331587,0.0212601915553531,0.0339667652033558,0.0216777030709472,0.0175754223147361,0.0199532581170166,0.246392207793883,2,1,True,OK
108,Etawah_108_20210322T051649_20210322T052843_T44RKQ.tif,20210322T051649_20210322T052843_T44RKQ,2021-03-22,ETAWAH,22-03-2021 08:30,26.74972222,78.98333333,8.0,0.1239266203703703,9.910906,0.0666223673521214,0.0755822639031386,0.064375197704722,0.0918483244420893,0.0660862340570872,0.0495098680672068,-0.09711592260702,0.0677355557270054,2,1,True,OK
109,Etawah_109_20210406T051651_20210406T052529_T44RKQ.tif,20210406T051651_20210406T052529_T44RKQ,2021-04-06,ETAWAH,05-04-2021 08:00,26.74972222,78.98333333,2.0,0.8968722685185185,2.423715,0.0401551245936184,0.0738486342975316,0.0749406530154734,0.1183406808256247,0.1305999290932238,0.1004455117666087,-0.2315825475149091,-0.2776991854304331,2,1,True,OK
110,Etawah_110_20210411T051649_20210411T052917_T44RKQ.tif,20210411T051649_20210411T052917_T44RKQ,2021-04-11,ETAWAH,12-04-2021 08:05,26.74972222,78.98333333,17.0,1.1065938310185186,0.827834,0.0349425958948805,0.0492270552623505,0.0404779280788634,0.0678820094504804,0.0569473818817117,0.0458099519139625,-0.1592963270901761,-0.0718342508055659,2,1,True,OK
111,Etawah_111_20210421T051649_20210421T053100_T44RKQ.tif,20210421T051649_20210421T053100_T44RKQ,2021-04-21,ETAWAH,21-04-2021 08:10,26.74972222,78.98333333,21.0,0.1100911111111111,56.752861,0.616246002902453,0.5758819288473476,0.5370391913404403,0.5899291142133308,0.4583056151304764,0.4200075474559323,-0.0130136352820766,0.1119706932641985,2,1,True,OK
112,Etawah_112_20210521T051649_20210521T053105_T44RKQ.tif,20210521T051649_20210521T053105_T44RKQ,2021-05-21,ETAWAH,21-05-2021 08:00,26.74972222,78.98333333,14.0,0.1030838310185185,62.963474,0.4625312510567407,0.413742229636121,0.3552724131559198,0.3317995203851915,0.2146325630979059,0.1521873606215776,0.1135651440687922,0.329552407770812,2,1,True,OK
113,Etawah_113_20210531T051649_20210531T052809_T44RKQ.tif,20210531T051649_20210531T052809_T44RKQ,2021-05-31,ETAWAH,01-06-2021 08:00,26.74972222,78.98333333,17.0,1.1030734259259258,2.697526,0.0513129786945888,0.0705720589764684,0.0609986906460075,0.0848586287355755,0.0806510277587484,0.0655304475840567,-0.0934871165926131,-0.0688007761837562,2,1,True,OK
114,Etawah_114_20210610T051649_20210610T053106_T44RKQ.tif,20210610T051649_20210610T053106_T44RKQ,2021-06-10,ETAWAH,11-06-2021 08:00,26.74972222,78.98333333,19.0,1.1030702546296296,32.074681,0.8012977494262497,0.7468568719000563,0.7083793379584548,0.7222186922607524,0.5834345477255616,0.5750650534456647,0.0167652148749996,0.1228350781382539,2,1,True,OK
115,Etawah_115_20210620T051649_20210620T053110_T44RKQ.tif,20210620T051649_20210620T053110_T44RKQ,2021-06-20,ETAWAH,21-06-2021 07:50,26.74972222,78.98333333,28.0,1.0961295601851853,28.629676,0.3662996056892381,0.3539987019649162,0.3355478895576418,0.3762721519262806,0.3863888795084848,0.3765853028282993,-0.0304769069482866,-0.0437989768244143,2,1,True,OK
116,Etawah_116_20210630T051649_20210630T051915_T44RKQ.tif,20210630T051649_20210630T051915_T44RKQ,2021-06-30,ETAWAH,01-07-2021 08:00,26.74972222,78.98333333,30.0,1.1030700925925927,68.552062,0.2201563063023092,0.2287543066798265,0.2150443412556505,0.2770006217582672,0.2159185553858946,0.2021453828584437,-0.0953916754932268,0.028861681600353,2,1,True,OK
117,Etawah_117_20210710T051649_20210710T053111_T44RKQ.tif,20210710T051649_20210710T053111_T44RKQ,2021-07-10,ETAWAH,12-07-2021 07:40,26.74972222,78.98333333,41.0,2.089172349537037,67.810458,0.0813602342717098,0.0776647525411602,0.0255042792217667,0.061943834697878,0.0549574467853794,0.0661453278473083,0.1463727723680717,0.1717411475292793,2,1,True,OK
118,Etawah_118_20210725T051651_20210725T052751_T44RKQ.tif,20210725T051651_20210725T052751_T44RKQ,,,,,,,,,,,,,,,,,2,0,True,NO_CWC_METADATA
119,Etawah_119_20210814T051651_20210814T053104_T44RKQ.tif,20210814T051651_20210814T053104_T44RKQ,,,,,,,,,,,,,,,,,2,0,True,NO_CWC_METADATA
120,Etawah_120_20210824T051651_20210824T052626_T44RKQ.tif,20210824T051651_20210824T052626_T44RKQ,2021-08-24,ETAWAH,23-08-2021 09:20,26.74972222,78.98333333,15.0,0.8413855555555556,46.873043,0.1527165820096359,0.157842088262089,0.125277702600133,0.1546369098328255,0.0793349378939449,0.0534676803996459,0.0102046248959087,0.3309505533611587,2,1,True,OK
121,Etawah_121_20210903T051651_20210903T052534_T44RKQ.tif,20210903T051651_20210903T052534_T44RKQ,2021-09-03,ETAWAH,01-09-2021 08:30,26.74972222,78.98333333,33.0,1.8760952546296297,59.455585,0.2745007864275092,0.2509446251290003,0.2170016031275999,0.2683605020026769,0.1565585585839644,0.1358724655709355,-0.0335537202853965,0.2315887134975276,2,1,True,OK
122,Etawah_122_20210913T051651_20210913T053059_T44RKQ.tif,20210913T051651_20210913T053059_T44RKQ,2021-09-13,ETAWAH,13-09-2021 08:00,26.74972222,78.98333333,35.0,0.1030720138888888,29.700629,0.6689439188554749,0.6639480279540424,0.6435077746927338,0.6700916550885719,0.6588673625091042,0.5827718107365407,-0.0050659787490354,0.0032516683078594,2,1,True,OK
123,Etawah_123_20210923T051651_20210923T053101_T44RKQ.tif,20210923T051651_20210923T053101_T44RKQ,2021-09-23,ETAWAH,21-09-2021 08:30,26.74972222,78.98333333,26.0,1.876120601851852,37.094069,0.1179673991686253,0.1410339520782702,0.1350458606213398,0.121847198158083,0.0419424126057902,0.0286345580246127,0.0730504989629267,0.5417419901738565,2,1,True,OK
124,Etawah_124_20211003T051701_20211003T052600_T44RKQ.tif,20211003T051701_20211003T052600_T44RKQ,2021-10-03,ETAWAH,01-10-2021 08:30,26.74972222,78.98333333,94.0,1.876138136574074,0.05719,0.0776076016953919,0.1052789132609997,0.1101964246156533,0.0797073053592514,0.0215039414011239,0.0149214384670428,0.1383185514242615,0.6608290720378628,2,1,True,OK
125,Etawah_125_20211013T051751_20211013T052103_T44RKQ.tif,20211013T051751_20211013T052103_T44RKQ,2021-10-13,ETAWAH,11-10-2021 08:20,26.74972222,78.98333333,104.0,1.8830908564814812,0.000219,0.0581332065415702,0.085820707096089,0.0854408361756049,0.0592247608111466,0.0274836712316001,0.020411430273377,0.1835234407314544,0.5149063993799123,2,1,True,OK
126,Etawah_126_20211023T051901_20211023T052038_T44RKQ.tif,20211023T051901_20211023T052038_T44RKQ,2021-10-23,ETAWAH,21-10-2021 08:20,26.74972222,78.98333333,34.0,1.883089375,0.002223,0.0410995639164235,0.067272987310053,0.0611605292153628,0.0411115992077005,0.0239152029085367,0.0181845443832964,0.241700325243024,0.4758607455747421,2,1,True,OK
127,Etawah_127_20211102T052001_20211102T052127_T44RKQ.tif,20211102T052001_20211102T052127_T44RKQ,2021-11-02,ETAWAH,01-11-2021 08:25,26.74972222,78.98333333,21.0,0.8796049768518519,0.000979,0.0630878801284534,0.0828336853773106,0.0740672719050282,0.0612292087475374,0.028531728461563,0.0205635700827393,0.149937092299313,0.4875924516309826,2,1,True,OK
128,Etawah_128_20211112T052051_20211112T052922_T44RKQ.tif,20211112T052051_20211112T052922_T44RKQ,2021-11-12,ETAWAH,11-11-2021 08:30,26.74972222,78.98333333,1.0,0.8761067824074074,23.322425,0.1535981686089423,0.1592855019041815,0.1365079954350451,0.1805198769869601,0.0884747742129875,0.0625236204322973,-0.0624362017853428,0.2858248747138491,2,1,True,OK
129,Etawah_129_20211122T052121_20211122T052810_T44RKQ.tif,20211122T052121_20211122T052810_T44RKQ,2021-11-22,ETAWAH,22-11-2021 07:40,26.74972222,78.98333333,28.0,0.0891928356481481,5.6e-05,0.0442184969113703,0.0611591496754454,0.0493189755167501,0.0504623454180546,0.0210280264363317,0.0153500846223192,0.0955834033750081,0.4879308287683573,2,1,True,OK
130,Etawah_130_20211212T052221_20211212T052221_T44RKQ.tif,20211212T052221_20211212T052221_T44RKQ,2021-12-12,ETAWAH,13-12-2021 09:20,26.74972222,78.98333333,25.0,1.1586477314814816,5.675194,0.0572261122550379,0.0768464530644065,0.0565336710314039,0.077384530231021,0.0259763088834006,0.0177379223593586,-0.0035135583477624,0.4950677660243536,2,1,True,OK
131,Etawah_131_20211222T052231_20211222T052230_T44RKQ.tif,20211222T052231_20211222T052230_T44RKQ,2021-12-22,ETAWAH,21-12-2021 08:20,26.74972222,78.98333333,13.0,0.8830361921296296,0.000388,0.023675999392835,0.0427331788085719,0.029523451486917,0.0279941161119626,0.019666075536054,0.0144229027489042,0.2081796843915137,0.3707362071690695,2,1,True,OK
132,Etawah_132_20220101T052231_20220101T053051_T44RKQ.tif,20220101T052231_20220101T053051_T44RKQ,2022-01-01,ETAWAH,01-01-2022 08:30,26.74972222,78.98333333,9.0,0.1238964467592592,19.767311,0.081851196504693,0.086055855437702,0.0653346857189217,0.0772009992642697,0.0319726770281737,0.0207320101811395,0.054252285776169,0.4583149314438505,2,1,True,OK
133,Etawah_133_20220111T052201_20220111T052204_T44RKQ.tif,20220111T052201_20220111T052204_T44RKQ,2022-01-11,ETAWAH,11-01-2022 08:30,26.74972222,78.98333333,16.0,0.1239020949074074,1.575346,0.0736927226613703,0.0794295040882184,0.0667455240251362,0.086717652407609,0.0303933979166768,0.0151396397175319,-0.0438650798745797,0.4466993756642616,2,1,True,OK
134,Etawah_134_20220131T052041_20220131T052041_T44RKQ.tif,20220131T052041_20220131T052041_T44RKQ,2022-01-31,ETAWAH,01-02-2022 08:40,26.74972222,78.98333333,12.0,1.1308596875,2.186081,0.0861346983636083,0.0883339667988538,0.0769932009720218,0.0599754646411039,0.0255398087385467,0.017292567547138,0.1912664444152232,0.5513887338315113,2,1,True,OK
135,Etawah_135_20220210T051941_20220210T052038_T44RKQ.tif,20220210T051941_20220210T052038_T44RKQ,2022-02-10,ETAWAH,11-02-2022 08:50,26.74972222,78.98333333,15.0,1.1378169444444444,56.870997,0.0122155124319744,0.0280704813831599,0.0264210163055592,0.0194212132868218,0.0161018862359137,0.0131891892508704,0.1814835026885408,0.2704256610118423,2,1,True,OK
136,Etawah_136_20220220T051841_20220220T051840_T44RKQ.tif,20220220T051841_20220220T051840_T44RKQ,2022-02-20,ETAWAH,21-02-2022 09:10,26.74972222,78.98333333,17.0,1.1516741319444443,0.000159,0.013114710019517,0.0305662162406349,0.0238095862730112,0.0261305320613623,0.0169824183824669,0.0136671593268024,0.0783198077951637,0.2870411047091087,2,1,True,OK
137,Etawah_137_20220302T051731_20220302T052536_T44RKQ.tif,20220302T051731_20220302T052536_T44RKQ,2022-03-02,ETAWAH,02-03-2022 09:00,26.74972222,78.98333333,19.0,0.1447088657407407,0.000169,0.0226100225241221,0.0355799271418872,0.0266482122370927,0.0455174128958108,0.0268907659775724,0.0198390061614682,-0.1224978858036585,0.1404785680815867,2,1,True,OK
138,Etawah_138_20220312T051651_20220312T052910_T44RKQ.tif,20220312T051651_20220312T052910_T44RKQ,2022-03-12,ETAWAH,11-03-2022 08:45,26.74972222,78.98333333,3.0,0.865714537037037,8e-05,0.0088536739011131,0.0224632319738891,0.0154391751780126,0.0237157095164933,0.0227061794010968,0.0177841355403002,-0.026763642220029,-0.0029792052705201,2,1,True,OK
139,Etawah_139_20220322T051651_20220322T052554_T44RKQ.tif,20220322T051651_20220322T052554_T44RKQ,2022-03-22,ETAWAH,21-03-2022 08:20,26.74972222,78.98333333,10.0,0.883065150462963,0.025302,0.0136535473854589,0.0275145412736303,0.0236385275301972,0.0359649495840458,0.0327708187747981,0.0238450029041609,-0.1331736110942648,-0.0871582956384733,2,1,True,OK
140,Etawah_140_20220401T051651_20220401T052734_T44RKQ.tif,20220401T051651_20220401T052734_T44RKQ,2022-04-01,ETAWAH,01-04-2022 08:05,26.74972222,78.98333333,9.0,0.1065302083333333,0.000189,0.0,0.0,0.0,0.0,0.0357763226047527,0.0314072495303326,0.0,-1.0,2,1,True,OK
141,Etawah_141_20220411T051651_20220411T052901_T44RKQ.tif,20220411T051651_20220411T052901_T44RKQ,2022-04-11,ETAWAH,11-04-2022 08:10,26.74972222,78.98333333,7.0,0.1100047106481481,0.045846,0.0215292653296486,0.0362630634341045,0.0344095863281279,0.0472920326026248,0.0555702001758356,0.0437557850759854,-0.1320257542931752,-0.2102421145206569,2,1,True,OK
142,Etawah_142_20220421T051701_20220421T052440_T44RKQ.tif,20220421T051701_20220421T052440_T44RKQ,2022-04-21,ETAWAH,21-04-2022 07:50,26.74972222,78.98333333,8.0,0.0960862962962963,24.838729,0.0,0.0006726632887376083,0.0190150055621104,0.0196728743608833,0.092605996134414,0.072293077019748,-0.9434620732324078,-0.9860476265485224,2,1,True,OK
143,Etawah_143_20220501T051701_20220501T052759_T44RKQ.tif,20220501T051701_20220501T052759_T44RKQ,2022-05-01,ETAWAH,02-05-2022 08:20,26.74972222,78.98333333,1.0,1.116912476851852,25.296843,0.0992459745449433,0.111145382929543,0.0917409347477243,0.1618301800372465,0.173346045758441,0.190966046992102,-0.1844669036663699,-0.1977410480716457,2,1,True,OK
144,Etawah_144_20220511T051651_20220511T053033_T44RKQ.tif,20220511T051651_20220511T053033_T44RKQ,2022-05-11,ETAWAH,11-05-2022 08:00,26.74972222,78.98333333,14.0,0.1030405555555555,0.002326,0.0184441442630519,0.0478365851947953,0.0541924126975884,0.0557485364182424,0.0935040812263987,0.0737049128264524,-0.0767223592537538,-0.3263693758169073,2,1,True,OK
145,Etawah_145_20220521T051701_20220521T052917_T44RKQ.tif,20220521T051701_20220521T052917_T44RKQ,2022-05-21,ETAWAH,21-05-2022 08:30,26.74972222,78.98333333,41.0,0.1238417129629629,38.496208,0.0674744792977927,0.1016583755551543,0.0984499437612825,0.1432972417930393,0.1390292506459429,0.1040807147573277,-0.1706379910717039,-0.156078397517663,2,1,True,OK
146,Etawah_146_20220531T051701_20220531T052755_T44RKQ.tif,20220531T051701_20220531T052755_T44RKQ,2022-05-31,ETAWAH,01-06-2022 08:35,26.74972222,78.98333333,42.0,1.127297951388889,0.02009,0.072310092254869,0.1057412020499222,0.1040644991077348,0.142742651057438,0.1442829369344992,0.1105042927707587,-0.1499778690259182,-0.155391840432007,2,1,True,OK
147,Etawah_147_20220610T051701_20220610T052518_T44RKQ.tif,20220610T051701_20220610T052518_T44RKQ,2022-06-10,ETAWAH,11-06-2022 08:30,26.74972222,78.98333333,28.0,1.1238095138888888,10.060531,0.0287669623529681,0.0723918637193672,0.0741062085291052,0.1104718469773411,0.1384863458942991,0.106716962968553,-0.2082754591299506,-0.3135252250945783,2,1,True,OK
148,Etawah_148_20220620T051701_20220620T052701_T44RKQ.tif,20220620T051701_20220620T052701_T44RKQ,2022-06-20,ETAWAH,21-06-2022 08:35,26.74972222,78.98333333,13.0,1.127251423611111,38.315928,0.1049929472622,0.1281734518140453,0.1058022380703724,0.1224398780656089,0.1045819546268027,0.0896476916444429,0.0230447219341635,0.101535087103076,2,1,True,OK
149,Etawah_149_20220705T051659_20220705T052853_T44RKQ.tif,20220705T051659_20220705T052853_T44RKQ,,,,,,,,,,,,,,,,,1,0,False,NO_CWC_METADATA
150,Etawah_150_20220710T051701_20220710T052850_T44RKQ.tif,20220710T051701_20220710T052850_T44RKQ,2022-07-10,ETAWAH,11-07-2022 08:50,26.74972222,78.98333333,61.0,1.1376551157407406,37.888461,0.0642189898083473,0.0787497325213038,0.0566617541098002,0.0695233246089202,0.0295666949112945,0.0226009994399679,0.0622230301782077,0.4543351477037209,2,1,True,OK
151,Etawah_151_20220809T051701_20220809T052911_T44RKQ.tif,20220809T051701_20220809T052911_T44RKQ,2022-08-09,ETAWAH,11-08-2022 08:00,26.74972222,78.98333333,42.0,2.1029467939814817,40.684968,0.099285615144008,0.1285889774601831,0.1353068405086896,0.1213141468711206,0.1393583350204485,0.1216865574378889,0.0866422219832374,-0.0202122231911178,2,1,True,OK
152,Etawah_152_20220824T051649_20220824T052826_T44RKQ.tif,20220824T051649_20220824T052826_T44RKQ,2022-08-24,ETAWAH,22-08-2022 08:20,26.74972222,78.98333333,89.0,1.883032476851852,54.355186,0.8246725287019939,0.7345501153587224,0.6683374445902202,0.6812419479561819,0.493267001546416,0.410875671572547,0.0371014909384308,0.1949967548423153,2,1,True,OK
153,Etawah_153_20220903T051649_20220903T052701_T44RKQ.tif,20220903T051649_20220903T052701_T44RKQ,2022-09-03,ETAWAH,01-09-2022 08:50,26.74972222,78.98333333,167.0,1.862210891203704,22.696407,0.0768572069255651,0.1061881621261253,0.1084617963060736,0.0457277589494379,0.0309748451945451,0.0222599799668747,0.3981752399866983,0.5485048386947932,2,1,True,OK
154,Etawah_154_20221003T051649_20221003T052253_T44RKQ.tif,20221003T051649_20221003T052253_T44RKQ,2022-10-03,ETAWAH,01-10-2022 08:30,26.74972222,78.98333333,344.0,1.876067164351852,13.458627,0.0999217062112498,0.1234432152485022,0.1330124991253723,0.1127082911689203,0.0351119937180113,0.0251436513751065,0.0456389926789802,0.5571063819450437,2,1,True,OK
155,Etawah_155_20221013T051749_20221013T052416_T44RKQ.tif,20221013T051749_20221013T052416_T44RKQ,2022-10-13,ETAWAH,11-10-2022 08:30,26.74972222,78.98333333,66.0,1.8760708101851853,23.551807,0.0956623457080625,0.1279940604859426,0.1475459168337889,0.1071760417539039,0.0192407233664673,0.014117440879885,0.0885759248258756,0.7383434579850316,2,1,True,OK
156,Etawah_156_20221023T051849_20221023T052729_T44RKQ.tif,20221023T051849_20221023T052729_T44RKQ,2022-10-23,ETAWAH,21-10-2022 08:20,26.74972222,78.98333333,123.0,1.8830214467592592,0.005756,0.0891487468873058,0.111054335490104,0.1216391324189382,0.0972985647669112,0.0288741413982656,0.0197458755445712,0.0661224735333628,0.5876816858344519,2,1,True,OK
157,Etawah_157_20221102T051949_20221102T052958_T44RKQ.tif,20221102T051949_20221102T052958_T44RKQ,2022-11-02,ETAWAH,01-11-2022 09:30,26.74972222,78.98333333,63.0,0.8343934143518519,0.001125,0.0771617114843868,0.0987169061177032,0.0995518295031444,0.078176224004343,0.0355845856410031,0.0260169904053458,0.1162105433282081,0.4703922556159465,2,1,True,OK
158,Etawah_158_20221112T052049_20221112T052220_T44RKQ.tif,20221112T052049_20221112T052220_T44RKQ,2022-11-12,ETAWAH,11-11-2022 08:40,26.74972222,78.98333333,45.0,0.8691331944444445,0.08923,0.1219234794025888,0.12818355845321,0.1081840514283006,0.0588331784447864,0.0169288708171849,0.0130732826596736,0.3710552787634771,0.7667230808570443,2,1,True,OK
159,Etawah_159_20221122T052119_20221122T052433_T44RKQ.tif,20221122T052119_20221122T052433_T44RKQ,2022-11-22,ETAWAH,21-11-2022 08:30,26.74972222,78.98333333,56.0,0.876079537037037,0.000312,0.0721120492697836,0.0888028295012191,0.0815634432758481,0.062674634243563,0.0162352476261665,0.011522240902015,0.1724567416749123,0.6912853243416763,2,1,True,OK
160,Etawah_160_20221202T052159_20221202T052600_T44RKQ.tif,20221202T052159_20221202T052600_T44RKQ,2022-12-02,ETAWAH,01-12-2022 08:45,26.74972222,78.98333333,58.0,0.865644988425926,0.003533,0.0771634154921599,0.0989807849521287,0.0842401330592111,0.0798442007560568,0.0287033079552824,0.0174315599446721,0.1069299561351218,0.5503641432444859,2,1,True,OK
161,Etawah_161_20221212T052219_20221212T052632_T44RKQ.tif,20221212T052219_20221212T052632_T44RKQ,2022-12-12,ETAWAH,12-12-2022 08:30,26.74972222,78.98333333,39.0,0.1239474537037037,0.000229,0.0443279423372325,0.0642459034150978,0.0415147662043218,0.0398732550391877,0.0129099521885084,0.0088975226286607,0.2341400933649122,0.665979730527479,2,1,True,OK
162,Etawah_162_20221222T052229_20221222T052753_T44RKQ.tif,20221222T052229_20221222T052753_T44RKQ,2022-12-22,ETAWAH,21-12-2022 08:40,26.74972222,78.98333333,38.0,0.8691298032407407,0.000833,0.0246234515682911,0.0448048423743924,0.0270910330013443,0.0252674832787503,0.0143569538969943,0.0116384992619026,0.2807060094961376,0.5143644985751259,2,1,True,OK
163,Etawah_163_20230101T052229_20230101T052722_T44RKQ.tif,20230101T052229_20230101T052722_T44RKQ,2023-01-01,ETAWAH,02-01-2023 09:00,26.74972222,78.98333333,13.0,1.144763761574074,36.256072,1.335389637514144,1.1799187902864572,1.0941913312653433,0.9805482059616496,0.7108802897520027,0.5780533787517532,0.0922844749288046,0.2480702926404774,2,1,True,OK
164,Etawah_164_20230111T052159_20230111T052604_T44RKQ.tif,20230111T052159_20230111T052604_T44RKQ,2023-01-11,ETAWAH,11-01-2023 09:00,26.74972222,78.98333333,7.0,0.1447965972222222,36.526528,0.8403443645199277,0.770153379160072,0.7264291116263013,0.6832671161522872,0.560398869694689,0.456939075079218,0.0598321104656091,0.1578300388043259,2,1,True,OK
165,Etawah_165_20230121T052129_20230121T052439_T44RKQ.tif,20230121T052129_20230121T052439_T44RKQ,2023-01-21,ETAWAH,21-01-2023 08:40,26.74972222,78.98333333,12.0,0.1308859722222222,0.001238,0.1054819676026634,0.1088775612281736,0.0889989022450807,0.1041137253905453,0.0378782236434703,0.0212151182994775,0.0222859433814486,0.4842235450003598,2,1,True,OK
166,Etawah_166_20230131T052039_20230131T052214_T44RKQ.tif,20230131T052039_20230131T052214_T44RKQ,2023-01-31,ETAWAH,01-02-2023 08:30,26.74972222,78.98333333,7.0,1.1239480671296296,49.962077,0.0705525760642706,0.0822191452198485,0.0712500283770422,0.096638696479007,0.0386008729716146,0.0240959881475564,-0.0746323611526456,0.375767350125521,2,1,True,OK
167,Etawah_167_20230210T051949_20230210T052635_T44RKQ.tif,20230210T051949_20230210T052635_T44RKQ,2023-02-10,ETAWAH,11-02-2023 08:40,26.74972222,78.98333333,23.0,1.130877592592593,0.000209,0.0204277448345663,0.0341749017568397,0.0272579674070453,0.0364105856336594,0.0293946650024998,0.0224276185570586,-0.0315376735014577,0.0755042839523453,2,1,True,OK
168,Etawah_168_20230220T051839_20230220T052919_T44RKQ.tif,20230220T051839_20230220T052919_T44RKQ,2023-02-20,ETAWAH,21-02-2023 08:40,26.74972222,78.98333333,15.0,1.130869340277778,0.209936,0.0160691301746877,0.0364730857645144,0.01840615150181,0.0291325590819191,0.0160463964948084,0.0134944538648768,0.1125609024977395,0.394784972822579,2,1,True,OK
169,Etawah_169_20230302T051729_20230302T052948_T44RKQ.tif,20230302T051729_20230302T052948_T44RKQ,2023-03-02,ETAWAH,01-03-2023 08:30,26.74972222,78.98333333,10.0,0.8760926620370371,0.204697,0.0232984655419247,0.0470663146986332,0.0312738034967018,0.0321984657339189,0.0304443695171325,0.0236367258434142,0.188694886645084,0.2155333005955342,2,1,True,OK
170,Etawah_170_20230312T051659_20230312T052443_T44RKQ.tif,20230312T051659_20230312T052443_T44RKQ,2023-03-12,ETAWAH,11-03-2023 08:30,26.74972222,78.98333333,14.0,0.8761338310185185,3e-05,0.0274335301682029,0.0378928212648224,0.0225396677592102,0.0287335446164188,0.0187776604076576,0.0135672016929035,0.1377345270703773,0.3402458389566558,2,1,True,OK
171,Etawah_171_20230322T051659_20230322T052301_T44RKQ.tif,20230322T051659_20230322T052301_T44RKQ,2023-03-22,ETAWAH,21-03-2023 09:20,26.74972222,78.98333333,8.0,0.841392199074074,0.165298,0.0289357260741641,0.0385225505771551,0.0224706925916368,0.0278372043009054,0.0165251126934497,0.012554743732032,0.1621208613946077,0.4033151325121573,2,1,True,OK
172,Etawah_172_20230401T051659_20230401T052512_T44RKQ.tif,20230401T051659_20230401T052512_T44RKQ,2023-04-01,ETAWAH,01-04-2023 09:40,26.74972222,78.98333333,26.0,0.1724869791666666,2.326412,0.0230681587551795,0.0312193413553465,0.0177490005037864,0.0140489582956909,0.0141732264757166,0.01018810508338,0.3807436257122538,0.3808706160404022,2,1,True,OK
173,Etawah_173_20230411T051649_20230411T052709_T44RKQ.tif,20230411T051649_20230411T052709_T44RKQ,2023-04-11,ETAWAH,11-04-2023 09:30,26.74972222,78.98333333,39.0,0.1655656481481481,0.155653,0.0193252816601228,0.0285297579439839,0.0199639218243736,0.0212487754113615,0.0218242395371366,0.0183909347908558,0.1467722567980312,0.1357092030953641,2,1,True,OK
174,Etawah_174_20230421T051649_20230421T052441_T44RKQ.tif,20230421T051649_20230421T052441_T44RKQ,2023-04-21,ETAWAH,21-04-2023 09:10,26.74972222,78.98333333,9.0,0.1516705439814814,5.913876,0.0489321086830501,0.072850760016884,0.0612619793622519,0.0783433994699924,0.088390554403173,0.0709764349886828,-0.0364287452764262,-0.0989086244709134,2,1,True,OK
175,Etawah_175_20230501T051649_20230501T052839_T44RKQ.tif,20230501T051649_20230501T052839_T44RKQ,2023-05-01,ETAWAH,01-05-2023 20:50,26.74972222,78.98333333,20.0,0.6377793518518519,77.331245,0.0152878940669341,0.0339740430441976,0.0139507882183049,0.0128341640298163,0.0232079532245218,0.025277421370029,0.7417511899222995,0.1485195757476675,2,1,True,OK
176,Etawah_176_20230511T051649_20230511T052839_T44RKQ.tif,20230511T051649_20230511T052839_T44RKQ,2023-05-11,ETAWAH,11-05-2023 09:40,26.74972222,78.98333333,32.0,0.1724994791666666,0.000113,0.0340045044552073,0.048111739702657,0.0327909627715901,0.0489725226831102,0.0380518446883044,0.0315988878711642,-0.0083652853555487,0.1170430371214254,2,1,True,OK
177,Etawah_177_20230521T051659_20230521T052824_T44RKQ.tif,20230521T051659_20230521T052824_T44RKQ,2023-05-21,ETAWAH,22-05-2023 21:23,26.74972222,78.98333333,29.0,1.6606643055555557,0.086808,0.0817617965633519,0.1009464537387143,0.0906149209749691,0.1185268292000081,0.1074916530989933,0.0880432711182128,-0.0814764507042521,-0.0356830122142816,2,1,True,OK
178,Etawah_178_20230531T051659_20230531T052823_T44RKQ.tif,20230531T051659_20230531T052823_T44RKQ,2023-05-31,ETAWAH,01-06-2023 09:10,26.74972222,78.98333333,51.0,1.1516481712962965,0.032166,0.0300862330081767,0.0574010838460814,0.0429855292683429,0.0618337838100856,0.0544947345299554,0.0407037452431731,-0.0332839216451346,0.0177913146608835,2,1,True,OK
179,Etawah_179_20230610T051659_20230610T052824_T44RKQ.tif,20230610T051659_20230610T052824_T44RKQ,2023-06-10,ETAWAH,12-06-2023 09:10,26.74972222,78.98333333,37.0,2.151635844907408,0.036105,0.0580111625667258,0.0739378105809174,0.0677667656233786,0.0940003376957532,0.0865676234096607,0.0680325591468948,-0.119442899775406,-0.0788340685933173,2,1,True,OK
180,Etawah_180_20230720T051659_20230720T052825_T44RKQ.tif,20230720T051659_20230720T052825_T44RKQ,2023-07-20,ETAWAH,21-07-2023 11:55,26.74972222,78.98333333,148.0,1.2662096296296297,47.023168,0.157427759808572,0.1877766905461547,0.2101825457779472,0.1544359797603442,0.0612379511915826,0.0541345572391701,0.0970125418751047,0.5092297104304774,2,1,True,OK
181,Etawah_181_20230819T051659_20230819T052701_T44RKQ.tif,20230819T051659_20230819T052701_T44RKQ,,,,,,,,,,,,,,,,,2,0,True,NO_CWC_METADATA
182,Etawah_182_20230903T051701_20230903T053110_T44RKQ.tif,20230903T051701_20230903T053110_T44RKQ,2023-09-03,ETAWAH,01-09-2023 09:00,26.74972222,78.98333333,230.0,1.8553121527777776,1.039313,0.0873741691141297,0.1248630909343577,0.1443896970736819,0.1015588125299981,0.0446489026569677,0.0324665118309853,0.1030441868613969,0.4734253233072122,2,1,True,OK
183,Etawah_183_20230923T051651_20230923T052212_T44RKQ.tif,20230923T051651_20230923T052212_T44RKQ,2023-09-23,ETAWAH,21-09-2023 09:10,26.74972222,78.98333333,55.0,1.8483274305555557,65.008098,1.6550207292946344,1.4709159864934984,1.2881451635076122,1.1328120496593883,0.0821420895638414,0.1241690158992921,0.1298735793428244,0.894230715192116,3,2,True,DUPLICATE_SENTINEL_ID_REVIEW
184,Etawah_184_20231003T051651_20231003T052230_T44RKQ.tif,20231003T051651_20231003T052230_T44RKQ,2023-10-03,ETAWAH,03-10-2023 09:10,26.74972222,78.98333333,26.0,0.1516736111111111,15.05851,0.0327157097751157,0.0534295465583233,0.0394825732633303,0.0546464243707633,0.0303888232040802,0.0217613036616344,-0.0111578348429034,0.2752602171815663,2,1,True,OK
185,Etawah_185_20231013T051741_20231013T052432_T44RKQ.tif,20231013T051741_20231013T052432_T44RKQ,2023-10-13,ETAWAH,11-10-2023 09:20,26.74972222,78.98333333,60.0,1.841336712962963,5e-05,0.028983431910731,0.0499514922340241,0.0393605433894229,0.0551607123322298,0.035081306603519,0.0248376411681592,-0.0496810865981781,0.1746601908664882,2,1,True,OK
186,Etawah_186_20231023T051851_20231023T052716_T44RKQ.tif,20231023T051851_20231023T052716_T44RKQ,2023-10-23,ETAWAH,23-10-2023 09:10,26.74972222,78.98333333,26.0,0.1516933101851852,0.000272,0.0471960306188578,0.0681336712876653,0.0543882882317972,0.0503499017229203,0.0277719315501173,0.0202050112727463,0.15007129795262,0.4210346421679934,2,1,True,OK
187,Etawah_187_20231102T051951_20231102T052415_T44RKQ.tif,20231102T051951_20231102T052415_T44RKQ,2023-11-02,ETAWAH,01-11-2023 09:15,26.74972222,78.98333333,16.0,0.8448188194444445,0.053905,0.0533931584156177,0.0743785333496661,0.0581949886657205,0.0556604309135477,0.0247186516515956,0.0161736205861031,0.144272483370334,0.5015511757627062,2,1,True,OK
188,Etawah_188_20231107T052019_20231107T052323_T44RKQ.tif,20231107T052019_20231107T052323_T44RKQ,2023-11-07,ETAWAH,07-11-2023 08:50,26.74972222,78.98333333,37.0,0.1377753125,0.001994,0.0512862474367081,0.0746126555929984,0.0653824608275868,0.0576697353515899,0.0447484522136054,0.0290613594495896,0.1284867618636748,0.2503197214142461,2,1,True,OK
189,Etawah_189_20231112T052041_20231112T052318_T44RKQ.tif,20231112T052041_20231112T052318_T44RKQ,2023-11-12,ETAWAH,13-11-2023 09:10,26.74972222,78.98333333,27.0,1.151701111111111,0.000153,0.0451387809584261,0.0653941306214242,0.0505513372350702,0.0544066300431081,0.0224081081184055,0.0148839387752436,0.0915319941969911,0.4897618738070198,2,1,True,OK
190,Etawah_190_20231122T052121_20231122T052116_T44RKQ.tif,20231122T052121_20231122T052116_T44RKQ,2023-11-22,ETAWAH,21-11-2023 09:10,26.74972222,78.98333333,46.0,0.8482610532407407,0.018643,0.0509134856213161,0.0761621340874347,0.0582748030654263,0.047605179967086,0.0210268719783598,0.0149848676119618,0.2309857278281973,0.5675705645132709,3,2,True,DUPLICATE_SENTINEL_ID_REVIEW
191,Etawah_191_20231202T052151_20231202T052152_T44RKQ.tif,20231202T052151_20231202T052152_T44RKQ,2023-12-02,ETAWAH,01-12-2023 09:20,26.74972222,78.98333333,19.0,0.841269050925926,10.253151,0.0481052369446712,0.0750880349712731,0.0579051097633678,0.0813117547019443,0.0331696226662192,0.0173648791146456,-0.0403126701914827,0.3864079713276042,2,1,True,OK
192,Etawah_192_20231212T052221_20231212T052217_T44RKQ.tif,20231212T052221_20231212T052217_T44RKQ,2023-12-12,ETAWAH,11-12-2023 08:30,26.74972222,78.98333333,18.0,0.8760295601851852,0.000438,0.0425534488733958,0.0616704956124964,0.0445961715026364,0.0567001403070281,0.0244121623625622,0.015759501731687,0.0419573192691812,0.4327910823143415,3,1,True,OK
193,Etawah_193_20231212T052221_20231212T052217_T44RKQ.tif,20231212T052221_20231212T052217_T44RKQ,2023-12-12,ETAWAH,11-12-2023 08:30,26.74972222,78.98333333,18.0,0.8760295601851852,0.000438,0.0425534488733958,0.0616704956124964,0.0445961715026364,0.0567001403070281,0.0244121623625622,0.015759501731687,0.0419573192691812,0.4327910823143415,3,1,True,OK
194,Etawah_194_20240111T052201_20240111T052201_T44RKQ.tif,20240111T052201_20240111T052201_T44RKQ,2024-01-11,ETAWAH,11-01-2024 21:20,26.74972222,78.98333333,9.0,0.6586985763888888,12.813301,0.7249190463256595,0.7147856675977777,0.7171405718938724,0.7472301401399277,0.6584495885113071,0.5645136528539364,-0.0223498065412665,0.0405711872395136,2,1,True,OK
195,Etawah_195_20240210T051951_20240210T052850_T44RKQ.tif,20240210T051951_20240210T052850_T44RKQ,2024-02-10,ETAWAH,12-02-2024 09:00,26.74972222,78.98333333,22.0,2.144790891203704,3.6e-05,0.0369169343984476,0.0495679900747606,0.0411553911823854,0.0360700171278277,0.0133308839713126,0.0101293638295615,0.1592411400848866,0.5748141831760337,2,1,True,OK
196,Etawah_196_20240220T051841_20240220T052240_T44RKQ.tif,20240220T051841_20240220T052240_T44RKQ,2024-02-20,ETAWAH,21-02-2024 09:10,26.74972222,78.98333333,19.0,1.151717476851852,0.070677,0.0304484797572415,0.0545314756701364,0.050021297862619,0.0704288009720904,0.059893496566859,0.0461331082550968,-0.1195547089656093,-0.0544866177718726,2,1,True,OK
197,Etawah_197_20240311T051651_20240311T053119_T44RKQ.tif,20240311T051651_20240311T053119_T44RKQ,,,,,,,,,,,,,,,,,1,0,False,NO_CWC_METADATA
198,Etawah_198_20240321T051651_20240321T053116_T44RKQ.tif,20240321T051651_20240321T053116_T44RKQ,2024-03-21,ETAWAH,21-03-2024 09:30,26.74972222,78.98333333,9.0,0.1655700347222222,5.146705,0.030692567449191,0.0535054476868764,0.0397926801836604,0.0310866694697095,0.0193094032429062,0.0166075874386388,0.2650227060747073,0.4700040107316061,2,1,True,OK
199,Etawah_199_20240331T051651_20240331T052929_T44RKQ.tif,20240331T051651_20240331T052929_T44RKQ,2024-03-31,ETAWAH,01-04-2024 08:35,26.74972222,78.98333333,14.0,1.1273982291666669,0.000113,0.0344945246834614,0.0521484657394204,0.0376401747323085,0.0578068693394999,0.032799943700288,0.0226317144275395,-0.0502270502841932,0.2274336934714737,2,1,True,OK
200,Etawah_200_20240420T051651_20240420T052641_T44RKQ.tif,20240420T051651_20240420T052641_T44RKQ,2024-04-20,ETAWAH,22-04-2024 09:30,26.74972222,78.98333333,27.0,2.165543726851852,15.7132,0.0770367958115179,0.0992666947328158,0.0965757325610464,0.1411585025898357,0.1346287300646607,0.1052114580252401,-0.1786983782480059,-0.1491926128741119,2,1,True,OK
201,Etawah_201_20240430T051651_20240430T053056_T44RKQ.tif,20240430T051651_20240430T053056_T44RKQ,2024-04-30,ETAWAH,01-05-2024 08:40,26.74972222,78.98333333,29.0,1.1308285300925929,0.000182,0.1021113589952431,0.1243142729985888,0.1296464657822103,0.1501049684687845,0.16916652759621,0.1475685812209875,-0.0987238150387834,-0.1494113506407368,2,1,True,OK
202,Etawah_202_20240510T051651_20240510T052922_T44RKQ.tif,20240510T051651_20240510T052922_T44RKQ,2024-05-10,ETAWAH,11-05-2024 20:36,26.74972222,78.98333333,25.0,1.6280491782407407,2e-05,0.0839878238741778,0.112068764247663,0.1245180030787565,0.1057045890350285,0.163751972181647,0.1429415683603954,0.0637541799665127,-0.1703502884944543,2,1,True,OK
203,Etawah_203_20240530T051651_20240530T053020_T44RKQ.tif,20240530T051651_20240530T053020_T44RKQ,2024-05-30,ETAWAH,01-06-2024 08:40,26.74972222,78.98333333,19.4,2.130830243055556,43.092409,0.1305321647485651,0.1654576018079276,0.1714708341845639,0.1999882339071986,0.2210411760989611,0.183143500366609,-0.0931058273622388,-0.1406501658860728,2,1,True,OK
204,Etawah_204_20240609T051701_20240609T052940_T44RKQ.tif,20240609T051701_20240609T052940_T44RKQ,2024-06-09,ETAWAH,11-06-2024 08:40,26.74972222,78.98333333,14.0,2.1307916319444447,0.097269,0.0828280689305969,0.1109045886142003,0.114834755862568,0.1307473118293208,0.1621292656033744,0.133308403718344,-0.0775848913967042,-0.1893583247301731,2,1,True,OK
205,Etawah_205_20240619T051701_20240619T052437_T44RKQ.tif,20240619T051701_20240619T052437_T44RKQ,2024-06-19,ETAWAH,21-06-2024 08:40,26.74972222,78.98333333,16.3,2.1307983449074075,7.99494,0.128843806842384,0.1608326860906992,0.1635214532043802,0.1845407664129796,0.2116275901092334,0.1748681995023445,-0.0650526180218114,-0.1322509513010044,2,1,True,OK
206,Etawah_206_20240624T051659_20240624T052822_T44RKQ.tif,20240624T051659_20240624T052822_T44RKQ,,,,,,,,,,,,,,,,,1,0,False,NO_CWC_METADATA
207,Etawah_207_20240709T051651_20240709T053028_T44RKQ.tif,20240709T051651_20240709T053028_T44RKQ,2024-07-09,ETAWAH,11-07-2024 08:40,26.74972222,78.98333333,109.0,2.1308225810185184,56.074959,0.085339287961917,0.1108871054004978,0.0826253945591045,0.0908847274038487,0.0332929195431354,0.022481461462506,0.0992179122587733,0.5381781060693299,2,1,True,OK
208,Etawah_208_20240823T051649_20240823T052843_T44RKQ.tif,20240823T051649_20240823T052843_T44RKQ,2024-08-23,ETAWAH,21-08-2024 08:45,26.74972222,78.98333333,18.4,1.865660671296296,52.504051,0.1481705805379058,0.1598849667399819,0.1456949891929456,0.1281788010760588,0.0495910623382466,0.0343246477297381,0.1103746951557695,0.5269710348314934,2,1,True,OK
