station,cwc_datetime,latitude,longitude,turbidity_NTU,satellite_date,sentinel2_id,days_difference,cloud_percentage
ETAWAH,01-01-2021 08:00,26.74972222,78.98333333,1.0,2021-01-01,20210101T052219_20210101T052222_T44RKQ,0.10310203703703703,0.001948
ETAWAH,01-02-2021 08:15,26.74972222,78.98333333,9.0,2021-01-31,20210131T052039_20210131T052539_T44RKQ,1.113502974537037,0.001931
ETAWAH,01-03-2021 08:10,26.74972222,78.98333333,10.0,2021-03-02,20210302T051729_20210302T052733_T44RKQ,0.8899603703703703,0.00653
ETAWAH,22-03-2021 08:30,26.74972222,78.98333333,8.0,2021-03-22,20210322T051649_20210322T052843_T44RKQ,0.12392662037037037,9.910906
ETAWAH,05-04-2021 08:00,26.74972222,78.98333333,2.0,2021-04-06,20210406T051651_20210406T052529_T44RKQ,0.8968722685185185,2.423715
ETAWAH,12-04-2021 08:05,26.74972222,78.98333333,17.0,2021-04-11,20210411T051649_20210411T052917_T44RKQ,1.1065938310185184,0.827834
ETAWAH,21-04-2021 08:10,26.74972222,78.98333333,21.0,2021-04-21,20210421T051649_20210421T053100_T44RKQ,0.1100911111111111,56.752861
ETAWAH,21-05-2021 08:00,26.74972222,78.98333333,14.0,2021-05-21,20210521T051649_20210521T053105_T44RKQ,0.10308383101851852,62.963474
ETAWAH,01-06-2021 08:00,26.74972222,78.98333333,17.0,2021-05-31,20210531T051649_20210531T052809_T44RKQ,1.103073425925926,2.697526
ETAWAH,11-06-2021 08:00,26.74972222,78.98333333,19.0,2021-06-10,20210610T051649_20210610T053106_T44RKQ,1.1030702546296296,32.074681
ETAWAH,21-06-2021 07:50,26.74972222,78.98333333,28.0,2021-06-20,20210620T051649_20210620T053110_T44RKQ,1.0961295601851853,28.629676
ETAWAH,01-07-2021 08:00,26.74972222,78.98333333,30.0,2021-06-30,20210630T051649_20210630T051915_T44RKQ,1.1030700925925927,68.552062
ETAWAH,12-07-2021 07:40,26.74972222,78.98333333,41.0,2021-07-10,20210710T051649_20210710T053111_T44RKQ,2.089172349537037,67.810458
ETAWAH,22-07-2021 08:00,26.74972222,78.98333333,83.0,2021-07-20,20210720T051649_20210720T053107_T44RKQ,2.1030589120370373,98.644239
ETAWAH,02-08-2021 08:10,26.74972222,78.98333333,72.0,2021-08-04,20210804T051651_20210804T052536_T44RKQ,1.8900077777777777,99.808342
ETAWAH,11-08-2021 07:50,26.74972222,78.98333333,96.0,2021-08-09,20210809T051649_20210809T053106_T44RKQ,2.096128287037037,87.213005
ETAWAH,23-08-2021 09:20,26.74972222,78.98333333,15.0,2021-08-24,20210824T051651_20210824T052626_T44RKQ,0.8413855555555556,46.873043
ETAWAH,01-09-2021 08:30,26.74972222,78.98333333,33.0,2021-09-03,20210903T051651_20210903T052534_T44RKQ,1.8760952546296297,59.455585
ETAWAH,13-09-2021 08:00,26.74972222,78.98333333,35.0,2021-09-13,20210913T051651_20210913T053059_T44RKQ,0.10307201388888888,29.700629
ETAWAH,21-09-2021 08:30,26.74972222,78.98333333,26.0,2021-09-23,20210923T051651_20210923T053101_T44RKQ,1.876120601851852,37.094069
ETAWAH,01-10-2021 08:30,26.74972222,78.98333333,94.0,2021-10-03,20211003T051701_20211003T052600_T44RKQ,1.8761381365740741,0.05719
ETAWAH,11-10-2021 08:20,26.74972222,78.98333333,104.0,2021-10-13,20211013T051751_20211013T052103_T44RKQ,1.8830908564814814,2.19E-4
ETAWAH,21-10-2021 08:20,26.74972222,78.98333333,34.0,2021-10-23,20211023T051901_20211023T052038_T44RKQ,1.883089375,0.002223
ETAWAH,01-11-2021 08:25,26.74972222,78.98333333,21.0,2021-11-02,20211102T052001_20211102T052127_T44RKQ,0.8796049768518519,9.79E-4
ETAWAH,11-11-2021 08:30,26.74972222,78.98333333,1.0,2021-11-12,20211112T052051_20211112T052922_T44RKQ,0.8761067824074074,23.322425
ETAWAH,22-11-2021 07:40,26.74972222,78.98333333,28.0,2021-11-22,20211122T052121_20211122T052810_T44RKQ,0.08919283564814816,5.6E-5
ETAWAH,13-12-2021 09:20,26.74972222,78.98333333,25.0,2021-12-12,20211212T052221_20211212T052221_T44RKQ,1.1586477314814816,5.675194
ETAWAH,21-12-2021 08:20,26.74972222,78.98333333,13.0,2021-12-22,20211222T052231_20211222T052230_T44RKQ,0.8830361921296297,3.88E-4
ETAWAH,01-01-2022 08:30,26.74972222,78.98333333,9.0,2022-01-01,20220101T052231_20220101T053051_T44RKQ,0.12389644675925926,19.767311
ETAWAH,11-01-2022 08:30,26.74972222,78.98333333,16.0,2022-01-11,20220111T052201_20220111T052204_T44RKQ,0.1239020949074074,1.575346
ETAWAH,21-01-2022 09:10,26.74972222,78.98333333,17.0,2022-01-21,20220121T052121_20220121T052119_T44RKQ,0.15169475694444445,99.901561
ETAWAH,01-02-2022 08:40,26.74972222,78.98333333,12.0,2022-01-31,20220131T052041_20220131T052041_T44RKQ,1.1308596874999999,2.186081
ETAWAH,11-02-2022 08:50,26.74972222,78.98333333,15.0,2022-02-10,20220210T051941_20220210T052038_T44RKQ,1.1378169444444446,56.870997
ETAWAH,21-02-2022 09:10,26.74972222,78.98333333,17.0,2022-02-20,20220220T051841_20220220T051840_T44RKQ,1.1516741319444443,1.59E-4
ETAWAH,02-03-2022 09:00,26.74972222,78.98333333,19.0,2022-03-02,20220302T051731_20220302T052536_T44RKQ,0.14470886574074074,1.69E-4
ETAWAH,11-03-2022 08:45,26.74972222,78.98333333,3.0,2022-03-12,20220312T051651_20220312T052910_T44RKQ,0.865714537037037,8.0E-5
ETAWAH,21-03-2022 08:20,26.74972222,78.98333333,10.0,2022-03-22,20220322T051651_20220322T052554_T44RKQ,0.8830651504629629,0.025302
ETAWAH,01-04-2022 08:05,26.74972222,78.98333333,9.0,2022-04-01,20220401T051651_20220401T052734_T44RKQ,0.10653020833333333,1.89E-4
ETAWAH,11-04-2022 08:10,26.74972222,78.98333333,7.0,2022-04-11,20220411T051651_20220411T052901_T44RKQ,0.11000471064814815,0.045846
ETAWAH,21-04-2022 07:50,26.74972222,78.98333333,8.0,2022-04-21,20220421T051701_20220421T052440_T44RKQ,0.0960862962962963,24.838729
ETAWAH,02-05-2022 08:20,26.74972222,78.98333333,1.0,2022-05-01,20220501T051701_20220501T052759_T44RKQ,1.116912476851852,25.296843
ETAWAH,11-05-2022 08:00,26.74972222,78.98333333,14.0,2022-05-11,20220511T051651_20220511T053033_T44RKQ,0.10304055555555557,0.002326
ETAWAH,21-05-2022 08:30,26.74972222,78.98333333,41.0,2022-05-21,20220521T051701_20220521T052917_T44RKQ,0.12384171296296297,38.496208
ETAWAH,01-06-2022 08:35,26.74972222,78.98333333,42.0,2022-05-31,20220531T051701_20220531T052755_T44RKQ,1.1272979513888888,0.02009
ETAWAH,11-06-2022 08:30,26.74972222,78.98333333,28.0,2022-06-10,20220610T051701_20220610T052518_T44RKQ,1.1238095138888888,10.060531
ETAWAH,21-06-2022 08:35,26.74972222,78.98333333,13.0,2022-06-20,20220620T051701_20220620T052701_T44RKQ,1.127251423611111,38.315928
ETAWAH,11-07-2022 08:50,26.74972222,78.98333333,61.0,2022-07-10,20220710T051701_20220710T052850_T44RKQ,1.1376551157407409,37.888461
ETAWAH,21-07-2022 08:20,26.74972222,78.98333333,2.0,2022-07-20,20220720T051701_20220720T052853_T44RKQ,1.116837337962963,99.999803
ETAWAH,01-08-2022 08:00,26.74972222,78.98333333,52.0,2022-07-30,20220730T051701_20220730T052228_T44RKQ,2.1030133796296298,93.524581
ETAWAH,11-08-2022 08:00,26.74972222,78.98333333,42.0,2022-08-09,20220809T051701_20220809T052911_T44RKQ,2.102946793981481,40.684968
ETAWAH,22-08-2022 08:20,26.74972222,78.98333333,89.0,2022-08-24,20220824T051649_20220824T052826_T44RKQ,1.883032476851852,54.355186
ETAWAH,01-09-2022 08:50,26.74972222,78.98333333,167.0,2022-09-03,20220903T051649_20220903T052701_T44RKQ,1.8622108912037036,22.696407
ETAWAH,12-09-2022 08:10,26.74972222,78.98333333,8.0,2022-09-13,20220913T051649_20220913T052437_T44RKQ,0.889996099537037,94.710529
ETAWAH,21-09-2022 08:30,26.74972222,78.98333333,26.0,2022-09-23,20220923T051649_20220923T052234_T44RKQ,1.8760959953703704,85.235739
ETAWAH,01-10-2022 08:30,26.74972222,78.98333333,344.0,2022-10-03,20221003T051649_20221003T052253_T44RKQ,1.8760671643518518,13.458627
ETAWAH,11-10-2022 08:30,26.74972222,78.98333333,66.0,2022-10-13,20221013T051749_20221013T052416_T44RKQ,1.876070810185185,23.551807
ETAWAH,21-10-2022 08:20,26.74972222,78.98333333,123.0,2022-10-23,20221023T051849_20221023T052729_T44RKQ,1.8830214467592592,0.005756
ETAWAH,01-11-2022 09:30,26.74972222,78.98333333,63.0,2022-11-02,20221102T051949_20221102T052958_T44RKQ,0.8343934143518519,0.001125
ETAWAH,11-11-2022 08:40,26.74972222,78.98333333,45.0,2022-11-12,20221112T052049_20221112T052220_T44RKQ,0.8691331944444444,0.08923
ETAWAH,21-11-2022 08:30,26.74972222,78.98333333,56.0,2022-11-22,20221122T052119_20221122T052433_T44RKQ,0.876079537037037,3.12E-4
ETAWAH,01-12-2022 08:45,26.74972222,78.98333333,58.0,2022-12-02,20221202T052159_20221202T052600_T44RKQ,0.865644988425926,0.003533
ETAWAH,12-12-2022 08:30,26.74972222,78.98333333,39.0,2022-12-12,20221212T052219_20221212T052632_T44RKQ,0.1239474537037037,2.29E-4
ETAWAH,21-12-2022 08:40,26.74972222,78.98333333,38.0,2022-12-22,20221222T052229_20221222T052753_T44RKQ,0.8691298032407407,8.33E-4
ETAWAH,02-01-2023 09:00,26.74972222,78.98333333,13.0,2023-01-01,20230101T052229_20230101T052722_T44RKQ,1.144763761574074,36.256072
ETAWAH,11-01-2023 09:00,26.74972222,78.98333333,7.0,2023-01-11,20230111T052159_20230111T052604_T44RKQ,0.14479659722222224,36.526528
ETAWAH,21-01-2023 08:40,26.74972222,78.98333333,12.0,2023-01-21,20230121T052129_20230121T052439_T44RKQ,0.13088597222222223,0.001238
ETAWAH,01-02-2023 08:30,26.74972222,78.98333333,7.0,2023-01-31,20230131T052039_20230131T052214_T44RKQ,1.1239480671296296,49.962077
ETAWAH,11-02-2023 08:40,26.74972222,78.98333333,23.0,2023-02-10,20230210T051949_20230210T052635_T44RKQ,1.1308775925925925,2.09E-4
ETAWAH,21-02-2023 08:40,26.74972222,78.98333333,15.0,2023-02-20,20230220T051839_20230220T052919_T44RKQ,1.1308693402777779,0.209936
ETAWAH,01-03-2023 08:30,26.74972222,78.98333333,10.0,2023-03-02,20230302T051729_20230302T052948_T44RKQ,0.8760926620370371,0.204697
ETAWAH,11-03-2023 08:30,26.74972222,78.98333333,14.0,2023-03-12,20230312T051659_20230312T052443_T44RKQ,0.8761338310185186,3.0E-5
ETAWAH,21-03-2023 09:20,26.74972222,78.98333333,8.0,2023-03-22,20230322T051659_20230322T052301_T44RKQ,0.841392199074074,0.165298
ETAWAH,01-04-2023 09:40,26.74972222,78.98333333,26.0,2023-04-01,20230401T051659_20230401T052512_T44RKQ,0.17248697916666667,2.326412
ETAWAH,11-04-2023 09:30,26.74972222,78.98333333,39.0,2023-04-11,20230411T051649_20230411T052709_T44RKQ,0.16556564814814814,0.155653
ETAWAH,21-04-2023 09:10,26.74972222,78.98333333,9.0,2023-04-21,20230421T051649_20230421T052441_T44RKQ,0.15167054398148147,5.913876
ETAWAH,01-05-2023 20:50,26.74972222,78.98333333,20.0,2023-05-01,20230501T051649_20230501T052839_T44RKQ,0.6377793518518519,77.331245
ETAWAH,11-05-2023 09:40,26.74972222,78.98333333,32.0,2023-05-11,20230511T051649_20230511T052839_T44RKQ,0.17249947916666666,1.13E-4
ETAWAH,22-05-2023 21:23,26.74972222,78.98333333,29.0,2023-05-21,20230521T051659_20230521T052824_T44RKQ,1.6606643055555557,0.086808
ETAWAH,01-06-2023 09:10,26.74972222,78.98333333,51.0,2023-05-31,20230531T051659_20230531T052823_T44RKQ,1.1516481712962963,0.032166
ETAWAH,12-06-2023 09:10,26.74972222,78.98333333,37.0,2023-06-10,20230610T051659_20230610T052824_T44RKQ,2.1516358449074073,0.036105
ETAWAH,21-06-2023 08:50,26.74972222,78.98333333,44.0,2023-06-20,20230620T051659_20230620T052819_T44RKQ,1.1377550810185186,99.994946
ETAWAH,02-07-2023 20:50,26.74972222,78.98333333,107.0,2023-07-05,20230705T051651_20230705T052819_T44RKQ,2.36225412037037,85.277528
ETAWAH,11-07-2023 08:50,26.74972222,78.98333333,37.0,2023-07-10,20230710T051659_20230710T052820_T44RKQ,1.137745925925926,96.780419
ETAWAH,21-07-2023 11:55,26.74972222,78.98333333,148.0,2023-07-20,20230720T051659_20230720T052825_T44RKQ,1.2662096296296297,47.023168
ETAWAH,01-08-2023 09:10,26.74972222,78.98333333,379.0,2023-07-30,20230730T051659_20230730T052820_T44RKQ,2.151630416666667,91.060138
ETAWAH,11-08-2023 20:45,26.74972222,78.98333333,191.0,2023-08-14,20230814T051701_20230814T052317_T44RKQ,2.365729351851852,99.657506
ETAWAH,21-08-2023 21:00,26.74972222,78.98333333,302.0,2023-08-24,20230824T051701_20230824T052448_T44RKQ,2.3553214699074076,99.990696
ETAWAH,01-09-2023 09:00,26.74972222,78.98333333,230.0,2023-09-03,20230903T051701_20230903T053110_T44RKQ,1.8553121527777778,1.039313
ETAWAH,11-09-2023 09:30,26.74972222,78.98333333,195.0,2023-09-13,20230913T051651_20230913T053113_T44RKQ,1.8344701157407408,96.938509
ETAWAH,21-09-2023 09:10,26.74972222,78.98333333,55.0,2023-09-23,20230923T051651_20230923T052212_T44RKQ,1.8483274305555557,65.008098
ETAWAH,25-09-2023 10:50,26.74972222,78.98333333,,2023-09-23,20230923T051651_20230923T052212_T44RKQ,2.221117013888889,65.008098
ETAWAH,03-10-2023 09:10,26.74972222,78.98333333,26.0,2023-10-03,20231003T051651_20231003T052230_T44RKQ,0.1516736111111111,15.05851
ETAWAH,11-10-2023 09:20,26.74972222,78.98333333,60.0,2023-10-13,20231013T051741_20231013T052432_T44RKQ,1.8413367129629628,5.0E-5
ETAWAH,23-10-2023 09:10,26.74972222,78.98333333,26.0,2023-10-23,20231023T051851_20231023T052716_T44RKQ,0.1516933101851852,2.72E-4
ETAWAH,01-11-2023 09:15,26.74972222,78.98333333,16.0,2023-11-02,20231102T051951_20231102T052415_T44RKQ,0.8448188194444445,0.053905
ETAWAH,07-11-2023 08:50,26.74972222,78.98333333,37.0,2023-11-07,20231107T052019_20231107T052323_T44RKQ,0.1377753125,0.001994
ETAWAH,13-11-2023 09:10,26.74972222,78.98333333,27.0,2023-11-12,20231112T052041_20231112T052318_T44RKQ,1.151701111111111,1.53E-4
ETAWAH,21-11-2023 09:00,26.74972222,78.98333333,28.0,2023-11-22,20231122T052121_20231122T052116_T44RKQ,0.8552054976851852,0.018643
ETAWAH,21-11-2023 09:10,26.74972222,78.98333333,46.0,2023-11-22,20231122T052121_20231122T052116_T44RKQ,0.8482610532407407,0.018643
ETAWAH,01-12-2023 09:20,26.74972222,78.98333333,19.0,2023-12-02,20231202T052151_20231202T052152_T44RKQ,0.8412690509259259,10.253151
ETAWAH,11-12-2023 08:30,26.74972222,78.98333333,18.0,2023-12-12,20231212T052221_20231212T052217_T44RKQ,0.8760295601851852,4.38E-4
ETAWAH,01-01-2024 09:15,26.74972222,78.98333333,10.0,2024-01-01,20240101T052221_20240101T052222_T44RKQ,0.15520123842592592,100.0
ETAWAH,11-01-2024 21:20,26.74972222,78.98333333,9.0,2024-01-11,20240111T052201_20240111T052201_T44RKQ,0.658698576388889,12.813301
ETAWAH,12-02-2024 09:00,26.74972222,78.98333333,22.0,2024-02-10,20240210T051951_20240210T052850_T44RKQ,2.1447908912037037,3.6E-5
ETAWAH,21-02-2024 09:10,26.74972222,78.98333333,19.0,2024-02-20,20240220T051841_20240220T052240_T44RKQ,1.1517174768518519,0.070677
ETAWAH,21-03-2024 09:30,26.74972222,78.98333333,9.0,2024-03-21,20240321T051651_20240321T053116_T44RKQ,0.16557003472222223,5.146705
ETAWAH,01-04-2024 08:35,26.74972222,78.98333333,14.0,2024-03-31,20240331T051651_20240331T052929_T44RKQ,1.1273982291666667,1.13E-4
ETAWAH,12-04-2024 12:23,26.74972222,78.98333333,25.0,2024-04-10,20240410T051651_20240410T053057_T44RKQ,2.2857184722222224,33.427975
ETAWAH,22-04-2024 09:30,26.74972222,78.98333333,27.0,2024-04-20,20240420T051651_20240420T052641_T44RKQ,2.1655437268518516,15.7132
ETAWAH,01-05-2024 08:40,26.74972222,78.98333333,29.0,2024-04-30,20240430T051651_20240430T053056_T44RKQ,1.1308285300925927,1.82E-4
ETAWAH,11-05-2024 20:36,26.74972222,78.98333333,25.0,2024-05-10,20240510T051651_20240510T052922_T44RKQ,1.628049178240741,2.0E-5
ETAWAH,01-06-2024 08:40,26.74972222,78.98333333,19.4,2024-05-30,20240530T051651_20240530T053020_T44RKQ,2.1308302430555557,43.092409
ETAWAH,11-06-2024 08:40,26.74972222,78.98333333,14.0,2024-06-09,20240609T051701_20240609T052940_T44RKQ,2.130791631944444,0.097269
ETAWAH,21-06-2024 08:40,26.74972222,78.98333333,16.3,2024-06-19,20240619T051701_20240619T052437_T44RKQ,2.1307983449074075,7.99494
ETAWAH,01-07-2024 08:20,26.74972222,78.98333333,36.3,2024-06-29,20240629T051651_20240629T052539_T44RKQ,2.1169367939814814,100.0
ETAWAH,11-07-2024 08:40,26.74972222,78.98333333,109.0,2024-07-09,20240709T051651_20240709T053028_T44RKQ,2.1308225810185184,56.074959
ETAWAH,22-07-2024 08:35,26.74972222,78.98333333,8.0,2024-07-24,20240724T051659_20240724T052449_T44RKQ,1.8726476157407408,97.691458
ETAWAH,01-08-2024 21:35,26.74972222,78.98333333,21.6,2024-08-03,20240803T051649_20240803T052816_T44RKQ,1.3309589467592593,97.772878
ETAWAH,12-08-2024 08:35,26.74972222,78.98333333,24.5,2024-08-13,20240813T051659_20240813T053058_T44RKQ,0.8726606828703704,86.751312
ETAWAH,21-08-2024 08:45,26.74972222,78.98333333,18.4,2024-08-23,20240823T051649_20240823T052843_T44RKQ,1.8656606712962962,52.504051
ETAWAH,02-09-2024 09:10,26.74972222,78.98333333,44.3,2024-09-02,20240902T051659_20240902T052438_T44RKQ,0.1516604513888889,91.392648
ETAWAH,11-09-2024 08:40,26.74972222,78.98333333,109.4,2024-09-12,20240912T051649_20240912T053113_T44RKQ,0.8691516435185185,100.0
ETAWAH,21-09-2024 08:30,26.74972222,78.98333333,128.4,2024-09-22,20240922T051649_20240922T052326_T44RKQ,0.8760474537037037,40.162694
