station,latitude,longitude,cwc_datetime,turbidity_NTU,satellite_id,satellite_date,days_difference,B2,B3,B4,B8,B11,B12,NDWI,MNDWI
ETAWAH,26.74972222,78.98333333,01-01-2021 08:00,1.0,20210101T052219_20210101T052222_T44RKQ,2021-01-01,0.10310203703703703,0.1002675814413558,0.09954980368986055,0.08137702713468792,0.09958317896732978,0.04008516291552853,0.023399915513142036,-1.756049368850654E-4,0.4264642591378442
ETAWAH,26.74972222,78.98333333,01-02-2021 08:15,9.0,20210131T052039_20210131T052539_T44RKQ,2021-01-31,1.113502974537037,0.01820471553186475,0.02300140759299367,0.015113907566620245,0.022698775434086244,0.014232291839623549,0.01064467911429175,0.006298190555147206,0.24547064722398182
ETAWAH,26.74972222,78.98333333,01-03-2021 08:10,10.0,20210302T051729_20210302T052733_T44RKQ,2021-03-02,0.8899603703703703,0.02495819260313822,0.03532871623315875,0.0212601915553531,0.03396676520335589,0.021677703070947227,0.017575422314736106,0.01995325811701667,0.24639220779388307
ETAWAH,26.74972222,78.98333333,22-03-2021 08:30,8.0,20210322T051649_20210322T052843_T44RKQ,2021-03-22,0.12392662037037037,0.0666223673521214,0.0755822639031386,0.06437519770472201,0.09184832444208936,0.06608623405708722,0.04950986806720681,-0.09711592260702004,0.06773555572700546
ETAWAH,26.74972222,78.98333333,05-04-2021 08:00,2.0,20210406T051651_20210406T052529_T44RKQ,2021-04-06,0.8968722685185185,0.04015512459361842,0.0738486342975316,0.07494065301547348,0.11834068082562475,0.13059992909322385,0.10044551176660872,-0.23158254751490917,-0.2776991854304331
ETAWAH,26.74972222,78.98333333,12-04-2021 08:05,17.0,20210411T051649_20210411T052917_T44RKQ,2021-04-11,1.1065938310185186,0.03494259589488055,0.04922705526235052,0.040477928078863426,0.06788200945048048,0.05694738188171172,0.045809951913962574,-0.1592963270901761,-0.07183425080556599
ETAWAH,26.74972222,78.98333333,21-04-2021 08:10,21.0,20210421T051649_20210421T053100_T44RKQ,2021-04-21,0.11009111111111111,0.616246002902453,0.5758819288473476,0.5370391913404403,0.5899291142133308,0.45830561513047646,0.4200075474559323,-0.013013635282076648,0.11197069326419856
ETAWAH,26.74972222,78.98333333,21-05-2021 08:00,14.0,20210521T051649_20210521T053105_T44RKQ,2021-05-21,0.10308383101851852,0.46253125105674076,0.413742229636121,0.35527241315591984,0.33179952038519156,0.21463256309790593,0.15218736062157762,0.11356514406879224,0.329552407770812
ETAWAH,26.74972222,78.98333333,01-06-2021 08:00,17.0,20210531T051649_20210531T052809_T44RKQ,2021-05-31,1.1030734259259258,0.0513129786945888,0.07057205897646848,0.060998690646007526,0.08485862873557554,0.08065102775874843,0.0655304475840567,-0.09348711659261319,-0.06880077618375621
ETAWAH,26.74972222,78.98333333,11-06-2021 08:00,19.0,20210610T051649_20210610T053106_T44RKQ,2021-06-10,1.1030702546296296,0.8012977494262497,0.7468568719000563,0.7083793379584548,0.7222186922607524,0.5834345477255616,0.5750650534456647,0.016765214874999608,0.12283507813825399
ETAWAH,26.74972222,78.98333333,21-06-2021 07:50,28.0,20210620T051649_20210620T053110_T44RKQ,2021-06-20,1.0961295601851853,0.3662996056892381,0.35399870196491623,0.33554788955764187,0.37627215192628066,0.38638887950848483,0.37658530282829933,-0.030476906948286614,-0.04379897682441436
ETAWAH,26.74972222,78.98333333,01-07-2021 08:00,30.0,20210630T051649_20210630T051915_T44RKQ,2021-06-30,1.1030700925925927,0.2201563063023092,0.22875430667982655,0.21504434125565058,0.2770006217582672,0.21591855538589466,0.20214538285844372,-0.09539167549322689,0.028861681600353007
ETAWAH,26.74972222,78.98333333,12-07-2021 07:40,41.0,20210710T051649_20210710T053111_T44RKQ,2021-07-10,2.089172349537037,0.08136023427170981,0.07766475254116027,0.025504279221766755,0.06194383469787805,0.0549574467853794,0.06614532784730835,0.14637277236807178,0.17174114752927933
ETAWAH,26.74972222,78.98333333,22-07-2021 08:00,83.0,20210720T051649_20210720T053107_T44RKQ,2021-07-20,2.103058912037037,0.7803565832526165,0.7292910969337901,0.6947473571090415,0.6744410517868827,0.5456382600204632,0.49862772155435653,0.03907299314458805,0.14398000526099325
ETAWAH,26.74972222,78.98333333,02-08-2021 08:10,72.0,20210804T051651_20210804T052536_T44RKQ,2021-08-04,1.8900077777777777,1.2205973060818407,1.1040076624837007,1.0376304076430765,0.9068413257498195,0.6259623151859857,0.4218671051072174,0.0980587745093749,0.2763350919719685
ETAWAH,26.74972222,78.98333333,11-08-2021 07:50,96.0,20210809T051649_20210809T053106_T44RKQ,2021-08-09,2.096128287037037,0.8341593455170861,0.7701877809154826,0.7031968455291817,0.6825598594187213,0.2537499364960503,0.26977225741673566,0.06032323838066864,0.5043577140969066
ETAWAH,26.74972222,78.98333333,23-08-2021 09:20,15.0,20210824T051651_20210824T052626_T44RKQ,2021-08-24,0.8413855555555556,0.15271658200963598,0.15784208826208906,0.12527770260013305,0.15463690983282555,0.07933493789394497,0.05346768039964593,0.010204624895908765,0.3309505533611587
ETAWAH,26.74972222,78.98333333,01-09-2021 08:30,33.0,20210903T051651_20210903T052534_T44RKQ,2021-09-03,1.8760952546296297,0.2745007864275092,0.25094462512900034,0.21700160312759992,0.2683605020026769,0.1565585585839644,0.13587246557093555,-0.03355372028539654,0.23158871349752763
ETAWAH,26.74972222,78.98333333,13-09-2021 08:00,35.0,20210913T051651_20210913T053059_T44RKQ,2021-09-13,0.10307201388888888,0.6689439188554749,0.6639480279540424,0.6435077746927338,0.6700916550885719,0.6588673625091042,0.5827718107365407,-0.005065978749035487,0.0032516683078594386
ETAWAH,26.74972222,78.98333333,21-09-2021 08:30,26.0,20210923T051651_20210923T053101_T44RKQ,2021-09-23,1.876120601851852,0.11796739916862536,0.1410339520782702,0.13504586062133986,0.12184719815808306,0.04194241260579025,0.028634558024612754,0.07305049896292676,0.5417419901738565
ETAWAH,26.74972222,78.98333333,01-10-2021 08:30,94.0,20211003T051701_20211003T052600_T44RKQ,2021-10-03,1.8761381365740741,0.07760760169539198,0.10527891326099971,0.11019642461565334,0.07970730535925141,0.02150394140112399,0.01492143846704281,0.1383185514242615,0.6608290720378628
ETAWAH,26.74972222,78.98333333,11-10-2021 08:20,104.0,20211013T051751_20211013T052103_T44RKQ,2021-10-13,1.8830908564814814,0.058133206541570295,0.08582070709608901,0.08544083617560498,0.05922476081114665,0.027483671231600167,0.02041143027337705,0.18352344073145446,0.5149063993799123
ETAWAH,26.74972222,78.98333333,21-10-2021 08:20,34.0,20211023T051901_20211023T052038_T44RKQ,2021-10-23,1.883089375,0.041099563916423575,0.06727298731005307,0.061160529215362865,0.041111599207700564,0.02391520290853674,0.018184544383296492,0.241700325243024,0.4758607455747421
ETAWAH,26.74972222,78.98333333,01-11-2021 08:25,21.0,20211102T052001_20211102T052127_T44RKQ,2021-11-02,0.8796049768518519,0.06308788012845341,0.08283368537731066,0.07406727190502826,0.06122920874753749,0.02853172846156306,0.02056357008273932,0.14993709229931304,0.48759245163098264
ETAWAH,26.74972222,78.98333333,11-11-2021 08:30,1.0,20211112T052051_20211112T052922_T44RKQ,2021-11-12,0.8761067824074074,0.1535981686089423,0.15928550190418153,0.13650799543504513,0.18051987698696015,0.08847477421298758,0.0625236204322973,-0.062436201785342885,0.2858248747138491
ETAWAH,26.74972222,78.98333333,22-11-2021 07:40,28.0,20211122T052121_20211122T052810_T44RKQ,2021-11-22,0.08919283564814814,0.044218496911370336,0.06115914967544545,0.04931897551675018,0.05046234541805461,0.02102802643633179,0.015350084622319255,0.09558340337500816,0.4879308287683573
ETAWAH,26.74972222,78.98333333,13-12-2021 09:20,25.0,20211212T052221_20211212T052221_T44RKQ,2021-12-12,1.1586477314814816,0.0572261122550379,0.07684645306440659,0.05653367103140399,0.07738453023102101,0.025976308883400637,0.017737922359358622,-0.0035135583477624416,0.4950677660243536
ETAWAH,26.74972222,78.98333333,21-12-2021 08:20,13.0,20211222T052231_20211222T052230_T44RKQ,2021-12-22,0.8830361921296296,0.02367599939283504,0.04273317880857199,0.02952345148691707,0.027994116111962668,0.019666075536054095,0.014422902748904292,0.20817968439151374,0.3707362071690695
ETAWAH,26.74972222,78.98333333,01-01-2022 08:30,9.0,20220101T052231_20220101T053051_T44RKQ,2022-01-01,0.12389644675925926,0.08185119650469304,0.08605585543770208,0.06533468571892176,0.07720099926426974,0.03197267702817372,0.02073201018113953,0.05425228577616901,0.4583149314438505
ETAWAH,26.74972222,78.98333333,11-01-2022 08:30,16.0,20220111T052201_20220111T052204_T44RKQ,2022-01-11,0.1239020949074074,0.07369272266137038,0.07942950408821842,0.06674552402513623,0.08671765240760908,0.03039339791667682,0.015139639717531983,-0.04386507987457973,0.44669937566426166
ETAWAH,26.74972222,78.98333333,21-01-2022 09:10,17.0,20220121T052121_20220121T052119_T44RKQ,2022-01-21,0.15169475694444445,0.7604938084343534,0.7315100799860048,0.7126289972834087,0.7098860930953481,0.6202633310747042,0.5302749659597606,0.015020019569272187,0.08237712934134979
ETAWAH,26.74972222,78.98333333,01-02-2022 08:40,12.0,20220131T052041_20220131T052041_T44RKQ,2022-01-31,1.1308596875,0.08613469836360835,0.08833396679885387,0.07699320097202184,0.05997546464110398,0.02553980873854672,0.017292567547138045,0.1912664444152232,0.5513887338315113
ETAWAH,26.74972222,78.98333333,11-02-2022 08:50,15.0,20220210T051941_20220210T052038_T44RKQ,2022-02-10,1.1378169444444444,0.01221551243197446,0.02807048138315991,0.0264210163055592,0.01942121328682186,0.016101886235913767,0.01318918925087043,0.1814835026885408,0.27042566101184234
ETAWAH,26.74972222,78.98333333,21-02-2022 09:10,17.0,20220220T051841_20220220T051840_T44RKQ,2022-02-20,1.1516741319444443,0.013114710019517011,0.030566216240634908,0.02380958627301126,0.02613053206136233,0.016982418382466932,0.013667159326802437,0.07831980779516376,0.2870411047091087
ETAWAH,26.74972222,78.98333333,02-03-2022 09:00,19.0,20220302T051731_20220302T052536_T44RKQ,2022-03-02,0.14470886574074074,0.02261002252412214,0.03557992714188725,0.026648212237092714,0.04551741289581081,0.026890765977572433,0.019839006161468258,-0.1224978858036585,0.14047856808158674
ETAWAH,26.74972222,78.98333333,11-03-2022 08:45,3.0,20220312T051651_20220312T052910_T44RKQ,2022-03-12,0.865714537037037,0.008853673901113156,0.02246323197388913,0.015439175178012646,0.023715709516493325,0.022706179401096857,0.01778413554030022,-0.026763642220029,-0.002979205270520169
ETAWAH,26.74972222,78.98333333,21-03-2022 08:20,10.0,20220322T051651_20220322T052554_T44RKQ,2022-03-22,0.883065150462963,0.01365354738545894,0.027514541273630382,0.023638527530197243,0.03596494958404588,0.03277081877479818,0.023845002904160976,-0.1331736110942648,-0.08715829563847333
ETAWAH,26.74972222,78.98333333,01-04-2022 08:05,9.0,20220401T051651_20220401T052734_T44RKQ,2022-04-01,0.10653020833333333,0.0,0.0,0.0,0.0,0.03577632260475275,0.03140724953033265,0.0,-1.0
ETAWAH,26.74972222,78.98333333,11-04-2022 08:10,7.0,20220411T051651_20220411T052901_T44RKQ,2022-04-11,0.11000471064814815,0.02152926532964869,0.03626306343410451,0.034409586328127933,0.047292032602624885,0.05557020017583562,0.04375578507598542,-0.1320257542931752,-0.21024211452065691
ETAWAH,26.74972222,78.98333333,21-04-2022 07:50,8.0,20220421T051701_20220421T052440_T44RKQ,2022-04-21,0.0960862962962963,0.0,6.726632887376083E-4,0.019015005562110464,0.01967287436088333,0.09260599613441409,0.07229307701974806,-0.9434620732324078,-0.9860476265485224
ETAWAH,26.74972222,78.98333333,02-05-2022 08:20,1.0,20220501T051701_20220501T052759_T44RKQ,2022-05-01,1.116912476851852,0.09924597454494336,0.111145382929543,0.09174093474772434,0.16183018003724653,0.173346045758441,0.19096604699210207,-0.18446690366636997,-0.1977410480716457
ETAWAH,26.74972222,78.98333333,11-05-2022 08:00,14.0,20220511T051651_20220511T053033_T44RKQ,2022-05-11,0.10304055555555555,0.018444144263051937,0.04783658519479539,0.05419241269758844,0.055748536418242435,0.09350408122639872,0.07370491282645245,-0.07672235925375383,-0.3263693758169073
ETAWAH,26.74972222,78.98333333,21-05-2022 08:30,41.0,20220521T051701_20220521T052917_T44RKQ,2022-05-21,0.12384171296296297,0.06747447929779271,0.10165837555515439,0.09844994376128256,0.1432972417930393,0.13902925064594293,0.10408071475732772,-0.1706379910717039,-0.15607839751766306
ETAWAH,26.74972222,78.98333333,01-06-2022 08:35,42.0,20220531T051701_20220531T052755_T44RKQ,2022-05-31,1.127297951388889,0.07231009225486905,0.10574120204992224,0.10406449910773483,0.14274265105743802,0.14428293693449923,0.11050429277075877,-0.1499778690259182,-0.15539184043200707
ETAWAH,26.74972222,78.98333333,11-06-2022 08:30,28.0,20220610T051701_20220610T052518_T44RKQ,2022-06-10,1.1238095138888888,0.02876696235296811,0.07239186371936725,0.07410620852910521,0.1104718469773411,0.13848634589429912,0.10671696296855306,-0.2082754591299506,-0.31352522509457836
ETAWAH,26.74972222,78.98333333,21-06-2022 08:35,13.0,20220620T051701_20220620T052701_T44RKQ,2022-06-20,1.127251423611111,0.10499294726220001,0.12817345181404538,0.10580223807037246,0.12243987806560891,0.10458195462680278,0.08964769164444292,0.02304472193416357,0.10153508710307606
ETAWAH,26.74972222,78.98333333,11-07-2022 08:50,61.0,20220710T051701_20220710T052850_T44RKQ,2022-07-10,1.1376551157407406,0.06421898980834731,0.07874973252130385,0.05666175410980022,0.06952332460892027,0.029566694911294572,0.022600999439967927,0.06222303017820778,0.4543351477037209
ETAWAH,26.74972222,78.98333333,21-07-2022 08:20,2.0,20220720T051701_20220720T052853_T44RKQ,2022-07-20,1.116837337962963,0.06881157185741794,0.08582125549196255,0.060982995130633516,0.2116745630874894,0.134250786505757,0.09844795813540688,-0.42316439423106017,-0.22028764489585084
ETAWAH,26.74972222,78.98333333,01-08-2022 08:00,52.0,20220730T051701_20220730T052228_T44RKQ,2022-07-30,2.1030133796296298,1.4094279181916975,1.2347810782391482,1.1435654311700985,0.9490738694665134,0.40242733979631257,0.21962467622775417,0.1308252424723259,0.508540693091581
ETAWAH,26.74972222,78.98333333,11-08-2022 08:00,42.0,20220809T051701_20220809T052911_T44RKQ,2022-08-09,2.1029467939814817,0.09928561514400802,0.12858897746018313,0.13530684050868963,0.1213141468711206,0.13935833502044853,0.12168655743788896,0.08664222198323746,-0.02021222319111789
ETAWAH,26.74972222,78.98333333,22-08-2022 08:20,89.0,20220824T051649_20220824T052826_T44RKQ,2022-08-24,1.8830324768518518,0.8246725287019939,0.7345501153587224,0.6683374445902202,0.6812419479561819,0.493267001546416,0.41087567157254706,0.03710149093843087,0.19499675484231535
ETAWAH,26.74972222,78.98333333,01-09-2022 08:50,167.0,20220903T051649_20220903T052701_T44RKQ,2022-09-03,1.8622108912037036,0.07685720692556519,0.10618816212612532,0.10846179630607368,0.04572775894943792,0.030974845194545172,0.022259979966874784,0.3981752399866983,0.5485048386947932
ETAWAH,26.74972222,78.98333333,12-09-2022 08:10,8.0,20220913T051649_20220913T052437_T44RKQ,2022-09-13,0.8899960995370371,1.4865597974811056,1.3135820955105197,1.2101712805462315,1.0634988766364954,0.6525610174295735,0.49030375615316074,0.10520753046174677,0.33617026430579866
ETAWAH,26.74972222,78.98333333,21-09-2022 08:30,26.0,20220923T051649_20220923T052234_T44RKQ,2022-09-23,1.8760959953703704,0.2143585029884603,0.1996993523086883,0.1744513784300301,0.17667911107849063,0.09956556898311017,0.07805717754521752,0.06462619181220035,0.34020299600806453
ETAWAH,26.74972222,78.98333333,01-10-2022 08:30,344.0,20221003T051649_20221003T052253_T44RKQ,2022-10-03,1.8760671643518518,0.09992170621124981,0.1234432152485022,0.13301249912537233,0.11270829116892038,0.03511199371801136,0.025143651375106563,0.04563899267898026,0.5571063819450437
ETAWAH,26.74972222,78.98333333,11-10-2022 08:30,66.0,20221013T051749_20221013T052416_T44RKQ,2022-10-13,1.8760708101851853,0.09566234570806259,0.1279940604859426,0.14754591683378895,0.1071760417539039,0.01924072336646737,0.01411744087988507,0.0885759248258756,0.7383434579850316
ETAWAH,26.74972222,78.98333333,21-10-2022 08:20,123.0,20221023T051849_20221023T052729_T44RKQ,2022-10-23,1.8830214467592592,0.08914874688730585,0.11105433549010407,0.12163913241893826,0.09729856476691125,0.028874141398265638,0.01974587554457128,0.06612247353336284,0.5876816858344519
ETAWAH,26.74972222,78.98333333,01-11-2022 09:30,63.0,20221102T051949_20221102T052958_T44RKQ,2022-11-02,0.8343934143518519,0.0771617114843868,0.09871690611770327,0.0995518295031444,0.07817622400434306,0.035584585641003176,0.026016990405345875,0.11621054332820818,0.4703922556159465
ETAWAH,26.74972222,78.98333333,11-11-2022 08:40,45.0,20221112T052049_20221112T052220_T44RKQ,2022-11-12,0.8691331944444445,0.12192347940258887,0.12818355845321006,0.10818405142830066,0.05883317844478649,0.016928870817184923,0.013073282659673635,0.37105527876347716,0.7667230808570443
ETAWAH,26.74972222,78.98333333,21-11-2022 08:30,56.0,20221122T052119_20221122T052433_T44RKQ,2022-11-22,0.876079537037037,0.07211204926978364,0.0888028295012191,0.08156344327584815,0.06267463424356302,0.016235247626166526,0.011522240902015079,0.17245674167491232,0.6912853243416763
ETAWAH,26.74972222,78.98333333,01-12-2022 08:45,58.0,20221202T052159_20221202T052600_T44RKQ,2022-12-02,0.865644988425926,0.07716341549215991,0.09898078495212874,0.08424013305921112,0.07984420075605682,0.028703307955282496,0.017431559944672194,0.10692995613512189,0.5503641432444859
ETAWAH,26.74972222,78.98333333,12-12-2022 08:30,39.0,20221212T052219_20221212T052632_T44RKQ,2022-12-12,0.1239474537037037,0.04432794233723251,0.06424590341509781,0.041514766204321894,0.03987325503918771,0.012909952188508487,0.008897522628660786,0.23414009336491223,0.665979730527479
ETAWAH,26.74972222,78.98333333,21-12-2022 08:40,38.0,20221222T052229_20221222T052753_T44RKQ,2022-12-22,0.8691298032407407,0.02462345156829117,0.04480484237439243,0.027091033001344335,0.02526748327875032,0.014356953896994304,0.011638499261902623,0.2807060094961376,0.5143644985751259
ETAWAH,26.74972222,78.98333333,02-01-2023 09:00,13.0,20230101T052229_20230101T052722_T44RKQ,2023-01-01,1.144763761574074,1.335389637514144,1.1799187902864572,1.0941913312653433,0.9805482059616497,0.7108802897520027,0.5780533787517532,0.09228447492880461,0.24807029264047745
ETAWAH,26.74972222,78.98333333,11-01-2023 09:00,7.0,20230111T052159_20230111T052604_T44RKQ,2023-01-11,0.1447965972222222,0.8403443645199277,0.770153379160072,0.7264291116263013,0.6832671161522872,0.560398869694689,0.45693907507921805,0.05983211046560913,0.15783003880432592
ETAWAH,26.74972222,78.98333333,21-01-2023 08:40,12.0,20230121T052129_20230121T052439_T44RKQ,2023-01-21,0.13088597222222223,0.10548196760266348,0.10887756122817363,0.08899890224508071,0.10411372539054538,0.03787822364347039,0.021215118299477507,0.022285943381448636,0.4842235450003598
ETAWAH,26.74972222,78.98333333,01-02-2023 08:30,7.0,20230131T052039_20230131T052214_T44RKQ,2023-01-31,1.1239480671296296,0.0705525760642706,0.08221914521984855,0.07125002837704227,0.096638696479007,0.038600872971614617,0.02409598814755645,-0.07463236115264564,0.37576735012552104
ETAWAH,26.74972222,78.98333333,11-02-2023 08:40,23.0,20230210T051949_20230210T052635_T44RKQ,2023-02-10,1.1308775925925927,0.020427744834566375,0.034174901756839744,0.02725796740704535,0.03641058563365945,0.029394665002499848,0.022427618557058677,-0.03153767350145777,0.07550428395234532
ETAWAH,26.74972222,78.98333333,21-02-2023 08:40,15.0,20230220T051839_20230220T052919_T44RKQ,2023-02-20,1.1308693402777779,0.016069130174687706,0.036473085764514475,0.01840615150181006,0.02913255908191918,0.016046396494808456,0.013494453864876882,0.11256090249773956,0.39478497282257907
ETAWAH,26.74972222,78.98333333,01-03-2023 08:30,10.0,20230302T051729_20230302T052948_T44RKQ,2023-03-02,0.8760926620370371,0.023298465541924718,0.04706631469863323,0.03127380349670185,0.032198465733918956,0.030444369517132506,0.023636725843414204,0.18869488664508405,0.21553330059553424
ETAWAH,26.74972222,78.98333333,11-03-2023 08:30,14.0,20230312T051659_20230312T052443_T44RKQ,2023-03-12,0.8761338310185185,0.027433530168202998,0.03789282126482242,0.02253966775921023,0.028733544616418825,0.018777660407657687,0.013567201692903591,0.13773452707037734,0.3402458389566558
ETAWAH,26.74972222,78.98333333,21-03-2023 09:20,8.0,20230322T051659_20230322T052301_T44RKQ,2023-03-22,0.841392199074074,0.02893572607416417,0.03852255057715517,0.022470692591636802,0.027837204300905458,0.01652511269344974,0.01255474373203207,0.16212086139460777,0.40331513251215734
ETAWAH,26.74972222,78.98333333,01-04-2023 09:40,26.0,20230401T051659_20230401T052512_T44RKQ,2023-04-01,0.17248697916666667,0.023068158755179598,0.031219341355346583,0.017749000503786482,0.014048958295690913,0.014173226475716687,0.010188105083380089,0.38074362571225384,0.38087061604040223
ETAWAH,26.74972222,78.98333333,11-04-2023 09:30,39.0,20230411T051649_20230411T052709_T44RKQ,2023-04-11,0.16556564814814814,0.019325281660122845,0.028529757943983942,0.01996392182437368,0.021248775411361564,0.02182423953713665,0.01839093479085588,0.14677225679803124,0.13570920309536413
ETAWAH,26.74972222,78.98333333,21-04-2023 09:10,9.0,20230421T051649_20230421T052441_T44RKQ,2023-04-21,0.15167054398148147,0.04893210868305014,0.07285076001688402,0.061261979362251966,0.0783433994699924,0.08839055440317305,0.07097643498868288,-0.036428745276426276,-0.0989086244709134
ETAWAH,26.74972222,78.98333333,01-05-2023 20:50,20.0,20230501T051649_20230501T052839_T44RKQ,2023-05-01,0.6377793518518519,0.015287894066934135,0.033974043044197676,0.013950788218304906,0.012834164029816356,0.023207953224521814,0.025277421370029095,0.7417511899222995,0.14851957574766758
ETAWAH,26.74972222,78.98333333,11-05-2023 09:40,32.0,20230511T051649_20230511T052839_T44RKQ,2023-05-11,0.17249947916666666,0.034004504455207335,0.04811173970265701,0.032790962771590174,0.048972522683110226,0.038051844688304415,0.03159888787116428,-0.008365285355548707,0.11704303712142543
ETAWAH,26.74972222,78.98333333,22-05-2023 21:23,29.0,20230521T051659_20230521T052824_T44RKQ,2023-05-21,1.6606643055555557,0.08176179656335196,0.10094645373871435,0.09061492097496919,0.1185268292000081,0.1074916530989933,0.08804327111821288,-0.08147645070425212,-0.03568301221428163
ETAWAH,26.74972222,78.98333333,01-06-2023 09:10,51.0,20230531T051659_20230531T052823_T44RKQ,2023-05-31,1.1516481712962963,0.03008623300817678,0.057401083846081495,0.04298552926834297,0.061833783810085696,0.05449473452995541,0.04070374524317314,-0.03328392164513462,0.017791314660883534
ETAWAH,26.74972222,78.98333333,12-06-2023 09:10,37.0,20230610T051659_20230610T052824_T44RKQ,2023-06-10,2.1516358449074073,0.058011162566725887,0.0739378105809174,0.0677667656233786,0.09400033769575326,0.08656762340966075,0.06803255914689488,-0.11944289977540608,-0.07883406859331737
ETAWAH,26.74972222,78.98333333,21-06-2023 08:50,44.0,20230620T051659_20230620T052819_T44RKQ,2023-06-20,1.1377550810185184,1.0731693676395997,1.014385601958713,0.9780420023981518,0.9806932441235799,0.3578343100862595,0.3105531920645353,0.016887586646024265,0.4784549416403647
ETAWAH,26.74972222,78.98333333,02-07-2023 20:50,107.0,20230705T051651_20230705T052819_T44RKQ,2023-07-05,2.36225412037037,0.10027895572486224,0.09811967944722154,0.07606538652593423,0.08415495426297555,0.04423475569179114,0.03699998602508107,0.0767886966612685,0.3784692059480796
ETAWAH,26.74972222,78.98333333,11-07-2023 08:50,37.0,20230710T051659_20230710T052820_T44RKQ,2023-07-10,1.137745925925926,1.0325689309167567,0.9843724049157927,0.9682607025931682,0.9204644166721823,0.4538940610028468,0.34050551913930366,0.03371716044326146,0.3687617972803614
ETAWAH,26.74972222,78.98333333,21-07-2023 11:55,148.0,20230720T051659_20230720T052825_T44RKQ,2023-07-20,1.2662096296296297,0.15742775980857207,0.18777669054615473,0.21018254577794726,0.15443597976034423,0.061237951191582686,0.05413455723917012,0.09701254187510475,0.5092297104304774
ETAWAH,26.74972222,78.98333333,01-08-2023 09:10,379.0,20230730T051659_20230730T052820_T44RKQ,2023-07-30,2.151630416666667,0.38274352589353655,0.34262139646353235,0.2953978321422731,0.4269193124135134,0.29994551206494235,0.2469780836610946,-0.10991639000581797,0.06596777733910394
ETAWAH,26.74972222,78.98333333,11-08-2023 20:45,191.0,20230814T051701_20230814T052317_T44RKQ,2023-08-14,2.365729351851852,0.2913213126688592,0.3056415263815103,0.29603364496902973,0.41424712649471057,0.34049258486426504,0.2509889664560523,-0.15093101719226523,-0.05393220594222028
ETAWAH,26.74972222,78.98333333,21-08-2023 21:00,302.0,20230824T051701_20230824T052448_T44RKQ,2023-08-24,2.355321469907407,0.8239084418930182,0.8023197125677052,0.792273764674728,0.8035265755512425,0.26065187577393145,0.2277169213588308,-7.507774155431084E-4,0.5095834817888366
ETAWAH,26.74972222,78.98333333,01-09-2023 09:00,230.0,20230903T051701_20230903T053110_T44RKQ,2023-09-03,1.8553121527777778,0.08737416911412971,0.12486309093435773,0.14438969707368193,0.10155881252999811,0.04464890265696774,0.03246651183098538,0.10304418686139692,0.4734253233072122
ETAWAH,26.74972222,78.98333333,11-09-2023 09:30,195.0,20230913T051651_20230913T053113_T44RKQ,2023-09-13,1.8344701157407408,0.6002578894515429,0.584677531023149,0.5669033780761131,0.5915146383649863,0.28289870419833174,0.2934063924182844,-0.005811690929165394,0.3478156742220325
ETAWAH,26.74972222,78.98333333,21-09-2023 09:10,55.0,20230923T051651_20230923T052212_T44RKQ,2023-09-23,1.8483274305555555,1.6550207292946344,1.4709159864934984,1.2881451635076122,1.1328120496593885,0.08214208956384143,0.12416901589929219,0.1298735793428244,0.894230715192116
ETAWAH,26.74972222,78.98333333,25-09-2023 10:50,,20230923T051651_20230923T052212_T44RKQ,2023-09-23,2.2211170138888887,1.6550207292946344,1.4709159864934984,1.2881451635076122,1.1328120496593885,0.08214208956384143,0.12416901589929219,0.1298735793428244,0.894230715192116
ETAWAH,26.74972222,78.98333333,03-10-2023 09:10,26.0,20231003T051651_20231003T052230_T44RKQ,2023-10-03,0.1516736111111111,0.03271570977511573,0.053429546558323354,0.039482573263330385,0.054646424370763315,0.030388823204080217,0.02176130366163445,-0.011157834842903482,0.27526021718156635
ETAWAH,26.74972222,78.98333333,11-10-2023 09:20,60.0,20231013T051741_20231013T052432_T44RKQ,2023-10-13,1.841336712962963,0.028983431910731005,0.04995149223402412,0.03936054338942291,0.05516071233222984,0.035081306603519026,0.024837641168159213,-0.04968108659817812,0.17466019086648826
ETAWAH,26.74972222,78.98333333,23-10-2023 09:10,26.0,20231023T051851_20231023T052716_T44RKQ,2023-10-23,0.1516933101851852,0.047196030618857826,0.06813367128766537,0.054388288231797276,0.05034990172292031,0.027771931550117326,0.020205011272746314,0.15007129795262006,0.42103464216799347
ETAWAH,26.74972222,78.98333333,01-11-2023 09:15,16.0,20231102T051951_20231102T052415_T44RKQ,2023-11-02,0.8448188194444445,0.05339315841561771,0.07437853334966613,0.05819498866572054,0.05566043091354775,0.02471865165159568,0.016173620586103114,0.14427248337033402,0.5015511757627062
ETAWAH,26.74972222,78.98333333,07-11-2023 08:50,37.0,20231107T052019_20231107T052323_T44RKQ,2023-11-07,0.1377753125,0.05128624743670813,0.07461265559299841,0.06538246082758682,0.05766973535158999,0.04474845221360541,0.02906135944958969,0.12848676186367486,0.25031972141424613
ETAWAH,26.74972222,78.98333333,13-11-2023 09:10,27.0,20231112T052041_20231112T052318_T44RKQ,2023-11-12,1.151701111111111,0.045138780958426133,0.06539413062142428,0.050551337235070236,0.05440663004310818,0.02240810811840552,0.014883938775243667,0.09153199419699115,0.48976187380701985
ETAWAH,26.74972222,78.98333333,21-11-2023 09:00,28.0,20231122T052121_20231122T052116_T44RKQ,2023-11-22,0.8552054976851852,0.050913485621316125,0.07616213408743476,0.05827480306542638,0.04760517996708602,0.021026871978359823,0.014984867611961852,0.23098572782819735,0.5675705645132709
ETAWAH,26.74972222,78.98333333,21-11-2023 09:10,46.0,20231122T052121_20231122T052116_T44RKQ,2023-11-22,0.8482610532407407,0.050913485621316125,0.07616213408743476,0.05827480306542638,0.04760517996708602,0.021026871978359823,0.014984867611961852,0.23098572782819735,0.5675705645132709
ETAWAH,26.74972222,78.98333333,01-12-2023 09:20,19.0,20231202T052151_20231202T052152_T44RKQ,2023-12-02,0.841269050925926,0.0481052369446712,0.07508803497127317,0.05790510976336781,0.08131175470194435,0.03316962266621928,0.017364879114645626,-0.04031267019148276,0.38640797132760424
ETAWAH,26.74972222,78.98333333,11-12-2023 08:30,18.0,20231212T052221_20231212T052217_T44RKQ,2023-12-12,0.8760295601851852,0.04255344887339586,0.061670495612496476,0.04459617150263642,0.05670014030702814,0.02441216236256222,0.015759501731687078,0.04195731926918123,0.43279108231434155
ETAWAH,26.74972222,78.98333333,01-01-2024 09:15,10.0,20240101T052221_20240101T052222_T44RKQ,2024-01-01,0.15520123842592592,0.6259796771195694,0.6334667800598452,0.6523355307174965,0.6798388513627353,0.6756555010807944,0.45649263652477845,-0.035299017530370944,-0.03217582274144431
ETAWAH,26.74972222,78.98333333,11-01-2024 21:20,9.0,20240111T052201_20240111T052201_T44RKQ,2024-01-11,0.6586985763888888,0.7249190463256595,0.7147856675977777,0.7171405718938724,0.7472301401399277,0.6584495885113071,0.5645136528539364,-0.022349806541266545,0.040571187239513654
ETAWAH,26.74972222,78.98333333,12-02-2024 09:00,22.0,20240210T051951_20240210T052850_T44RKQ,2024-02-10,2.1447908912037037,0.036916934398447614,0.049567990074760655,0.041155391182385495,0.036070017127827786,0.013330883971312681,0.010129363829561571,0.1592411400848866,0.5748141831760337
ETAWAH,26.74972222,78.98333333,21-02-2024 09:10,19.0,20240220T051841_20240220T052240_T44RKQ,2024-02-20,1.1517174768518519,0.030448479757241503,0.05453147567013649,0.05002129786261903,0.07042880097209049,0.05989349656685902,0.046133108255096825,-0.11955470896560934,-0.0544866177718726
ETAWAH,26.74972222,78.98333333,21-03-2024 09:30,9.0,20240321T051651_20240321T053116_T44RKQ,2024-03-21,0.16557003472222223,0.030692567449191015,0.05350544768687641,0.03979268018366047,0.031086669469709505,0.019309403242906222,0.016607587438638886,0.26502270607470735,0.47000401073160614
ETAWAH,26.74972222,78.98333333,01-04-2024 08:35,14.0,20240331T051651_20240331T052929_T44RKQ,2024-03-31,1.1273982291666667,0.03449452468346142,0.05214846573942049,0.037640174732308594,0.05780686933949992,0.03279994370028805,0.022631714427539546,-0.050227050284193275,0.22743369347147374
ETAWAH,26.74972222,78.98333333,12-04-2024 12:23,25.0,20240410T051651_20240410T053057_T44RKQ,2024-04-10,2.2857184722222224,0.026846945240437098,0.04742411318337881,0.03511385143622294,0.04182073470757779,0.03927754776616296,0.030061049821843214,0.08866080111126008,0.10013898856728651
ETAWAH,26.74972222,78.98333333,22-04-2024 09:30,27.0,20240420T051651_20240420T052641_T44RKQ,2024-04-20,2.165543726851852,0.0770367958115179,0.09926669473281584,0.09657573256104648,0.1411585025898357,0.13462873006466072,0.1052114580252401,-0.17869837824800594,-0.1491926128741119
ETAWAH,26.74972222,78.98333333,01-05-2024 08:40,29.0,20240430T051651_20240430T053056_T44RKQ,2024-04-30,1.1308285300925927,0.10211135899524316,0.12431427299858884,0.12964646578221037,0.1501049684687845,0.16916652759621006,0.14756858122098754,-0.09872381503878348,-0.1494113506407368
ETAWAH,26.74972222,78.98333333,11-05-2024 20:36,25.0,20240510T051651_20240510T052922_T44RKQ,2024-05-10,1.6280491782407407,0.08398782387417782,0.11206876424766306,0.12451800307875655,0.10570458903502851,0.16375197218164703,0.14294156836039548,0.06375417996651277,-0.1703502884944543
ETAWAH,26.74972222,78.98333333,01-06-2024 08:40,19.4,20240530T051651_20240530T053020_T44RKQ,2024-05-30,2.1308302430555557,0.1305321647485651,0.16545760180792762,0.1714708341845639,0.1999882339071986,0.2210411760989611,0.183143500366609,-0.09310582736223888,-0.14065016588607282
ETAWAH,26.74972222,78.98333333,11-06-2024 08:40,14.0,20240609T051701_20240609T052940_T44RKQ,2024-06-09,2.1307916319444447,0.08282806893059699,0.11090458861420034,0.114834755862568,0.13074731182932087,0.16212926560337448,0.13330840371834404,-0.07758489139670421,-0.18935832473017314
ETAWAH,26.74972222,78.98333333,21-06-2024 08:40,16.3,20240619T051701_20240619T052437_T44RKQ,2024-06-19,2.1307983449074075,0.128843806842384,0.16083268609069926,0.1635214532043802,0.18454076641297965,0.21162759010923343,0.17486819950234453,-0.06505261802181145,-0.13225095130100445
ETAWAH,26.74972222,78.98333333,01-07-2024 08:20,36.3,20240629T051651_20240629T052539_T44RKQ,2024-06-29,2.1169367939814814,0.9094476337452329,0.9253335578182528,0.9445845787958785,1.006670494488365,0.24179537263740827,0.27821566521500557,-0.04209973135551958,0.585656571906765
ETAWAH,26.74972222,78.98333333,11-07-2024 08:40,109.0,20240709T051651_20240709T053028_T44RKQ,2024-07-09,2.1308225810185184,0.08533928796191709,0.11088710540049786,0.08262539455910457,0.09088472740384876,0.03329291954313548,0.02248146146250603,0.09921791225877333,0.5381781060693299
ETAWAH,26.74972222,78.98333333,22-07-2024 08:35,8.0,20240724T051659_20240724T052449_T44RKQ,2024-07-24,1.8726476157407408,1.0193414459894372,0.968228155688324,0.9378380593130584,0.8801376129760667,0.5048191889340209,0.41794785645765226,0.04763212756920809,0.31454276541868853
ETAWAH,26.74972222,78.98333333,01-08-2024 21:35,21.6,20240803T051649_20240803T052816_T44RKQ,2024-08-03,1.3309589467592593,0.7580193808587553,0.7279133976160274,0.7024053461379832,0.7542522520179281,0.21422218370905804,0.27131364132101476,-0.017770606114608786,0.5452418230507556
ETAWAH,26.74972222,78.98333333,12-08-2024 08:35,24.5,20240813T051659_20240813T053058_T44RKQ,2024-08-13,0.8726606828703704,1.8024747802934669,1.565743694350392,1.4130796120074152,1.1675947193257716,0.4584324773409413,0.2677392361786317,0.14562526260720787,0.547991937982875
ETAWAH,26.74972222,78.98333333,21-08-2024 08:45,18.4,20240823T051649_20240823T052843_T44RKQ,2024-08-23,1.8656606712962962,0.14817058053790583,0.15988496673998195,0.14569498919294563,0.12817880107605883,0.049591062338246665,0.03432464772973814,0.11037469515576957,0.5269710348314934
ETAWAH,26.74972222,78.98333333,02-09-2024 09:10,44.3,20240902T051659_20240902T052438_T44RKQ,2024-09-02,0.1516604513888889,0.8402787158769128,0.7422969617654342,0.669939645498924,0.6335534357323169,0.44489845279436396,0.3758316546477177,0.07903438283189261,0.2505279343222847
ETAWAH,26.74972222,78.98333333,11-09-2024 08:40,109.4,20240912T051649_20240912T053113_T44RKQ,2024-09-12,0.8691516435185185,0.8269487609835092,0.8144659834183955,0.815809565864772,0.7869233077157054,0.272667413422217,0.21083923253054557,0.017200692643061163,0.4983735339556662
ETAWAH,26.74972222,78.98333333,21-09-2024 08:30,128.4,20240922T051649_20240922T052326_T44RKQ,2024-09-22,0.8760474537037037,0.09609400382504571,0.12048547291343716,0.13351013624898014,0.06887618261431387,0.00889317299394558,0.007672776015415611,0.2728148033330636,0.8626638212417431
UDI,26.69638889,78.93777778,01-01-2021 09:00,6.0,20210101T052219_20210101T052222_T44RKQ,2021-01-01,0.1447687037037037,0.1758873043420797,0.20098599856888277,0.22680382343823785,0.272244259151547,0.349171669355311,0.36477836662332314,-0.14900001159438825,-0.2675897350534012
UDI,26.69638889,78.93777778,01-02-2021 09:20,1.0,20210131T052039_20210131T052539_T44RKQ,2021-01-31,1.158641863425926,0.15281166885460326,0.2040314069951317,0.24905246673116505,0.3020011224664417,0.36640418854993934,0.37527671899621917,-0.19196983426861688,-0.2850512468507316
UDI,26.69638889,78.93777778,01-03-2021 08:40,2.0,20210302T051729_20210302T052733_T44RKQ,2021-03-02,0.8691270370370371,0.1818924062430616,0.24180421911826305,0.3033232643779247,0.35021778423395167,0.410622201383357,0.4182664549008848,-0.18186863965455552,-0.26039029699739125
UDI,26.69638889,78.93777778,22-03-2021 08:20,12.0,20210322T051649_20210322T052843_T44RKQ,2021-03-22,0.11698217592592593,0.162160481723924,0.2121458177325278,0.2572929851221634,0.3036559237368614,0.3864217757818387,0.3967824565799499,-0.1769292433488877,-0.29112653852631976
UDI,26.69638889,78.93777778,05-04-2021 09:00,13.0,20210406T051651_20210406T052529_T44RKQ,2021-04-06,0.8552056018518519,0.19639029908172698,0.26493358541252277,0.3138522697193923,0.34051238562878766,0.37718066073714235,0.3466695506169158,-0.12452375281926337,-0.17527462583536443
UDI,26.69638889,78.93777778,12-04-2021 08:30,2.0,20210411T051649_20210411T052917_T44RKQ,2021-04-11,1.1239549421296295,0.17466888686205528,0.22913353046870816,0.2874945575332367,0.3356221819119197,0.3976444536274067,0.40101497084987536,-0.18786118178826483,-0.26913929404998554
UDI,26.69638889,78.93777778,21-04-2021 08:25,7.0,20210421T051649_20210421T053100_T44RKQ,2021-04-21,0.12050777777777778,0.33473516032822476,0.3210418980181612,0.2868090834686999,0.38077542395694314,0.30184722556337845,0.2920507395902667,-0.08519672364484625,0.030369516045247787
UDI,26.69638889,78.93777778,21-05-2021 08:15,3.0,20210521T051649_20210521T053105_T44RKQ,2021-05-21,0.11350049768518519,0.8780258118176151,0.8468952593078731,0.8285021183947616,0.7883092419567884,0.7509822171732932,0.6980391813031771,0.03586090630991131,0.059732326439037274
UDI,26.69638889,78.93777778,01-06-2021 08:10,5.0,20210531T051649_20210531T052809_T44RKQ,2021-05-31,1.1100178703703705,0.2032323073698938,0.26024799885401906,0.31354373738087976,0.3337998324270644,0.415133149990398,0.4120964321945349,-0.12368574068966291,-0.22963813800533903
UDI,26.69638889,78.93777778,11-06-2021 08:20,8.0,20210610T051649_20210610T053106_T44RKQ,2021-06-10,1.1169591435185184,1.201427936671271,1.0972411117020096,0.999544155919467,1.0242151589429147,0.6312444446778377,0.5365530457088387,0.034444981267861434,0.26930254185801406
UDI,26.69638889,78.93777778,21-06-2021 08:20,19.0,20210620T051649_20210620T053110_T44RKQ,2021-06-20,1.1169628935185185,0.6294190332672691,0.6164997566036245,0.5959883032092462,0.5967406128321993,0.5465144130075161,0.4441035020901119,0.016278888025638844,0.06045219322602894
UDI,26.69638889,78.93777778,01-07-2021 08:30,20.0,20210630T051649_20210630T051915_T44RKQ,2021-06-30,1.123903425925926,0.20894854411359215,0.2381728945859589,0.2567881617229498,0.3070664975515117,0.2946628875602035,0.27865969214227554,-0.1263310261406963,-0.10600312559870786
UDI,26.69638889,78.93777778,12-07-2021 08:25,28.0,20210710T051649_20210710T053111_T44RKQ,2021-07-10,2.120422349537037,0.8551296055878366,0.719075525836001,0.6012778378867004,0.574523473873632,0.44696034183737515,0.4105187505169391,0.11101248089324132,0.2325081332426575
UDI,26.69638889,78.93777778,22-07-2021 08:30,19.0,20210720T051649_20210720T053107_T44RKQ,2021-07-20,2.1238922453703704,0.6060184463659589,0.5698842173234063,0.5315917347547761,0.5464087748400158,0.44909270475404484,0.4005199246570463,0.0210256595287614,0.11853562569661803
UDI,26.69638889,78.93777778,02-08-2021 08:45,410.0,20210804T051651_20210804T052536_T44RKQ,2021-08-04,1.8657022222222222,1.116632649068271,1.0221197108385787,0.9618331497184477,0.8451159350164462,0.659096174093971,0.48718696724559046,0.0947949775448416,0.21593004829409634
UDI,26.69638889,78.93777778,11-08-2021 08:50,319.0,20210809T051649_20210809T053106_T44RKQ,2021-08-09,2.1377949537037035,0.3264434154352425,0.31992742829009085,0.3135568405293756,0.31752433606161445,0.0654856042456446,0.04320617190237607,0.0037679813775802116,0.6601896629493714
UDI,26.69638889,78.93777778,23-08-2021 08:40,36.0,20210824T051651_20210824T052626_T44RKQ,2021-08-24,0.8691633333333333,0.20486888933220318,0.21863610353899565,0.20993218186006227,0.2200964707061575,0.10934493101742573,0.07675747279039537,-0.00333070452130284,0.33322191722329686
UDI,26.69638889,78.93777778,01-09-2021 08:40,35.0,20210903T051651_20210903T052534_T44RKQ,2021-09-03,1.8691508101851853,1.114053697789183,1.0716900366629363,1.0187065927653516,0.9458891651256001,0.5943423809590228,0.4442110763275891,0.062476078864057656,0.28631634700822883
UDI,26.69638889,78.93777778,13-09-2021 08:45,37.0,20210913T051651_20210913T053059_T44RKQ,2021-09-13,0.1343220138888889,0.12082180427223692,0.1565161811832837,0.1591527901729183,0.12615601136666654,0.0551158868553609,0.03595170729217376,0.11493306291578599,0.4858836445873103
UDI,26.69638889,78.93777778,21-09-2021 08:35,194.0,20210923T051651_20210923T053101_T44RKQ,2021-09-23,1.8726483796296296,0.0649938570898779,0.07274279569659439,0.07418703791353752,0.056265289319788366,0.014870518550478919,0.010436876079270014,0.12775020662087122,0.6606306833723469
UDI,26.69638889,78.93777778,01-10-2021 08:40,64.0,20211003T051701_20211003T052600_T44RKQ,2021-10-03,1.8691936921296297,0.06857715487170116,0.10673001629590957,0.08519900213410109,0.02823672138162887,0.014696696096774346,0.011034092600222348,0.581682141489509,0.7579154113367038
UDI,26.69638889,78.93777778,11-10-2021 08:30,15.0,20211013T051751_20211013T052103_T44RKQ,2021-10-13,1.876146412037037,0.04993330550067254,0.07798566018124765,0.05177929140831639,0.016997539798371552,0.02037583339059092,0.016205792095599622,0.6422279308101355,0.5856514186458918
UDI,26.69638889,78.93777778,21-10-2021 08:35,37.0,20211023T051901_20211023T052038_T44RKQ,2021-10-23,1.8726727083333334,0.06553888658885713,0.10680607292457053,0.15755872354047576,0.13218406029019397,0.015331533531916686,0.01164525510232886,-0.10622476931448213,0.7489298953548124
UDI,26.69638889,78.93777778,01-11-2021 08:30,1.0,20211102T052001_20211102T052127_T44RKQ,2021-11-02,0.8761327546296296,0.061793477009863006,0.08348916094442738,0.05871817794414106,0.02708238438499782,0.021226290065591458,0.0157809927902459,0.5101889589408372,0.5945854996153361
UDI,26.69638889,78.93777778,11-11-2021 08:40,4.0,20211112T052051_20211112T052922_T44RKQ,2021-11-12,0.8691623379629629,0.1516713886765946,0.16376004532413213,0.1383870938470993,0.142399325916557,0.07638591261150868,0.05638422623473634,0.06978584088319117,0.3638478011106552
UDI,26.69638889,78.93777778,22-11-2021 08:35,7.0,20211122T052121_20211122T052810_T44RKQ,2021-11-22,0.1273872800925926,0.041436791547249274,0.06907164425592156,0.04722173433998593,0.02484962752469395,0.018611907610965907,0.014876831153743672,0.47139328143758547,0.5772433568242064
UDI,26.69638889,78.93777778,13-12-2021 08:40,9.0,20211212T052221_20211212T052221_T44RKQ,2021-12-12,1.1308699537037037,0.06912239574437469,0.09085468842722473,0.07291720854688023,0.06258275032590233,0.030373709958738525,0.02177584712596135,0.18900942096336645,0.5054526242960292
UDI,26.69638889,78.93777778,21-12-2021 08:30,5.0,20211222T052231_20211222T052230_T44RKQ,2021-12-22,0.8760917476851852,0.030569225366916163,0.062320047678654,0.04799821448279186,0.02070612962108012,0.022589455778060732,0.019989779460863593,0.5227298733094701,0.4817959751667235
UDI,26.69638889,78.93777778,01-01-2022 08:30,7.0,20220101T052231_20220101T053051_T44RKQ,2022-01-01,0.12389644675925926,0.08693718524856879,0.10044479129725195,0.08139231081532979,0.05768857034530534,0.0341920985429264,0.025296527499030046,0.27153988456979145,0.4959329136703718
UDI,26.69638889,78.93777778,11-01-2022 08:40,6.0,20220111T052201_20220111T052204_T44RKQ,2022-01-11,0.13084653935185186,0.09437943229096425,0.10413317796815458,0.08927351265043779,0.07574230291417561,0.034756882727129394,0.021364824809987696,0.1580386696343816,0.5004897543386152
UDI,26.69638889,78.93777778,21-01-2022 08:50,7.0,20220121T052121_20220121T052119_T44RKQ,2022-01-21,0.13780586805555556,0.7710429901699972,0.7409910306085205,0.7225533498250264,0.7035518042920227,0.619714334362019,0.5283944133077849,0.026140500127150513,0.08960113518330749
UDI,26.69638889,78.93777778,01-02-2022 08:45,6.0,20220131T052041_20220131T052041_T44RKQ,2022-01-31,1.1343319097222222,0.09594872775928193,0.11823067610485552,0.09550222154598309,0.049790257347898784,0.028476086126855957,0.02355809051569137,0.40963590153490775,0.6145916423238851
UDI,26.69638889,78.93777778,11-02-2022 08:35,3.0,20220210T051941_20220210T052038_T44RKQ,2022-02-10,1.1274002777777778,0.03373516127875665,0.079874104296593,0.06419938107677256,0.019672430790389925,0.02333840866044581,0.020790313606204265,0.651110806992482,0.560711090852968
UDI,26.69638889,78.93777778,21-02-2022 08:40,4.0,20220220T051841_20220220T051840_T44RKQ,2022-02-20,1.130840798611111,0.03670056252225106,0.07742846944564073,0.06837508769104389,0.03638421220483114,0.03231661755978668,0.02841612516536956,0.41091109818020705,0.4308638640581352
UDI,26.69638889,78.93777778,02-03-2022 08:35,5.0,20220302T051731_20220302T052536_T44RKQ,2022-03-02,0.12734775462962963,0.04155929979792162,0.07803358585501328,0.07578343858411592,0.061231463478241044,0.05097757608853789,0.040750640138992114,0.1766525289330134,0.2477423014970591
UDI,26.69638889,78.93777778,11-03-2022 08:30,1.0,20220312T051651_20220312T052910_T44RKQ,2022-03-12,0.8761312037037037,0.04395189114715228,0.08595485758504069,0.08708217361245113,0.07180888577300623,0.06336846648620251,0.050562336690002214,0.15727276677868315,0.20016347236264095
UDI,26.69638889,78.93777778,21-03-2022 08:40,7.0,20220322T051651_20220322T052554_T44RKQ,2022-03-22,0.8691762615740741,0.05014179644245447,0.0897559821176224,0.09269205696590672,0.08209790510154132,0.07696901432594788,0.06075499710530929,0.08208539663308217,0.11721040125595587
UDI,26.69638889,78.93777778,01-04-2022 08:25,4.0,20220401T051651_20220401T052734_T44RKQ,2022-04-01,0.12041909722222222,0.01766201333040297,0.07415145520541415,0.09240161664296888,0.052366090248173,0.08447462444504104,0.07149448909329478,0.2597965076323518,-0.032298335539456026
UDI,26.69638889,78.93777778,11-04-2022 08:10,4.0,20220411T051651_20220411T052901_T44RKQ,2022-04-11,0.11000471064814815,0.08710655180113355,0.13472045607771638,0.16881514153667565,0.18977134794721662,0.2109170138928084,0.17325792345051427,-0.16083360287198104,-0.21754564247050234
UDI,26.69638889,78.93777778,21-04-2022 08:20,5.0,20220421T051701_20220421T052440_T44RKQ,2022-04-21,0.11691962962962962,0.10374266783915422,0.1854660058797085,0.2512492467632915,0.23718593883921663,0.30820188187947856,0.26305293207486674,-0.11760796816975329,-0.2565925161833588
UDI,26.69638889,78.93777778,02-05-2022 08:30,1.0,20220501T051701_20220501T052759_T44RKQ,2022-05-01,1.1238569212962963,0.15762315408122302,0.2192264864603277,0.276458146427396,0.2925572631694456,0.35346405398957964,0.31523181765781383,-0.14210901846073526,-0.2359858351167406
UDI,26.69638889,78.93777778,11-05-2022 08:20,1.0,20220511T051651_20220511T053033_T44RKQ,2022-05-11,0.11692944444444445,0.1425687334556947,0.21588315707578387,0.283632417997529,0.28312340855983925,0.3612321090818911,0.3123800502402629,-0.13318501279684003,-0.254983663665801
UDI,26.69638889,78.93777778,21-05-2022 08:30,10.0,20220521T051701_20220521T052917_T44RKQ,2022-05-21,0.12384171296296297,0.07090201124634805,0.10640596119383462,0.12252773967231524,0.14872596703252935,0.15032489848035513,0.11511196474494037,-0.16309822473921695,-0.16984097787377941
UDI,26.69638889,78.93777778,01-06-2022 08:15,11.0,20220531T051701_20220531T052755_T44RKQ,2022-05-31,1.1134090625,0.10065262193931539,0.15099178939852456,0.15890892822037234,0.1574443146496337,0.17161980939199703,0.13571838909281173,-0.01975773392562619,-0.06385717086990729
UDI,26.69638889,78.93777778,11-06-2022 08:20,2.0,20220610T051701_20220610T052518_T44RKQ,2022-06-10,1.1168650694444444,0.06386316638834263,0.12188900614901803,0.12262285976102048,0.1416312107305964,0.18223403250091813,0.14942606294161828,-0.07061528629249805,-0.19970183385884097
UDI,26.69638889,78.93777778,21-06-2022 08:30,2.0,20220620T051701_20220620T052701_T44RKQ,2022-06-20,1.123779201388889,0.09065092046064668,0.12696246329407465,0.14282734533092337,0.15529590711242694,0.17568676914398082,0.13884407595066053,-0.041052590080446705,-0.1528222747943153
UDI,26.69638889,78.93777778,01-07-2022 08:40,4.0,20220630T051701_20220630T052539_T44RKQ,2022-06-30,1.1307105902777779,1.4839999675750732,0.3074230278898323,2.663954245831316,1.9509473940867945,0.3181738087845372,0.33670680354571003,-0.7280070373198495,-0.01872243508830108
UDI,26.69638889,78.93777778,11-07-2022 08:25,6.0,20220710T051701_20220710T052850_T44RKQ,2022-07-10,1.1202940046296297,0.10580361392215454,0.11892709148264498,0.10078774082452023,0.06912662788207449,0.0630610001981929,0.052955194777717034,0.26685729393447216,0.3091475188430481
UDI,26.69638889,78.93777778,21-07-2022 08:20,8.0,20220720T051701_20220720T052853_T44RKQ,2022-07-20,1.116837337962963,0.10603569473866485,0.1531736849670117,0.1996080141860726,0.26516676762344377,0.10685802075651046,0.07997259874832746,-0.2678083464258183,0.17822233529788406
UDI,26.69638889,78.93777778,01-08-2022 08:25,88.0,20220730T051701_20220730T052228_T44RKQ,2022-07-30,2.120374490740741,0.5227685684345283,0.42531865508382405,0.3721915377597509,0.3162020813869087,0.06865198891486833,0.05806694821499496,0.14716787284752597,0.7216485570741744
UDI,26.69638889,78.93777778,11-08-2022 08:30,28.0,20220809T051701_20220809T052911_T44RKQ,2022-08-09,2.1237801273148147,0.1596978231478924,0.22401892217539981,0.2731960921344184,0.12095421085595819,0.07082121364660243,0.06632326652371698,0.29875757583046075,0.519626148320545
UDI,26.69638889,78.93777778,22-08-2022 08:40,101.0,20220824T051649_20220824T052826_T44RKQ,2022-08-24,1.869143587962963,0.14251910546619348,0.16633552706486304,0.19531545115056867,0.17876086076838088,0.041212189217232534,0.033261788611725955,-0.03560719738506084,0.6029534630009216
UDI,26.69638889,78.93777778,01-09-2022 08:25,163.0,20220903T051649_20220903T052701_T44RKQ,2022-09-03,1.8795720023148148,0.08857146023019666,0.1368093912789679,0.16464855742198112,0.054195824462716716,0.02119073542336422,0.01668000811417403,0.43254323667587,0.7317176210667438
UDI,26.69638889,78.93777778,12-09-2022 08:30,14.0,20220913T051649_20220913T052437_T44RKQ,2022-09-13,0.8761072106481481,0.5965268116082455,0.5388871664808519,0.47489593631688615,0.5115393792780145,0.3883872554093731,0.31011780984589754,0.026006220733731444,0.16231150548283474
UDI,26.69638889,78.93777778,21-09-2022 09:30,66.0,20220923T051649_20220923T052234_T44RKQ,2022-09-23,1.8344293287037037,1.4193594353151753,1.3231275754187426,1.2537171892286538,1.055443616862306,0.8074280724618635,0.6557626400955213,0.11265638904612262,0.24035029991482879
UDI,26.69638889,78.93777778,01-10-2022 08:35,26.0,20221003T051649_20221003T052253_T44RKQ,2022-10-03,1.8725949421296297,0.08265959515457466,0.11497334474046976,0.09568089389204396,0.030182721829137425,0.02626569640364315,0.02299065103590213,0.5841351297356554,0.6280437822367393
UDI,26.69638889,78.93777778,11-10-2022 08:35,426.0,20221013T051749_20221013T052416_T44RKQ,2022-10-13,1.872598587962963,0.10487137678641403,0.14966874713261188,0.19055529199587753,0.1074474902060755,0.015029889033366516,0.011576423570503255,0.16427005665489647,0.8174629354885857
UDI,26.69638889,78.93777778,21-10-2022 08:40,3.0,20221023T051849_20221023T052729_T44RKQ,2022-10-23,1.8691325578703704,0.0730613676626086,0.08877773131689713,0.06526978771662754,0.03204927618739586,0.021028806689409676,0.015724813628066627,0.4698452825169515,0.6169312957904185
UDI,26.69638889,78.93777778,01-11-2022 08:40,9.0,20221102T051949_20221102T052958_T44RKQ,2022-11-02,0.8691156365740741,0.056490665312940766,0.07452959359806668,0.056294559688214015,0.029242401180845708,0.027518501323259593,0.021510713170068474,0.4364881882784187,0.46058109974988515
UDI,26.69638889,78.93777778,11-11-2022 08:30,5.0,20221112T052049_20221112T052220_T44RKQ,2022-11-12,0.8760776388888889,0.14066407956789442,0.15097933377702416,0.12523655256113225,0.03848447898552336,0.01905743039030994,0.013488471787828792,0.5945190544220931,0.7763895652187908
UDI,26.69638889,78.93777778,21-11-2022 08:40,3.0,20221122T052119_20221122T052433_T44RKQ,2022-11-22,0.8691350925925926,0.07636343326608659,0.10315059764897559,0.10866292686728374,0.08689360328424034,0.04442122901133743,0.03230132141909812,0.11098030274758783,0.41018080856018946
UDI,26.69638889,78.93777778,01-12-2022 08:50,5.0,20221202T052159_20221202T052600_T44RKQ,2022-12-02,0.8621727662037038,0.0947344298344213,0.13295959627328335,0.1492402077885967,0.1546743846680819,0.1188600027228515,0.09116341974536499,-0.06588322947025317,0.06868283082067897
UDI,26.69638889,78.93777778,12-12-2022 08:45,4.0,20221212T052219_20221212T052632_T44RKQ,2022-12-12,0.13436412037037038,0.08949700527759394,0.13016059367583474,0.1497309447396963,0.19311765867325895,0.16406732841615992,0.1400694656155037,-0.19308855745333353,-0.10277222434709392
UDI,26.69638889,78.93777778,22-12-2022 08:50,10.0,20221222T052229_20221222T052753_T44RKQ,2022-12-22,0.1378146412037037,0.09327196689267864,0.13940098586547367,0.16503189879451383,0.20974048796051856,0.19678118890425036,0.17152321012055646,-0.20130002702252875,-0.16080051419726749
UDI,26.69638889,78.93777778,02-01-2023 08:55,5.0,20230101T052229_20230101T052722_T44RKQ,2023-01-01,1.141291539351852,1.3867330202217698,1.2293045476034998,1.1471186964116018,1.0208783991206438,0.7620482601295558,0.6288204326938679,0.09263252526936482,0.23464885078560166
UDI,26.69638889,78.93777778,11-01-2023 08:40,6.0,20230111T052159_20230111T052604_T44RKQ,2023-01-11,0.13090770833333334,1.3035171610149638,1.1671430903045539,1.1077715551972172,0.9615995490096818,0.8102864081575015,0.7043174531294562,0.0965590058225847,0.18046882043453974
UDI,26.69638889,78.93777778,21-01-2023 08:30,7.0,20230121T052129_20230121T052439_T44RKQ,2023-01-21,0.12394152777777778,0.153160692080405,0.1712032902069808,0.18223256031730828,0.22135020332230518,0.22719885041848464,0.21152620555189583,-0.12682317658380224,-0.13171223202728405
UDI,26.69638889,78.93777778,01-02-2023 08:40,8.0,20230131T052039_20230131T052214_T44RKQ,2023-01-31,1.130892511574074,0.12056004608899222,0.15060056187291032,0.16340812684387565,0.16104862859199506,0.1408313515096061,0.11775866636458322,-0.026737309829924408,0.04309504549752261
UDI,26.69638889,78.93777778,11-02-2023 09:20,5.0,20230210T051949_20230210T052635_T44RKQ,2023-02-10,1.1586553703703704,0.10065755750431421,0.1524938288308826,0.17813764917905808,0.2387738923860237,0.23740860015158077,0.20060958686792346,-0.22202438343031936,-0.21721292186240923
UDI,26.69638889,78.93777778,21-02-2023 08:05,9.0,20230220T051839_20230220T052919_T44RKQ,2023-02-20,1.1065637847222223,0.14365217159413832,0.1985436794892086,0.2460801072882715,0.2915323497909509,0.32443699828309397,0.30820924587915444,-0.19058908697473811,-0.23599882689094506
UDI,26.69638889,78.93777778,01-03-2023 08:35,6.0,20230302T051729_20230302T052948_T44RKQ,2023-03-02,0.8726204398148149,0.15899396900380364,0.21957362613420894,0.2744072809570302,0.30640227422505756,0.3510419537074855,0.3393877869091942,-0.1651883403761853,-0.2256657667672787
UDI,26.69638889,78.93777778,11-03-2023 09:20,10.0,20230312T051659_20230312T052443_T44RKQ,2023-03-12,0.8414116087962963,0.1502316900086809,0.201976099602368,0.2571013911303699,0.29432624966874005,0.3498729536922341,0.34526930017032553,-0.1859444292773095,-0.26285921512953303
UDI,26.69638889,78.93777778,21-03-2023 09:05,8.0,20230322T051659_20230322T052301_T44RKQ,2023-03-22,0.8518088657407408,0.14941653376949268,0.2031723329404328,0.2552713624840797,0.2824817800235266,0.3462220875083623,0.34287248550169624,-0.1636359422171349,-0.25687251668949773
UDI,26.69638889,78.93777778,01-04-2023 09:05,20.0,20230401T051659_20230401T052512_T44RKQ,2023-04-01,0.1481814236111111,0.19524386223799975,0.2521771674759191,0.3133162940988122,0.3213523719593324,0.3949866740869165,0.39600422691187753,-0.11793290032970746,-0.2158797752323214
UDI,26.69638889,78.93777778,11-04-2023 08:30,19.0,20230411T051649_20230411T052709_T44RKQ,2023-04-11,0.12389898148148148,0.19830583364638735,0.25520652435582764,0.3178518047928391,0.35103939417275676,0.41947660192430375,0.42922053958617845,-0.1581070473550929,-0.24356377698375292
UDI,26.69638889,78.93777778,21-04-2023 08:05,9.0,20230421T051649_20230421T052441_T44RKQ,2023-04-21,0.10653165509259259,0.2324830318584936,0.29475532272068844,0.3561788431563727,0.36444307555968664,0.4285771119540945,0.4191671269956932,-0.10580658153355184,-0.1852959978455618
UDI,26.69638889,78.93777778,01-05-2023 20:25,4.0,20230501T051649_20230501T052839_T44RKQ,2023-05-01,0.6204182407407407,0.3017014190376552,0.3809441293566335,0.47036040846127997,0.45474899260534885,0.5306212371970705,0.5221071096683679,-0.08808681533907461,-0.16404495538475147
UDI,26.69638889,78.93777778,11-05-2023 08:35,1.0,20230511T051649_20230511T052839_T44RKQ,2023-05-11,0.12736059027777777,0.19606326364790463,0.2537786299277673,0.3160156208880924,0.350881148441321,0.4177585858870002,0.4244419253360165,-0.16056863105944003,-0.2443426192816545
UDI,26.69638889,78.93777778,22-05-2023 21:30,12.0,20230521T051659_20230521T052824_T44RKQ,2023-05-21,1.6655254166666666,0.19513586450524764,0.2470774062194688,0.2986440305617328,0.3353691546035085,0.39218948283946997,0.39004987518478684,-0.15160871102607792,-0.22709967546048726
UDI,26.69638889,78.93777778,01-06-2023 08:00,4.0,20230531T051659_20230531T052823_T44RKQ,2023-05-31,1.103037060185185,0.21425356271061477,0.2729797558653427,0.33190744904950265,0.3365765772639457,0.4065911750132805,0.3997051460438267,-0.10434183875656863,-0.19674386040714914
UDI,26.69638889,78.93777778,12-06-2023 08:50,4.0,20230610T051659_20230610T052824_T44RKQ,2023-06-10,2.1377469560185185,0.17982308264273425,0.23314221910990932,0.28471556249741486,0.3034053951749049,0.37711193724371095,0.3699240534513054,-0.13092521325321488,-0.23591677748577078
UDI,26.69638889,78.93777778,21-06-2023 09:20,14.0,20230620T051659_20230620T052819_T44RKQ,2023-06-20,1.158588414351852,0.9473786018458866,0.9098919754237479,0.8892971167044185,0.8804368413267268,0.2918454792853835,0.2678384357877679,0.016453488646621127,0.5142938967296113
UDI,26.69638889,78.93777778,02-07-2023 20:00,9.0,20230705T051651_20230705T052819_T44RKQ,2023-07-05,2.3969763425925925,0.5335781836952153,0.4928851967310077,0.427150628556854,0.4416883976947537,0.33460737923839745,0.26979156464660925,0.05388727461591596,0.18777807498093851
UDI,26.69638889,78.93777778,11-07-2023 09:10,22.0,20230710T051659_20230710T052820_T44RKQ,2023-07-10,1.1516348148148148,1.1076392132103337,1.0538757747694125,1.0170435013439896,0.994417665679462,0.5748686771528241,0.4173689484051575,0.02901836254386633,0.29409990215727216
UDI,26.69638889,78.93777778,21-07-2023 09:10,161.0,20230720T051659_20230720T052825_T44RKQ,2023-07-20,1.1516262962962962,0.3932092516491488,0.4121350751225831,0.4161819067414294,0.4167727957889867,0.37422575796059426,0.33342924091478415,-0.003403509967192762,0.05755617609463605
UDI,26.69638889,78.93777778,01-08-2023 20:20,121.0,20230804T051651_20230804T052320_T44RKQ,2023-08-04,2.383087928240741,0.3849152824965172,0.37935177682070553,0.37368575621720507,0.4116701830477549,0.24500708902927953,0.16008314502259344,-0.04053710721266618,0.2142257594272891
UDI,26.69638889,78.93777778,11-08-2023 08:30,52.0,20230809T051659_20230809T052820_T44RKQ,2023-08-09,2.123853298611111,0.25656541447908965,0.27592354859545587,0.2665613125760931,0.33108797811446244,0.18057098600929103,0.1555848469483472,-0.09087629721739719,0.2088716086013298
UDI,26.69638889,78.93777778,21-08-2023 20:30,41.0,20230824T051701_20230824T052448_T44RKQ,2023-08-24,2.3761548032407407,0.6232840120331509,0.6038978188228596,0.59639375162547,0.6246401829071293,0.2600158759767658,0.2182169263601371,-0.016888812997293435,0.39809653739897016
UDI,26.69638889,78.93777778,01-09-2023 08:30,48.0,20230903T051701_20230903T053110_T44RKQ,2023-09-03,1.876145486111111,0.06123811367029266,0.10652638817200531,0.09720307888464974,0.019806157882288303,0.04077064610507593,0.032762084096307736,0.6873154205962878,0.4474166991501004
UDI,26.69638889,78.93777778,11-09-2023 08:30,19.0,20230913T051651_20230913T053113_T44RKQ,2023-09-13,1.8761367824074073,0.5394907877546785,0.5240464513854574,0.49966456208670856,0.5332608444101111,0.219146928140488,0.2364414465271537,-0.008715848571567332,0.4102503442821265
UDI,26.69638889,78.93777778,21-09-2023 08:30,166.0,20230923T051651_20230923T052212_T44RKQ,2023-09-23,1.8761052083333334,1.0510196045583673,0.8964350295187501,0.808161847520676,0.7186733007548349,0.14509600588000982,0.2057929432175925,0.1098753362412227,0.721140261467677
UDI,26.69638889,78.93777778,03-10-2023 08:50,41.0,20231003T051651_20231003T052230_T44RKQ,2023-10-03,0.1377847222222222,0.07057235998207721,0.11054601457347589,0.088493771963141,0.029701869945533754,0.022145719006217677,0.016063236248737466,0.5764137181940083,0.6661567827677506
UDI,26.69638889,78.93777778,11-10-2023 08:50,6.0,20231013T051741_20231013T052432_T44RKQ,2023-10-13,1.8621700462962962,0.037507816828639656,0.0700017994728778,0.05736538740004585,0.03290272766663215,0.03604749116235338,0.02868705194453416,0.3657753942771316,0.32027017699685373
UDI,26.69638889,78.93777778,21-10-2023 08:50,9.0,20231023T051851_20231023T052716_T44RKQ,2023-10-23,1.8621955787037037,0.09232118642398883,0.13700434475043619,0.1661417968026508,0.170676719433182,0.19270675162943585,0.1610249415174615,-0.045206448306134094,-0.12131307134120821
UDI,26.69638889,78.93777778,01-11-2023 08:40,6.0,20231102T051951_20231102T052415_T44RKQ,2023-11-02,0.869124375,0.12779533345098826,0.17572731439547415,0.21797004093621739,0.2434758329396089,0.3312997241911298,0.3124090359290534,-0.1435044545029027,-0.28179173975602656
UDI,26.69638889,78.93777778,07-11-2023 09:10,22.0,20231107T052019_20231107T052323_T44RKQ,2023-11-07,0.1516642013888889,0.14758788126733055,0.20301150001400087,0.25070122361044905,0.25831393259316254,0.34705323009685884,0.33872516625049537,-0.10369418445719204,-0.2442434590362756
UDI,26.69638889,78.93777778,13-11-2023 09:00,3.0,20231112T052041_20231112T052318_T44RKQ,2023-11-12,1.1447566666666666,0.14602419479992196,0.1923062695012504,0.23836180616448271,0.27002236795512574,0.35017462555959605,0.3377944068698026,-0.15747340988646943,-0.27291007059235195
UDI,26.69638889,78.93777778,21-11-2023 09:40,7.0,20231122T052121_20231122T052116_T44RKQ,2023-11-22,0.8274277199074074,0.15860295572349428,0.2062837061132206,0.2554395055801879,0.2808979330758548,0.37981920540081404,0.36337978221998773,-0.14637660490157514,-0.28418396285326697
UDI,26.69638889,78.93777778,01-12-2023 09:20,8.0,20231202T052151_20231202T052152_T44RKQ,2023-12-02,0.841269050925926,0.12254767336446777,0.17655273372301922,0.21270576332685706,0.21427048987405353,0.28778049843609715,0.2584668508457574,-0.06504976423987543,-0.20248956805935409
UDI,26.69638889,78.93777778,11-12-2023 08:55,8.0,20231212T052221_20231212T052217_T44RKQ,2023-12-12,0.858668449074074,0.09690819634235931,0.138021285761539,0.16204386321587116,0.18675134365082743,0.20480330678065187,0.16189633118705957,-0.12126371031816913,-0.15197840345269664
UDI,26.69638889,78.93777778,11-12-2023 20:55,8.0,20231212T052221_20231212T052217_T44RKQ,2023-12-12,0.3586684490740741,0.09690819634235931,0.138021285761539,0.16204386321587116,0.18675134365082743,0.20480330678065187,0.16189633118705957,-0.12126371031816913,-0.15197840345269664
UDI,26.69638889,78.93777778,01-01-2024 08:40,8.0,20240101T052221_20240101T052222_T44RKQ,2024-01-01,0.13089568287037037,0.6455292543764276,0.6532208074937471,0.681750550327733,0.7129564491334585,0.7540013520472599,0.5178274542876778,-0.0436999011550685,-0.07156828154309483
UDI,26.69638889,78.93777778,11-01-2024 09:40,6.0,20240111T052201_20240111T052201_T44RKQ,2024-01-11,0.17258746527777777,0.26152233881662457,0.2806283133464509,0.289502825787529,0.29326655462323487,0.2621754805728821,0.2145796706136665,-0.02238643838206073,0.03478375035046452
UDI,26.69638889,78.93777778,12-02-2024 09:20,9.0,20240210T051951_20240210T052850_T44RKQ,2024-02-10,2.1586797800925925,0.1059728663377532,0.15239824214184253,0.18371228809049084,0.22526804541412979,0.24233620637328876,0.21535344820107727,-0.15884773968146124,-0.1891591913970501
UDI,26.69638889,78.93777778,21-02-2024 09:30,15.0,20240220T051841_20240220T052240_T44RKQ,2024-02-20,1.1656063657407407,0.13802778058337478,0.19599952265613949,0.2309262335057436,0.26478244133139656,0.3012460012166423,0.27873262973981755,-0.13972596400943088,-0.2081826685755109
UDI,26.69638889,78.93777778,11-03-2024 14:20,5.0,20240311T051651_20240311T053119_T44RKQ,2024-03-11,0.3669681712962963,0.11929221120128129,0.16355558813066573,0.19390157447298023,0.23211570318097496,0.2548915643575455,0.2271755944152397,-0.1595946165920142,-0.2101494067190243
UDI,26.69638889,78.93777778,21-03-2024 08:40,4.0,20240321T051651_20240321T053116_T44RKQ,2024-03-21,0.1308478125,0.1488716586692104,0.20329638716877224,0.24832526465772364,0.2788057755681511,0.32509324169625686,0.3090364411808463,-0.14432406050642635,-0.22141517662260837
UDI,26.69638889,78.93777778,01-04-2024 08:50,10.0,20240331T051651_20240331T052929_T44RKQ,2024-03-31,1.1378148958333334,0.14362856764155202,0.19379606254322368,0.2364638822448333,0.2750979477531017,0.3260996940485641,0.31543184727384277,-0.16236830299960298,-0.24461572852551852
UDI,26.69638889,78.93777778,22-04-2024 08:40,12.0,20240420T051651_20240420T052641_T44RKQ,2024-04-20,2.1308215046296297,0.16829654039247083,0.21813946248931795,0.2642232528299149,0.3045271192807599,0.3406581058878278,0.32408336702821705,-0.16371354226242407,-0.21635409603365435
UDI,26.69638889,78.93777778,01-05-2024 08:50,11.0,20240430T051651_20240430T053056_T44RKQ,2024-04-30,1.137772974537037,0.1913669486346166,0.24897547870660736,0.30626700370854404,0.32609381351259115,0.37631309827881065,0.3574473962332317,-0.13265388452787202,-0.20237268464849015
UDI,26.69638889,78.93777778,11-05-2024 08:40,7.0,20240510T051651_20240510T052922_T44RKQ,2024-05-10,1.1308269560185185,0.20451036090905642,0.27052221406692706,0.3468794316644158,0.32989706285690673,0.4109268820995556,0.3892396735680787,-0.09640988514338486,-0.20566847609217523
UDI,26.69638889,78.93777778,01-06-2024 08:40,5.2,20240530T051651_20240530T053020_T44RKQ,2024-05-30,2.1308302430555557,0.22534758844079655,0.2886287376638641,0.3395714885794161,0.3711963176526183,0.4207401750301588,0.37692740160286325,-0.12469452125099278,-0.1847585326556363
UDI,26.69638889,78.93777778,11-06-2024 08:50,6.5,20240609T051701_20240609T052940_T44RKQ,2024-06-09,2.137736076388889,0.20249020166534862,0.2639284942822335,0.32216248917383566,0.3302746269625149,0.3968460152927841,0.3724631932039697,-0.11143172199384968,-0.2006611462703959
UDI,26.69638889,78.93777778,21-06-2024 08:50,4.5,20240619T051701_20240619T052437_T44RKQ,2024-06-19,2.1377427893518517,0.2119392376316092,0.27196401191942643,0.32580181348136134,0.3359610883119186,0.401984505063117,0.3696606192645118,-0.1049886779019338,-0.19179873246504217
UDI,26.69638889,78.93777778,22-06-2024 08:40,33.6,20240624T051659_20240624T052822_T44RKQ,2024-06-24,1.8691750115740742,0.2439979166965621,0.2810107548851414,0.3229411932175361,0.35510043409174724,0.44307166071074205,0.43351035739958893,-0.11512955959203373,-0.22053455771938857
UDI,26.69638889,78.93777778,01-07-2024 08:35,14.7,20240629T051651_20240629T052539_T44RKQ,2024-06-29,2.1273534606481483,0.90923334098174,0.925827989133454,0.9450185281992732,1.0091601433540123,0.23905189166495727,0.27866935440462626,-0.04306569956656784,0.5895677630733409
UDI,26.69638889,78.93777778,11-07-2024 08:45,83.8,20240709T051651_20240709T053028_T44RKQ,2024-07-09,2.1342948032407407,0.15315584157960552,0.1667860386937409,0.17688044387798488,0.17465923026017663,0.04176431885084724,0.028731548357385724,-0.022541172880287633,0.6032138082291633
UDI,26.69638889,78.93777778,22-07-2024 08:42,,20240724T051659_20240724T052449_T44RKQ,2024-07-24,1.8677865046296296,1.4742811307547785,1.3551077713665374,1.2776989707057864,1.2535452308591768,0.5187301244536953,0.39530119147378495,0.038939078097397585,0.4464346209684204
UDI,26.69638889,78.93777778,01-08-2024 08:35,178.8,20240803T051649_20240803T052816_T44RKQ,2024-08-03,1.8726256134259258,0.7217834972135299,0.6959312826407605,0.6745235443232552,0.7223652489205782,0.2122642328266385,0.26860063247886473,-0.01863830256081136,0.5325574801807145
UDI,26.69638889,78.93777778,12-08-2024 08:40,69.2,20240813T051659_20240813T053058_T44RKQ,2024-08-13,0.8691884606481481,1.9658629531751755,1.668358326846498,1.4844385209037305,1.2512907771710255,0.5585191886702889,0.3852419947188531,0.14289415737805986,0.4984561866779092
UDI,26.69638889,78.93777778,21-08-2024 08:55,59.1,20240823T051649_20240823T052843_T44RKQ,2024-08-23,1.8587162268518518,0.12747766172942038,0.16649388381864355,0.19620736648048284,0.13507704233990833,0.02860754930162739,0.018871531214653556,0.10418228683350343,0.706742982471876
