patch_number,patch_filename,sentinel2_id,satellite_date,station,cwc_datetime,latitude,longitude,turbidity_NTU,days_difference,cloud_percentage,B2,B3,B4,B8,B11,B12,NDWI,MNDWI,sentinel_patch_count,candidate_cwc_records,duplicate_sentinel_id,linkage_status,patch,patch_file,patch_width,patch_height,num_bands,crs,B2_mean,B2_median,B2_std,B2_min,B2_max,B3_mean,B3_median,B3_std,B3_min,B3_max,B4_mean,B4_median,B4_std,B4_min,B4_max,B8_mean,B8_median,B8_std,B8_min,B8_max,B11_mean,B11_median,B11_std,B11_min,B11_max,B12_mean,B12_median,B12_std,B12_min,B12_max,NDWI_mean,NDWI_median,NDWI_std,NDWI_min,NDWI_max,MNDWI_mean,MNDWI_median,MNDWI_std,MNDWI_min,MNDWI_max,water_fraction,has_turbidity_label,has_patch_features,fold,observed_turbidity,predicted_turbidity,residual,absolute_error,relative_error_percent,absolute_relative_error_percent,underpredicted,turbidity_category
49,Etawah_49_20221003T051649_20221003T052253_T44RKQ.tif,20221003T051649_20221003T052253_T44RKQ,2022-10-03,ETAWAH,01-10-2022 08:30,26.74972222,78.98333333,344.0,1.876067164351852,13.458627,0.0999217062112498,0.1234432152485022,0.1330124991253723,0.1127082911689203,0.0351119937180113,0.0251436513751065,0.0456389926789802,0.5571063819450437,2,1,True,OK,49,Etawah_49_20221003T051649_20221003T052253_T44RKQ.tif,13,14,9,EPSG:32644,0.0897192284464836,0.09825000166893,0.018021073192358,0.0527999997138977,0.1177999973297119,0.1141401156783104,0.122699998319149,0.0197432842105627,0.0710000023245811,0.1568000018596649,0.1143362671136856,0.1319499909877777,0.0331012941896915,0.0454000011086463,0.1683000028133392,0.1697868108749389,0.1177500039339065,0.0901760831475257,0.0834999978542327,0.3702000081539154,0.0815500020980835,0.0389499999582767,0.0663255453109741,0.0308999996632337,0.3145000040531158,0.0500208772718906,0.0282000005245208,0.0407149605453014,0.0222999993711709,0.2730000019073486,-0.1267338693141937,0.0236147791147232,0.2767122387886047,-0.6416938304901123,0.2707423865795135,0.2622250020503998,0.5189192295074463,0.3945963680744171,-0.4168618321418762,0.6118090152740479,0.7252747252747253,True,True,4,344.0,86.46146530849842,257.5385346915016,257.5385346915016,74.86585310799465,74.86585310799465,True,≥100 NTU
154,Etawah_154_20221003T051649_20221003T052253_T44RKQ.tif,20221003T051649_20221003T052253_T44RKQ,2022-10-03,ETAWAH,01-10-2022 08:30,26.74972222,78.98333333,344.0,1.876067164351852,13.458627,0.0999217062112498,0.1234432152485022,0.1330124991253723,0.1127082911689203,0.0351119937180113,0.0251436513751065,0.0456389926789802,0.5571063819450437,2,1,True,OK,154,Etawah_154_20221003T051649_20221003T052253_T44RKQ.tif,14,14,9,EPSG:32644,0.0825693979859352,0.0826499983668327,0.0014763724757358,0.0794999971985817,0.0860000029206276,0.1142918318510055,0.1142000034451484,0.0013971673324704,0.1108999997377395,0.1186999976634979,0.0952051058411598,0.0952000021934509,0.0011567791225388,0.091399997472763,0.0979999974370002,0.0311586707830429,0.030749998986721,0.0016772719100117,0.0286999996751546,0.0370999984443187,0.0270571447908878,0.0265999995172023,0.001173821510747,0.0252999998629093,0.032999999821186,0.023348981514573,0.0232999995350837,0.0012368693714961,0.0203000009059906,0.0315000005066394,0.5717642903327942,0.5741446614265442,0.0168906264007091,0.5137615203857422,0.5997239351272583,0.6172364950180054,0.6210463047027588,0.0135022494941949,0.5576407313346863,0.6363636255264282,1.0,True,True,4,344.0,89.28726898882509,254.71273101117492,254.71273101117492,74.04439854976015,74.04439854976015,True,≥100 NTU
77,Etawah_77_20230903T051701_20230903T053110_T44RKQ.tif,20230903T051701_20230903T053110_T44RKQ,2023-09-03,ETAWAH,01-09-2023 09:00,26.74972222,78.98333333,230.0,1.8553121527777776,1.039313,0.0873741691141297,0.1248630909343577,0.1443896970736819,0.1015588125299981,0.0446489026569677,0.0324665118309853,0.1030441868613969,0.4734253233072122,2,1,True,OK,77,Etawah_77_20230903T051701_20230903T053110_T44RKQ.tif,13,14,9,EPSG:32644,0.0744406506419181,0.0860999971628189,0.0241543781012296,0.0222999993711709,0.126800000667572,0.112580768764019,0.1238999962806701,0.0244494248181581,0.0593999996781349,0.1738000065088272,0.1199192181229591,0.1432999968528747,0.0416701436042785,0.0337000004947185,0.2071000039577484,0.1795549541711807,0.1069499999284744,0.1116503775119781,0.0943000018596649,0.4253000020980835,0.1058802157640457,0.0609499998390674,0.0728252232074737,0.0403000004589557,0.3133000135421753,0.0680439621210098,0.0403499975800514,0.0513072088360786,0.0297999996691942,0.2865999937057495,-0.1317294538021087,0.0795074924826622,0.3194119930267334,-0.7286707162857056,0.1332720518112182,0.1204080283641815,0.3468812704086303,0.3879317045211792,-0.5064395666122437,0.5067319273948669,0.6153846153846154,True,True,2,230.0,48.78685149193952,181.21314850806047,181.21314850806047,78.78832543828716,78.78832543828716,True,≥100 NTU
182,Etawah_182_20230903T051701_20230903T053110_T44RKQ.tif,20230903T051701_20230903T053110_T44RKQ,2023-09-03,ETAWAH,01-09-2023 09:00,26.74972222,78.98333333,230.0,1.8553121527777776,1.039313,0.0873741691141297,0.1248630909343577,0.1443896970736819,0.1015588125299981,0.0446489026569677,0.0324665118309853,0.1030441868613969,0.4734253233072122,2,1,True,OK,182,Etawah_182_20230903T051701_20230903T053110_T44RKQ.tif,14,14,9,EPSG:32644,0.0908908173441886,0.0640999972820282,0.0449947342276573,0.0588999986648559,0.2016000002622604,0.1404755115509033,0.1099999994039535,0.051217995584011,0.1033999994397163,0.2680999934673309,0.1468790769577026,0.0966500043869018,0.0839979499578476,0.0839999988675117,0.3350000083446502,0.0981601998209953,0.0203999988734722,0.118229255080223,0.0119000002741813,0.3406000137329101,0.1328882575035095,0.0424499996006488,0.1404743641614914,0.0333999991416931,0.4347999989986419,0.114860713481903,0.0327499993145465,0.1315600872039795,0.0258000008761882,0.4113000035285949,0.4350477457046509,0.6825907826423645,0.3944585919380188,-0.1547248065471649,0.8001679182052612,0.2343374490737915,0.4375972747802734,0.3174217641353607,-0.291527658700943,0.5252310037612915,0.6785714285714286,True,True,2,230.0,147.15084290582664,82.84915709417336,82.84915709417336,36.02137264964059,36.02137264964059,True,≥100 NTU
153,Etawah_153_20220903T051649_20220903T052701_T44RKQ.tif,20220903T051649_20220903T052701_T44RKQ,2022-09-03,ETAWAH,01-09-2022 08:50,26.74972222,78.98333333,167.0,1.862210891203704,22.696407,0.0768572069255651,0.1061881621261253,0.1084617963060736,0.0457277589494379,0.0309748451945451,0.0222599799668747,0.3981752399866983,0.5485048386947932,2,1,True,OK,153,Etawah_153_20220903T051649_20220903T052701_T44RKQ.tif,14,14,9,EPSG:32644,0.0881178528070449,0.0882999971508979,0.0017490340396761,0.0834999978542327,0.091899998486042,0.1367867290973663,0.1368999928236007,0.0012955293059349,0.1331000030040741,0.1403000056743621,0.1643765270709991,0.1645999997854232,0.001501346589066,0.1606999933719635,0.1682000011205673,0.0551540814340114,0.0555999986827373,0.0029324595816433,0.0465000011026859,0.0610000006854534,0.0216698981821537,0.0215000007301569,0.000822739326395,0.0198999997228384,0.0255999993532896,0.0169688779860734,0.0167999994009733,0.00069912528852,0.0143999997526407,0.0197000000625848,0.4256170690059662,0.421120673418045,0.0219484083354473,0.38655886054039,0.4929116368293762,0.7265169024467468,0.7281923294067383,0.0091524748131632,0.6851168274879456,0.7453615069389343,1.0,True,True,5,167.0,88.4934044849401,78.5065955150599,78.5065955150599,47.009937434167604,47.009937434167604,True,≥100 NTU
48,Etawah_48_20220903T051649_20220903T052701_T44RKQ.tif,20220903T051649_20220903T052701_T44RKQ,2022-09-03,ETAWAH,01-09-2022 08:50,26.74972222,78.98333333,167.0,1.862210891203704,22.696407,0.0768572069255651,0.1061881621261253,0.1084617963060736,0.0457277589494379,0.0309748451945451,0.0222599799668747,0.3981752399866983,0.5485048386947932,2,1,True,OK,48,Etawah_48_20220903T051649_20220903T052701_T44RKQ.tif,13,14,9,EPSG:32644,0.0662659332156181,0.0751499980688095,0.0186977293342351,0.0234999991953372,0.0873000025749206,0.0967269316315651,0.1045999974012374,0.0188638232648372,0.0515000000596046,0.1237000003457069,0.0943285748362541,0.1088500022888183,0.02989455871284,0.0296999998390674,0.1307999938726425,0.1361538469791412,0.0595999993383884,0.1198309808969497,0.0401999987661838,0.4110000133514404,0.0936280265450477,0.0505499988794326,0.0691479668021202,0.0278999991714954,0.2261999994516372,0.0586499944329261,0.0363500006496906,0.0422649160027504,0.0188999995589256,0.1703999936580658,0.0192037262022495,0.2794096767902374,0.429420530796051,-0.7475869059562683,0.4661354720592499,0.1382106691598892,0.349636971950531,0.4292440414428711,-0.5674111247062683,0.5858511328697205,0.5989010989010989,True,True,5,167.0,43.363294282198666,123.63670571780133,123.63670571780133,74.03395551964151,74.03395551964151,True,≥100 NTU
75,Etawah_75_20230720T051659_20230720T052825_T44RKQ.tif,20230720T051659_20230720T052825_T44RKQ,2023-07-20,ETAWAH,21-07-2023 11:55,26.74972222,78.98333333,148.0,1.2662096296296297,47.023168,0.157427759808572,0.1877766905461547,0.2101825457779472,0.1544359797603442,0.0612379511915826,0.0541345572391701,0.0970125418751047,0.5092297104304774,2,1,True,OK,75,Etawah_75_20230720T051659_20230720T052825_T44RKQ.tif,13,14,9,EPSG:32644,0.1227346137166023,0.1308499872684478,0.0426920317113399,0.0434999987483024,0.179199993610382,0.1519302278757095,0.1601999998092651,0.0441187918186187,0.0680000036954879,0.2099000066518783,0.1583197712898254,0.1789499968290329,0.0664874836802482,0.0313000008463859,0.2342000007629394,0.1993186920881271,0.1527000069618225,0.1078924313187599,0.0833000019192695,0.4578999876976013,0.0822390019893646,0.0631999969482421,0.0603267662227153,0.0162000004202127,0.218299999833107,0.0524774715304374,0.0545499995350837,0.0220526214689016,0.0141000002622604,0.1062999963760376,-0.0743257626891136,0.0934686064720153,0.3250676989555359,-0.728068470954895,0.2961554825305938,0.3375145196914673,0.500643253326416,0.4109362661838531,-0.4974838197231293,0.8146452903747559,0.7747252747252747,True,True,3,148.0,69.40917559143955,78.59082440856045,78.59082440856045,53.10190838416246,53.10190838416246,True,≥100 NTU
180,Etawah_180_20230720T051659_20230720T052825_T44RKQ.tif,20230720T051659_20230720T052825_T44RKQ,2023-07-20,ETAWAH,21-07-2023 11:55,26.74972222,78.98333333,148.0,1.2662096296296297,47.023168,0.157427759808572,0.1877766905461547,0.2101825457779472,0.1544359797603442,0.0612379511915826,0.0541345572391701,0.0970125418751047,0.5092297104304774,2,1,True,OK,180,Etawah_180_20230720T051659_20230720T052825_T44RKQ.tif,14,14,9,EPSG:32644,0.4910458922386169,0.3609499931335449,0.3303485214710235,0.1370999962091446,1.0978000164031982,0.4862055778503418,0.371500015258789,0.2793682515621185,0.157600000500679,1.010800004005432,0.4849102199077606,0.377700001001358,0.2386499047279358,0.1787000000476837,0.9567000269889832,0.4405801296234131,0.397049993276596,0.2555837035179138,0.1133999973535537,0.8776999711990356,0.3541305959224701,0.3242499828338623,0.2656242847442627,0.0452000014483928,0.7825999855995178,0.3185184001922607,0.2770499885082245,0.2447869926691055,0.0399999991059303,0.7181000113487244,0.0595421902835369,0.0637097209692001,0.0486429296433925,-0.057675801217556,0.1819474250078201,0.2578161060810089,0.1369343250989914,0.1963997930288314,-0.0173731930553913,0.5590828657150269,0.979591836734694,True,True,3,148.0,16.026842397659895,131.9731576023401,131.9731576023401,89.17105243401359,89.17105243401359,True,≥100 NTU
104,Etawah_104_20240922T051649_20240922T052326_T44RKQ.tif,20240922T051649_20240922T052326_T44RKQ,2024-09-22,ETAWAH,21-09-2024 08:30,26.74972222,78.98333333,128.4,0.8760474537037037,40.162694,0.0960940038250457,0.1204854729134371,0.1335101362489801,0.0688761826143138,0.0088931729939455,0.0076727760154156,0.2728148033330636,0.8626638212417431,1,1,False,OK,104,Etawah_104_20240922T051649_20240922T052326_T44RKQ.tif,13,14,9,EPSG:32644,0.0853115394711494,0.0952999964356422,0.0229214094579219,0.0384999997913837,0.1356000006198883,0.111439548432827,0.1198500022292137,0.0232193693518638,0.0615999996662139,0.17739999294281,0.1122747287154197,0.1333999931812286,0.0426904968917369,0.0273000001907348,0.1935999989509582,0.1625110059976577,0.0779999941587448,0.1287486851215362,0.064699999988079,0.4499000012874603,0.0771412178874015,0.0149499997496604,0.0853694602847099,0.0065000001341104,0.3136000037193298,0.0440093465149402,0.0130000002682209,0.0491239316761493,0.0055999998003244,0.2615000009536743,-0.0337440632283687,0.2168752253055572,0.3843333423137665,-0.7257902026176453,0.311335802078247,0.3820734620094299,0.7747211456298828,0.5523896813392639,-0.5089676976203918,0.898595929145813,0.6923076923076923,True,True,1,128.4,72.18676793836136,56.21323206163865,56.21323206163865,43.779775748939755,43.779775748939755,True,≥100 NTU
51,Etawah_51_20221023T051849_20221023T052729_T44RKQ.tif,20221023T051849_20221023T052729_T44RKQ,2022-10-23,ETAWAH,21-10-2022 08:20,26.74972222,78.98333333,123.0,1.8830214467592592,0.005756,0.0891487468873058,0.111054335490104,0.1216391324189382,0.0972985647669112,0.0288741413982656,0.0197458755445712,0.0661224735333628,0.5876816858344519,2,1,True,OK,51,Etawah_51_20221023T051849_20221023T052729_T44RKQ.tif,13,14,9,EPSG:32644,0.0826280191540718,0.0886000022292137,0.0128409210592508,0.0544999986886978,0.1022000014781951,0.1051763817667961,0.1106500029563903,0.0128572098910808,0.0753000006079673,0.1367000043392181,0.1051368191838264,0.1202500015497207,0.0277842693030834,0.0493000000715255,0.1533000022172927,0.171315923333168,0.1039499938488006,0.1014350354671478,0.0877000018954277,0.3980999886989593,0.091262087225914,0.0547000020742416,0.0722289755940437,0.025000000372529,0.3082000017166137,0.056519228965044,0.0346499979496002,0.0483100935816764,0.0167999994009733,0.262800008058548,-0.1487745940685272,0.0212386026978492,0.2788764536380768,-0.6436828970909119,0.1316831409931183,0.1966669112443924,0.3383528590202331,0.4072372615337372,-0.4288363456726074,0.6358339190483093,0.6208791208791209,True,True,2,123.0,38.683105257975996,84.316894742024,84.316894742024,68.55032092847479,68.55032092847479,True,≥100 NTU
156,Etawah_156_20221023T051849_20221023T052729_T44RKQ.tif,20221023T051849_20221023T052729_T44RKQ,2022-10-23,ETAWAH,21-10-2022 08:20,26.74972222,78.98333333,123.0,1.8830214467592592,0.005756,0.0891487468873058,0.111054335490104,0.1216391324189382,0.0972985647669112,0.0288741413982656,0.0197458755445712,0.0661224735333628,0.5876816858344519,2,1,True,OK,156,Etawah_156_20221023T051849_20221023T052729_T44RKQ.tif,14,14,9,EPSG:32644,0.0713045969605445,0.0712999999523162,0.0018033781088888,0.0672999992966651,0.0767000019550323,0.0879719406366348,0.0879499986767768,0.0017351638525724,0.0826999992132186,0.0938000008463859,0.0648428574204444,0.0649999976158142,0.0014785889070481,0.061099998652935,0.0724999979138374,0.0317285731434822,0.0313500016927719,0.0020048157311975,0.0275999996811151,0.0401999987661838,0.0213857181370258,0.0212999992072582,0.0009162367205135,0.0199999995529651,0.0266999993473291,0.0158647950738668,0.0157999992370605,0.0007328553474508,0.0142000000923872,0.0198999997228384,0.470232605934143,0.4758258759975433,0.0231951083987951,0.374805599451065,0.5132275223731995,0.608899712562561,0.6126673221588135,0.0146468300372362,0.5360556244850159,0.6357142925262451,1.0,True,True,2,123.0,61.85512062980681,61.14487937019319,61.14487937019319,49.71128404080747,49.71128404080747,True,≥100 NTU
207,Etawah_207_20240709T051651_20240709T053028_T44RKQ.tif,20240709T051651_20240709T053028_T44RKQ,2024-07-09,ETAWAH,11-07-2024 08:40,26.74972222,78.98333333,109.0,2.1308225810185184,56.074959,0.085339287961917,0.1108871054004978,0.0826253945591045,0.0908847274038487,0.0332929195431354,0.022481461462506,0.0992179122587733,0.5381781060693299,2,1,True,OK,207,Etawah_207_20240709T051651_20240709T053028_T44RKQ.tif,14,14,9,EPSG:32644,0.1760387867689132,0.1552000045776367,0.0584103912115097,0.1106000021100044,0.3968000113964081,0.1891239732503891,0.1687500029802322,0.048691626638174,0.1416999995708465,0.3740000128746032,0.2018948942422866,0.1870999932289123,0.039052378386259,0.1588000059127807,0.3519999980926513,0.2095642685890197,0.1900999993085861,0.0589339062571525,0.1437000036239624,0.4234000146389007,0.0718413293361663,0.0438999980688095,0.0626536235213279,0.0211999993771314,0.2973999977111816,0.0520515292882919,0.030749998986721,0.0469229668378829,0.0148000000044703,0.2317000031471252,-0.0484088696539402,-0.0534650832414627,0.0333974473178386,-0.1038020551204681,0.0291848313063383,0.5235224962234497,0.5947278738021851,0.1861071437597274,0.0873386710882186,0.7537747025489807,1.0,True,True,5,109.0,72.75322610770165,36.24677389229835,36.24677389229835,33.25392100210858,33.25392100210858,True,≥100 NTU
102,Etawah_102_20240709T051651_20240709T053028_T44RKQ.tif,20240709T051651_20240709T053028_T44RKQ,2024-07-09,ETAWAH,11-07-2024 08:40,26.74972222,78.98333333,109.0,2.1308225810185184,56.074959,0.085339287961917,0.1108871054004978,0.0826253945591045,0.0908847274038487,0.0332929195431354,0.022481461462506,0.0992179122587733,0.5381781060693299,2,1,True,OK,102,Etawah_102_20240709T051651_20240709T053028_T44RKQ.tif,13,14,9,EPSG:32644,0.0850500091910362,0.0851500034332275,0.0140798771753907,0.0537000000476837,0.1352999955415725,0.11192087829113,0.1105500012636184,0.0155527889728546,0.0838000029325485,0.179299995303154,0.0828642919659614,0.0816500037908554,0.0273743066936731,0.0408000014722347,0.1999000012874603,0.1721131950616836,0.1048500016331672,0.098785288631916,0.0696000009775161,0.3944999873638153,0.1077395603060722,0.0562499985098838,0.0858553797006607,0.0264999996870756,0.3537999987602234,0.0697978064417839,0.0383000001311302,0.0672446638345718,0.018300000578165,0.3269999921321869,-0.1252024620771408,0.0308829359710216,0.2648153603076935,-0.5863141417503357,0.1724137812852859,0.156109482049942,0.3426897823810577,0.3702562153339386,-0.3688725531101227,0.5763389468193054,0.5989010989010989,True,True,5,109.0,59.16621887837135,49.83378112162865,49.83378112162865,45.71906524920059,45.71906524920059,True,≥100 NTU
21,Etawah_21_20211013T051751_20211013T052103_T44RKQ.tif,20211013T051751_20211013T052103_T44RKQ,2021-10-13,ETAWAH,11-10-2021 08:20,26.74972222,78.98333333,104.0,1.8830908564814808,0.000219,0.0581332065415702,0.085820707096089,0.0854408361756049,0.0592247608111466,0.0274836712316001,0.020411430273377,0.1835234407314544,0.5149063993799123,2,1,True,OK,21,Etawah_21_20211013T051751_20211013T052103_T44RKQ.tif,13,14,9,EPSG:32644,0.0566813200712204,0.0577999986708164,0.0156296174973249,0.0300999991595745,0.1406999975442886,0.0863417610526084,0.0856499969959259,0.0181948859244585,0.0577999986708164,0.1908999979496002,0.0800329744815826,0.0853499993681907,0.0278365574777126,0.0324000008404254,0.2202000021934509,0.1642999947071075,0.0701999962329864,0.1347061246633529,0.0546000003814697,0.447299987077713,0.0940516516566276,0.0516000017523765,0.0781861767172813,0.0247000008821487,0.3619999885559082,0.0597467012703418,0.0353499986231327,0.0561470203101635,0.0175999999046325,0.3366000056266784,-0.1290961354970932,0.0967282429337501,0.3604495227336883,-0.7401283979415894,0.2151536643505096,0.1115145608782768,0.2331296503543853,0.4016266465187073,-0.4908333420753479,0.5492700338363647,0.5769230769230769,True,True,2,104.0,43.49123232018101,60.50876767981899,60.50876767981899,58.18150738444133,58.18150738444133,True,≥100 NTU
125,Etawah_125_20211013T051751_20211013T052103_T44RKQ.tif,20211013T051751_20211013T052103_T44RKQ,2021-10-13,ETAWAH,11-10-2021 08:20,26.74972222,78.98333333,104.0,1.8830908564814808,0.000219,0.0581332065415702,0.085820707096089,0.0854408361756049,0.0592247608111466,0.0274836712316001,0.020411430273377,0.1835234407314544,0.5149063993799123,2,1,True,OK,125,Etawah_125_20211013T051751_20211013T052103_T44RKQ.tif,14,14,9,EPSG:32644,0.0519576556980609,0.0507000014185905,0.0052113588899374,0.0476000010967254,0.0829000025987625,0.0814260244369506,0.0789000019431114,0.0073787812143564,0.0763000026345253,0.121799997985363,0.0586530640721321,0.0524000003933906,0.0172953680157661,0.0485000014305114,0.1500000059604644,0.0240642838180065,0.018300000578165,0.0219484120607376,0.0153000000864267,0.1674000024795532,0.0245464295148849,0.0205000005662441,0.0152446255087852,0.0181000009179115,0.1456000059843063,0.0187102034687995,0.016499999910593,0.0098505979403853,0.0141000002622604,0.1009000018239021,0.5827829241752625,0.6233838796615601,0.144217237830162,-0.1576763689517974,0.670258641242981,0.557255744934082,0.583796501159668,0.1008018553256988,-0.0890052616596221,0.6302348971366882,0.9897959183673468,True,True,2,104.0,227.53273539698412,-123.53273539698412,123.53273539698412,-118.78147634325396,118.78147634325396,False,≥100 NTU
