patch_number,sentinel2_id,satellite_date,cwc_datetime,turbidity_NTU,predicted_turbidity_NTU,residual_NTU,absolute_error_NTU
49,20221003T051649_20221003T052253_T44RKQ,2022-10-03,01-10-2022 08:30,344.0,86.46146530849842,257.5385346915016,257.5385346915016
154,20221003T051649_20221003T052253_T44RKQ,2022-10-03,01-10-2022 08:30,344.0,89.28726898882509,254.71273101117492,254.71273101117492
77,20230903T051701_20230903T053110_T44RKQ,2023-09-03,01-09-2023 09:00,230.0,48.78685149193952,181.21314850806047,181.21314850806047
182,20230903T051701_20230903T053110_T44RKQ,2023-09-03,01-09-2023 09:00,230.0,147.15084290582664,82.84915709417336,82.84915709417336
153,20220903T051649_20220903T052701_T44RKQ,2022-09-03,01-09-2022 08:50,167.0,88.4934044849401,78.5065955150599,78.5065955150599
48,20220903T051649_20220903T052701_T44RKQ,2022-09-03,01-09-2022 08:50,167.0,43.363294282198666,123.63670571780133,123.63670571780133
75,20230720T051659_20230720T052825_T44RKQ,2023-07-20,21-07-2023 11:55,148.0,69.40917559143955,78.59082440856045,78.59082440856045
180,20230720T051659_20230720T052825_T44RKQ,2023-07-20,21-07-2023 11:55,148.0,16.026842397659895,131.9731576023401,131.9731576023401
104,20240922T051649_20240922T052326_T44RKQ,2024-09-22,21-09-2024 08:30,128.4,72.18676793836136,56.21323206163865,56.21323206163865
51,20221023T051849_20221023T052729_T44RKQ,2022-10-23,21-10-2022 08:20,123.0,38.683105257975996,84.316894742024,84.316894742024
156,20221023T051849_20221023T052729_T44RKQ,2022-10-23,21-10-2022 08:20,123.0,61.85512062980681,61.14487937019319,61.14487937019319
207,20240709T051651_20240709T053028_T44RKQ,2024-07-09,11-07-2024 08:40,109.0,72.75322610770165,36.24677389229835,36.24677389229835
102,20240709T051651_20240709T053028_T44RKQ,2024-07-09,11-07-2024 08:40,109.0,59.16621887837135,49.83378112162865,49.83378112162865
21,20211013T051751_20211013T052103_T44RKQ,2021-10-13,11-10-2021 08:20,104.0,43.49123232018101,60.50876767981899,60.50876767981899
125,20211013T051751_20211013T052103_T44RKQ,2021-10-13,11-10-2021 08:20,104.0,227.53273539698412,-123.53273539698412,123.53273539698412
