model,fold,row_index,sentinel2_id,observed_turbidity,predicted_turbidity,residual
Ridge,1,4,20210406T051651_20210406T052529_T44RKQ,2.0,10.225717276522538,-8.225717276522538
Ridge,1,9,20210610T051649_20210610T053106_T44RKQ,19.0,10.988500056766433,8.011499943233567
Ridge,1,14,20210903T051651_20210903T052534_T44RKQ,33.0,51.243802845162726,-18.243802845162726
Ridge,1,19,20211023T051901_20211023T052038_T44RKQ,34.0,48.29950565388616,-14.299505653886158
Ridge,1,24,20211222T052231_20211222T052230_T44RKQ,13.0,40.76556652468283,-27.765566524682832
Ridge,1,29,20220220T051841_20220220T051840_T44RKQ,17.0,32.138257273372254,-15.138257273372254
Ridge,1,34,20220411T051651_20220411T052901_T44RKQ,7.0,13.166148068278837,-6.1661480682788365
Ridge,1,39,20220531T051701_20220531T052755_T44RKQ,42.0,14.039780320306576,27.960219679693424
Ridge,1,44,20220824T051649_20220824T052826_T44RKQ,89.0,33.85603989324929,55.14396010675071
Ridge,1,49,20221102T051949_20221102T052958_T44RKQ,63.0,47.62563794337569,15.374362056624307
Ridge,1,54,20221222T052229_20221222T052753_T44RKQ,38.0,43.06255262032296,-5.062552620322961
Ridge,1,59,20230210T051949_20230210T052635_T44RKQ,23.0,27.111275901652572,-4.111275901652572
Ridge,1,64,20230401T051659_20230401T052512_T44RKQ,26.0,41.30855628362985,-15.308556283629848
Ridge,1,69,20230521T051659_20230521T052824_T44RKQ,29.0,14.887877653875414,14.112122346124586
Ridge,1,76,20231003T051651_20231003T052230_T44RKQ,26.0,38.00833575928747,-12.008335759287469
Ridge,1,81,20231112T052041_20231112T052318_T44RKQ,27.0,43.7399599790813,-16.7399599790813
Ridge,1,85,20231212T052221_20231212T052217_T44RKQ,18.0,39.589526896585234,-21.589526896585234
Ridge,1,89,20240321T051651_20240321T053116_T44RKQ,9.0,45.34904923967984,-36.34904923967984
Ridge,1,95,20240530T051651_20240530T053020_T44RKQ,19.4,16.449044139470423,2.950955860529575
Ridge,1,100,20240922T051649_20240922T052326_T44RKQ,128.4,65.3599170759839,63.040082924016104
Ridge,1,105,20210406T051651_20210406T052529_T44RKQ,2.0,10.840187540548072,-8.840187540548072
Ridge,1,110,20210610T051649_20210610T053106_T44RKQ,19.0,39.38745428329148,-20.387454283291483
Ridge,1,115,20210903T051651_20210903T052534_T44RKQ,33.0,54.294806913002475,-21.294806913002475
Ridge,1,120,20211023T051901_20211023T052038_T44RKQ,34.0,80.44626215972929,-46.44626215972929
Ridge,1,125,20211222T052231_20211222T052230_T44RKQ,13.0,58.739120873840086,-45.739120873840086
Ridge,1,130,20220220T051841_20220220T051840_T44RKQ,17.0,55.39550090142368,-38.39550090142368
Ridge,1,135,20220411T051651_20220411T052901_T44RKQ,7.0,25.149968785422097,-18.149968785422097
Ridge,1,140,20220531T051701_20220531T052755_T44RKQ,42.0,20.5378245740578,21.4621754259422
Ridge,1,145,20220824T051649_20220824T052826_T44RKQ,89.0,74.72465184607302,14.275348153926984
Ridge,1,150,20221102T051949_20221102T052958_T44RKQ,63.0,81.82458640907484,-18.82458640907484
Ridge,1,155,20221222T052229_20221222T052753_T44RKQ,38.0,47.97031563393017,-9.97031563393017
Ridge,1,160,20230210T051949_20230210T052635_T44RKQ,23.0,37.987577122105826,-14.987577122105826
Ridge,1,165,20230401T051659_20230401T052512_T44RKQ,26.0,34.75621273887304,-8.756212738873039
Ridge,1,170,20230521T051659_20230521T052824_T44RKQ,29.0,7.291431283814429,21.70856871618557
Ridge,1,176,20231003T051651_20231003T052230_T44RKQ,26.0,105.02512698633038,-79.02512698633038
Ridge,1,181,20231112T052041_20231112T052318_T44RKQ,27.0,22.4200608609585,4.5799391390415
Ridge,1,184,20231212T052221_20231212T052217_T44RKQ,18.0,37.827291477791896,-19.827291477791896
Ridge,1,185,20231212T052221_20231212T052217_T44RKQ,18.0,37.827291477791896,-19.827291477791896
Ridge,1,189,20240321T051651_20240321T053116_T44RKQ,9.0,30.047413812523082,-21.047413812523082
Ridge,1,194,20240530T051651_20240530T053020_T44RKQ,19.4,5.414315127225116,13.985684872774883
Ridge,2,3,20210322T051649_20210322T052843_T44RKQ,8.0,25.969795759849553,-17.969795759849553
Ridge,2,8,20210531T051649_20210531T052809_T44RKQ,17.0,14.263701112387253,2.7362988876127474
Ridge,2,13,20210824T051651_20210824T052626_T44RKQ,15.0,40.1886833700401,-25.188683370040103
Ridge,2,18,20211013T051751_20211013T052103_T44RKQ,104.0,44.72432923088212,59.27567076911788
Ridge,2,23,20211212T052221_20211212T052221_T44RKQ,25.0,39.428836164648175,-14.428836164648175
Ridge,2,28,20220210T051941_20220210T052038_T44RKQ,15.0,29.849551974216787,-14.849551974216787
Ridge,2,33,20220401T051651_20220401T052734_T44RKQ,9.0,-8.90063780500931,17.90063780500931
Ridge,2,38,20220521T051701_20220521T052917_T44RKQ,41.0,14.706994724574145,26.293005275425855
Ridge,2,43,20220809T051701_20220809T052911_T44RKQ,42.0,34.46979974490133,7.53020025509867
Ridge,2,48,20221023T051849_20221023T052729_T44RKQ,123.0,48.328636537223595,74.67136346277641
Ridge,2,53,20221212T052219_20221212T052632_T44RKQ,39.0,45.19595417391337,-6.195954173913371
Ridge,2,58,20230131T052039_20230131T052214_T44RKQ,7.0,38.34272639507106,-31.34272639507106
Ridge,2,63,20230322T051659_20230322T052301_T44RKQ,8.0,32.29234832418206,-24.292348324182058
Ridge,2,68,20230511T051649_20230511T052839_T44RKQ,32.0,24.73958891824426,7.260411081755741
Ridge,2,73,20230903T051701_20230903T053110_T44RKQ,230.0,46.42648279537263,183.57351720462736
Ridge,2,80,20231107T052019_20231107T052323_T44RKQ,37.0,36.47550383041609,0.5244961695839123
Ridge,2,82,20231122T052121_20231122T052116_T44RKQ,46.0,44.16551347973084,1.8344865202691594
Ridge,2,83,20231122T052121_20231122T052116_T44RKQ,46.0,44.16551347973084,1.8344865202691594
Ridge,2,88,20240220T051841_20240220T052240_T44RKQ,19.0,14.40087234270359,4.59912765729641
Ridge,2,91,20240410T051651_20240410T053057_T44RKQ,25.0,26.417179377206836,-1.4171793772068355
Ridge,2,94,20240510T051651_20240510T052922_T44RKQ,25.0,17.749743043273543,7.2502569567264565
Ridge,2,104,20210322T051649_20210322T052843_T44RKQ,8.0,10.449261581985404,-2.449261581985404
Ridge,2,109,20210531T051649_20210531T052809_T44RKQ,17.0,8.241023087635106,8.758976912364894
Ridge,2,114,20210824T051651_20210824T052626_T44RKQ,15.0,57.971062093564505,-42.971062093564505
Ridge,2,119,20211013T051751_20211013T052103_T44RKQ,104.0,84.75953085945741,19.240469140542587
Ridge,2,124,20211212T052221_20211212T052221_T44RKQ,25.0,46.57213048444562,-21.572130484445623
Ridge,2,129,20220210T051941_20220210T052038_T44RKQ,15.0,55.68414039811563,-40.68414039811563
Ridge,2,134,20220401T051651_20220401T052734_T44RKQ,9.0,35.95572955324075,-26.95572955324075
Ridge,2,139,20220521T051701_20220521T052917_T44RKQ,41.0,15.950438811658987,25.049561188341013
Ridge,2,144,20220809T051701_20220809T052911_T44RKQ,42.0,78.29219906938737,-36.292199069387365
Ridge,2,149,20221023T051849_20221023T052729_T44RKQ,123.0,83.30711513215951,39.69288486784049
Ridge,2,154,20221212T052219_20221212T052632_T44RKQ,39.0,42.26343919978899,-3.2634391997889907
Ridge,2,159,20230131T052039_20230131T052214_T44RKQ,7.0,38.38686788335847,-31.38686788335847
Ridge,2,164,20230322T051659_20230322T052301_T44RKQ,8.0,34.467257225399756,-26.467257225399756
Ridge,2,169,20230511T051649_20230511T052839_T44RKQ,32.0,12.686336063804728,19.313663936195272
Ridge,2,174,20230903T051701_20230903T053110_T44RKQ,230.0,59.70549662196437,170.29450337803564
Ridge,2,180,20231107T052019_20231107T052323_T44RKQ,37.0,21.88222825227667,15.117771747723332
Ridge,2,182,20231122T052121_20231122T052116_T44RKQ,46.0,23.142948986030394,22.857051013969606
Ridge,2,188,20240220T051841_20240220T052240_T44RKQ,19.0,25.231373437444415,-6.2313734374444145
Ridge,2,193,20240510T051651_20240510T052922_T44RKQ,25.0,17.749923942077764,7.250076057922236
Ridge,3,2,20210302T051729_20210302T052733_T44RKQ,10.0,28.005209732004914,-18.005209732004914
Ridge,3,7,20210521T051649_20210521T053105_T44RKQ,14.0,40.20747419620902,-26.20747419620902
Ridge,3,12,20210710T051649_20210710T053111_T44RKQ,41.0,22.201788357814063,18.798211642185937
Ridge,3,17,20211003T051701_20211003T052600_T44RKQ,94.0,54.58297292751541,39.41702707248459
Ridge,3,22,20211122T052121_20211122T052810_T44RKQ,28.0,40.04670828432421,-12.046708284324211
Ridge,3,27,20220131T052041_20220131T052041_T44RKQ,12.0,48.169101649658174,-36.169101649658174
Ridge,3,32,20220322T051651_20220322T052554_T44RKQ,10.0,19.56684056268367,-9.56684056268367
Ridge,3,37,20220511T051651_20220511T053033_T44RKQ,14.0,15.091495024721102,-1.0914950247211017
Ridge,3,42,20220710T051701_20220710T052850_T44RKQ,61.0,37.145222725473545,23.854777274526455
Ridge,3,47,20221013T051749_20221013T052416_T44RKQ,66.0,58.066700950400644,7.933299049599356
Ridge,3,52,20221202T052159_20221202T052600_T44RKQ,58.0,46.908133441747154,11.091866558252846
Ridge,3,57,20230121T052129_20230121T052439_T44RKQ,12.0,46.02206523584273,-34.02206523584273
Ridge,3,62,20230312T051659_20230312T052443_T44RKQ,14.0,31.724222146057652,-17.724222146057652
Ridge,3,67,20230501T051649_20230501T052839_T44RKQ,20.0,42.51017197123353,-22.510171971233532
Ridge,3,72,20230720T051659_20230720T052825_T44RKQ,148.0,61.68885049178245,86.31114950821754
Ridge,3,74,20230923T051651_20230923T052212_T44RKQ,55.0,91.31832150990508,-36.318321509905076
Ridge,3,75,20230923T051651_20230923T052212_T44RKQ,55.0,91.31832150990508,-36.318321509905076
Ridge,3,79,20231102T051951_20231102T052415_T44RKQ,16.0,45.79807703635581,-29.798077036355807
Ridge,3,87,20240210T051951_20240210T052850_T44RKQ,22.0,42.852827168824284,-20.852827168824284
Ridge,3,93,20240430T051651_20240430T053056_T44RKQ,29.0,17.462099444702297,11.537900555297703
Ridge,3,103,20210302T051729_20210302T052733_T44RKQ,10.0,19.505342814200684,-9.505342814200684
Ridge,3,108,20210521T051649_20210521T053105_T44RKQ,14.0,-6.3357981125270655,20.335798112527065
Ridge,3,113,20210710T051649_20210710T053111_T44RKQ,41.0,17.31686541397993,23.68313458602007
Ridge,3,118,20211003T051701_20211003T052600_T44RKQ,94.0,106.25802004096128,-12.258020040961284
Ridge,3,123,20211122T052121_20211122T052810_T44RKQ,28.0,59.614141950424084,-31.614141950424084
Ridge,3,128,20220131T052041_20220131T052041_T44RKQ,12.0,56.228313173560394,-44.228313173560394
Ridge,3,133,20220322T051651_20220322T052554_T44RKQ,10.0,37.472179033219646,-27.472179033219646
Ridge,3,138,20220511T051651_20220511T053033_T44RKQ,14.0,15.069017737022747,-1.0690177370227474
Ridge,3,143,20220710T051701_20220710T052850_T44RKQ,61.0,57.01138713809914,3.9886128619008616
Ridge,3,148,20221013T051749_20221013T052416_T44RKQ,66.0,92.14371091574344,-26.14371091574344
Ridge,3,153,20221202T052159_20221202T052600_T44RKQ,58.0,43.4284407403229,14.571559259677102
Ridge,3,158,20230121T052129_20230121T052439_T44RKQ,12.0,30.818436219850522,-18.818436219850522
Ridge,3,163,20230312T051659_20230312T052443_T44RKQ,14.0,33.69820555111968,-19.698205551119678
Ridge,3,168,20230501T051649_20230501T052839_T44RKQ,20.0,38.665230471556534,-18.665230471556534
Ridge,3,173,20230720T051659_20230720T052825_T44RKQ,148.0,36.14912609332256,111.85087390667744
Ridge,3,175,20230923T051651_20230923T052212_T44RKQ,55.0,74.89982054379763,-19.89982054379763
Ridge,3,179,20231102T051951_20231102T052415_T44RKQ,16.0,24.735809740465992,-8.735809740465992
Ridge,3,187,20240210T051951_20240210T052850_T44RKQ,22.0,40.34030472045337,-18.340304720453368
Ridge,3,192,20240430T051651_20240430T053056_T44RKQ,29.0,16.110455100375535,12.889544899624465
Ridge,4,1,20210131T052039_20210131T052539_T44RKQ,9.0,30.236778086166744,-21.236778086166744
Ridge,4,6,20210421T051649_20210421T053100_T44RKQ,21.0,34.63897624659417,-13.638976246594169
Ridge,4,11,20210630T051649_20210630T051915_T44RKQ,30.0,29.219262255693835,0.7807377443061654
Ridge,4,16,20210923T051651_20210923T053101_T44RKQ,26.0,53.47101599712987,-27.471015997129868
Ridge,4,21,20211112T052051_20211112T052922_T44RKQ,1.0,45.55138036211296,-44.55138036211296
Ridge,4,26,20220111T052201_20220111T052204_T44RKQ,16.0,43.61618959372661,-27.61618959372661
Ridge,4,31,20220312T051651_20220312T052910_T44RKQ,3.0,23.330857194194106,-20.330857194194106
Ridge,4,36,20220501T051701_20220501T052759_T44RKQ,1.0,19.050876375216138,-18.050876375216138
Ridge,4,41,20220620T051701_20220620T052701_T44RKQ,13.0,26.472341378356568,-13.472341378356568
Ridge,4,46,20221003T051649_20221003T052253_T44RKQ,344.0,55.742041478210865,288.25795852178913
Ridge,4,51,20221122T052119_20221122T052433_T44RKQ,56.0,48.756281323901675,7.243718676098325
Ridge,4,56,20230111T052159_20230111T052604_T44RKQ,7.0,33.190893294094444,-26.190893294094444
Ridge,4,61,20230302T051729_20230302T052948_T44RKQ,10.0,31.311667948936453,-21.311667948936453
Ridge,4,66,20230421T051649_20230421T052441_T44RKQ,9.0,15.837094587349611,-6.837094587349611
Ridge,4,71,20230610T051659_20230610T052824_T44RKQ,37.0,18.694032487338223,18.305967512661777
Ridge,4,78,20231023T051851_20231023T052716_T44RKQ,26.0,43.19855341448037,-17.198553414480372
Ridge,4,86,20240111T052201_20240111T052201_T44RKQ,9.0,29.758120010051123,-20.758120010051123
Ridge,4,92,20240420T051651_20240420T052641_T44RKQ,27.0,17.953916142033343,9.046083857966657
Ridge,4,97,20240619T051701_20240619T052437_T44RKQ,16.3,19.317666095501107,-3.017666095501106
Ridge,4,99,20240823T051649_20240823T052843_T44RKQ,18.4,51.271425119492505,-32.87142511949251
Ridge,4,102,20210131T052039_20210131T052539_T44RKQ,9.0,20.74883912039279,-11.748839120392791
Ridge,4,107,20210421T051649_20210421T053100_T44RKQ,21.0,19.624037518042602,1.375962481957398
Ridge,4,112,20210630T051649_20210630T051915_T44RKQ,30.0,16.115036825420745,13.884963174579255
Ridge,4,117,20210923T051651_20210923T053101_T44RKQ,26.0,74.73093414328639,-48.73093414328639
Ridge,4,122,20211112T052051_20211112T052922_T44RKQ,1.0,49.82273640029814,-48.82273640029814
Ridge,4,127,20220111T052201_20220111T052204_T44RKQ,16.0,45.70834749306661,-29.70834749306661
Ridge,4,132,20220312T051651_20220312T052910_T44RKQ,3.0,40.11084130627828,-37.11084130627828
Ridge,4,137,20220501T051701_20220501T052759_T44RKQ,1.0,18.839564636731566,-17.839564636731566
Ridge,4,142,20220620T051701_20220620T052701_T44RKQ,13.0,24.750545180112525,-11.750545180112525
Ridge,4,147,20221003T051649_20221003T052253_T44RKQ,344.0,78.8915780470528,265.1084219529472
Ridge,4,152,20221122T052119_20221122T052433_T44RKQ,56.0,47.59979597688113,8.400204023118867
Ridge,4,157,20230111T052159_20230111T052604_T44RKQ,7.0,17.855016388023778,-10.855016388023778
Ridge,4,162,20230302T051729_20230302T052948_T44RKQ,10.0,31.18111790884979,-21.18111790884979
Ridge,4,167,20230421T051649_20230421T052441_T44RKQ,9.0,16.89673006219325,-7.8967300621932495
Ridge,4,172,20230610T051659_20230610T052824_T44RKQ,37.0,15.644006068223742,21.355993931776258
Ridge,4,178,20231023T051851_20231023T052716_T44RKQ,26.0,37.166899629332185,-11.166899629332185
Ridge,4,186,20240111T052201_20240111T052201_T44RKQ,9.0,39.01216500089793,-30.01216500089793
Ridge,4,191,20240420T051651_20240420T052641_T44RKQ,27.0,18.85584813353671,8.14415186646329
Ridge,4,196,20240619T051701_20240619T052437_T44RKQ,16.3,18.176363202941427,-1.8763632029414268
Ridge,4,198,20240823T051649_20240823T052843_T44RKQ,18.4,82.59426942396698,-64.19426942396697
Ridge,5,0,20210101T052219_20210101T052222_T44RKQ,1.0,42.17183074092516,-41.17183074092516
Ridge,5,5,20210411T051649_20210411T052917_T44RKQ,17.0,12.245400184476953,4.754599815523047
Ridge,5,10,20210620T051649_20210620T053110_T44RKQ,28.0,1.2651862856192935,26.734813714380707
Ridge,5,15,20210913T051651_20210913T053059_T44RKQ,35.0,8.541466810231022,26.45853318976898
Ridge,5,20,20211102T052001_20211102T052127_T44RKQ,21.0,44.27695064929432,-23.27695064929432
Ridge,5,25,20220101T052231_20220101T053051_T44RKQ,9.0,43.13421256849872,-34.13421256849872
Ridge,5,30,20220302T051731_20220302T052536_T44RKQ,19.0,23.73389323709979,-4.733893237099789
Ridge,5,35,20220421T051701_20220421T052440_T44RKQ,8.0,-24.58484212530695,32.58484212530695
Ridge,5,40,20220610T051701_20220610T052518_T44RKQ,28.0,9.261795078736451,18.73820492126355
Ridge,5,45,20220903T051649_20220903T052701_T44RKQ,167.0,54.18054199738688,112.81945800261312
Ridge,5,50,20221112T052049_20221112T052220_T44RKQ,45.0,60.68559585910431,-15.68559585910431
Ridge,5,55,20230101T052229_20230101T052722_T44RKQ,13.0,28.14389695621993,-15.14389695621993
Ridge,5,60,20230220T051839_20230220T052919_T44RKQ,15.0,29.003726935172743,-14.003726935172743
Ridge,5,65,20230411T051649_20230411T052709_T44RKQ,39.0,28.146918988684593,10.853081011315407
Ridge,5,70,20230531T051659_20230531T052823_T44RKQ,51.0,21.61161249732759,29.38838750267241
Ridge,5,77,20231013T051741_20231013T052432_T44RKQ,60.0,30.860679483769726,29.139320516230274
Ridge,5,84,20231202T052151_20231202T052152_T44RKQ,19.0,38.282564183589145,-19.282564183589145
Ridge,5,90,20240331T051651_20240331T052929_T44RKQ,14.0,28.722665346350094,-14.722665346350094
Ridge,5,96,20240609T051701_20240609T052940_T44RKQ,14.0,14.355836025394826,-0.35583602539482584
Ridge,5,98,20240709T051651_20240709T053028_T44RKQ,109.0,46.700556209752925,62.299443790247075
Ridge,5,101,20210101T052219_20210101T052222_T44RKQ,1.0,13.251952939482841,-12.251952939482841
Ridge,5,106,20210411T051649_20210411T052917_T44RKQ,17.0,4.085768414278796,12.914231585721204
Ridge,5,111,20210620T051649_20210620T053110_T44RKQ,28.0,25.265889305753547,2.7341106942464535
Ridge,5,116,20210913T051651_20210913T053059_T44RKQ,35.0,86.18883364899244,-51.18883364899244
Ridge,5,121,20211102T052001_20211102T052127_T44RKQ,21.0,84.4940093084773,-63.4940093084773
Ridge,5,126,20220101T052231_20220101T053051_T44RKQ,9.0,49.07046420953543,-40.07046420953543
Ridge,5,131,20220302T051731_20220302T052536_T44RKQ,19.0,41.96286846238523,-22.96286846238523
Ridge,5,136,20220421T051701_20220421T052440_T44RKQ,8.0,16.419648148320345,-8.419648148320345
Ridge,5,141,20220610T051701_20220610T052518_T44RKQ,28.0,12.328923119944506,15.671076880055494
Ridge,5,146,20220903T051649_20220903T052701_T44RKQ,167.0,99.49243575693977,67.50756424306023
Ridge,5,151,20221112T052049_20221112T052220_T44RKQ,45.0,75.51064880951137,-30.510648809511366
Ridge,5,156,20230101T052229_20230101T052722_T44RKQ,13.0,24.061349189642048,-11.061349189642048
Ridge,5,161,20230220T051839_20230220T052919_T44RKQ,15.0,36.12835196430488,-21.128351964304883
Ridge,5,166,20230411T051649_20230411T052709_T44RKQ,39.0,14.275588559973293,24.724411440026707
Ridge,5,171,20230531T051659_20230531T052823_T44RKQ,51.0,12.754309884840783,38.24569011515922
Ridge,5,177,20231013T051741_20231013T052432_T44RKQ,60.0,52.68720719660022,7.31279280339978
Ridge,5,183,20231202T052151_20231202T052152_T44RKQ,19.0,35.04004181953353,-16.040041819533528
Ridge,5,190,20240331T051651_20240331T052929_T44RKQ,14.0,22.273425231013082,-8.273425231013082
Ridge,5,195,20240609T051701_20240609T052940_T44RKQ,14.0,11.42989344168554,2.5701065583144604
Ridge,5,197,20240709T051651_20240709T053028_T44RKQ,109.0,69.5338537728637,39.466146227136306
Random Forest,1,4,20210406T051651_20210406T052529_T44RKQ,2.0,25.066599999999998,-23.066599999999998
Random Forest,1,9,20210610T051649_20210610T053106_T44RKQ,19.0,20.28,-1.2800000000000011
Random Forest,1,14,20210903T051651_20210903T052534_T44RKQ,33.0,20.560599999999955,12.439400000000045
Random Forest,1,19,20211023T051901_20211023T052038_T44RKQ,34.0,29.112,4.888000000000002
Random Forest,1,24,20211222T052231_20211222T052230_T44RKQ,13.0,23.114,-10.114
Random Forest,1,29,20220220T051841_20220220T051840_T44RKQ,17.0,13.6,3.4000000000000004
Random Forest,1,34,20220411T051651_20220411T052901_T44RKQ,7.0,19.292,-12.292000000000002
Random Forest,1,39,20220531T051701_20220531T052755_T44RKQ,42.0,28.257799999999996,13.742200000000004
Random Forest,1,44,20220824T051649_20220824T052826_T44RKQ,89.0,21.881199999999996,67.11880000000001
Random Forest,1,49,20221102T051949_20221102T052958_T44RKQ,63.0,53.86,9.14
Random Forest,1,54,20221222T052229_20221222T052753_T44RKQ,38.0,26.446,11.553999999999998
Random Forest,1,59,20230210T051949_20230210T052635_T44RKQ,23.0,13.14,9.86
Random Forest,1,64,20230401T051659_20230401T052512_T44RKQ,26.0,24.828,1.1720000000000006
Random Forest,1,69,20230521T051659_20230521T052824_T44RKQ,29.0,23.786999999999995,5.2130000000000045
Random Forest,1,76,20231003T051651_20231003T052230_T44RKQ,26.0,27.606,-1.6060000000000016
Random Forest,1,81,20231112T052041_20231112T052318_T44RKQ,27.0,23.814,3.186
Random Forest,1,85,20231212T052221_20231212T052217_T44RKQ,18.0,26.552,-8.552
Random Forest,1,89,20240321T051651_20240321T053116_T44RKQ,9.0,57.98,-48.98
Random Forest,1,95,20240530T051651_20240530T053020_T44RKQ,19.4,16.06000000000004,3.3399999999999572
Random Forest,1,100,20240922T051649_20240922T052326_T44RKQ,128.4,102.20160000000001,26.198399999999992
Random Forest,1,105,20210406T051651_20210406T052529_T44RKQ,2.0,14.919600000000004,-12.919600000000004
Random Forest,1,110,20210610T051649_20210610T053106_T44RKQ,19.0,62.830400000000004,-43.830400000000004
Random Forest,1,115,20210903T051651_20210903T052534_T44RKQ,33.0,69.874,-36.873999999999995
Random Forest,1,120,20211023T051901_20211023T052038_T44RKQ,34.0,96.61800000000005,-62.61800000000005
Random Forest,1,125,20211222T052231_20211222T052230_T44RKQ,13.0,54.046,-41.046
Random Forest,1,130,20220220T051841_20220220T051840_T44RKQ,17.0,37.5608,-20.5608
Random Forest,1,135,20220411T051651_20220411T052901_T44RKQ,7.0,17.414,-10.414000000000001
Random Forest,1,140,20220531T051701_20220531T052755_T44RKQ,42.0,23.546799999999994,18.453200000000006
Random Forest,1,145,20220824T051649_20220824T052826_T44RKQ,89.0,85.03880000000012,3.9611999999998773
Random Forest,1,150,20221102T051949_20221102T052958_T44RKQ,63.0,51.99,11.009999999999998
Random Forest,1,155,20221222T052229_20221222T052753_T44RKQ,38.0,29.328,8.672
Random Forest,1,160,20230210T051949_20230210T052635_T44RKQ,23.0,15.792800000000002,7.2071999999999985
Random Forest,1,165,20230401T051659_20230401T052512_T44RKQ,26.0,25.062,0.9379999999999988
Random Forest,1,170,20230521T051659_20230521T052824_T44RKQ,29.0,18.100600000000007,10.899399999999993
Random Forest,1,176,20231003T051651_20231003T052230_T44RKQ,26.0,142.14679999999998,-116.14679999999998
Random Forest,1,181,20231112T052041_20231112T052318_T44RKQ,27.0,16.77,10.23
Random Forest,1,184,20231212T052221_20231212T052217_T44RKQ,18.0,17.547,0.4529999999999994
Random Forest,1,185,20231212T052221_20231212T052217_T44RKQ,18.0,17.547,0.4529999999999994
Random Forest,1,189,20240321T051651_20240321T053116_T44RKQ,9.0,16.357200000000002,-7.357200000000002
Random Forest,1,194,20240530T051651_20240530T053020_T44RKQ,19.4,16.931800000000024,2.4681999999999746
Random Forest,2,3,20210322T051649_20210322T052843_T44RKQ,8.0,33.4416,-25.4416
Random Forest,2,8,20210531T051649_20210531T052809_T44RKQ,17.0,25.369999999999994,-8.369999999999994
Random Forest,2,13,20210824T051651_20210824T052626_T44RKQ,15.0,18.972999999999995,-3.9729999999999954
Random Forest,2,18,20211013T051751_20211013T052103_T44RKQ,104.0,42.424,61.576
Random Forest,2,23,20211212T052221_20211212T052221_T44RKQ,25.0,21.99,3.0100000000000016
Random Forest,2,28,20220210T051941_20220210T052038_T44RKQ,15.0,32.2736,-17.273600000000002
Random Forest,2,33,20220401T051651_20220401T052734_T44RKQ,9.0,14.59,-5.59
Random Forest,2,38,20220521T051701_20220521T052917_T44RKQ,41.0,29.158399999999983,11.841600000000017
Random Forest,2,43,20220809T051701_20220809T052911_T44RKQ,42.0,16.777800000000003,25.222199999999997
Random Forest,2,48,20221023T051849_20221023T052729_T44RKQ,123.0,73.07120000000003,49.92879999999997
Random Forest,2,53,20221212T052219_20221212T052632_T44RKQ,39.0,61.32200000000001,-22.32200000000001
Random Forest,2,58,20230131T052039_20230131T052214_T44RKQ,7.0,22.316,-15.315999999999999
Random Forest,2,63,20230322T051659_20230322T052301_T44RKQ,8.0,17.448,-9.448
Random Forest,2,68,20230511T051649_20230511T052839_T44RKQ,32.0,29.084,2.9160000000000004
Random Forest,2,73,20230903T051701_20230903T053110_T44RKQ,230.0,48.401799999999994,181.59820000000002
Random Forest,2,80,20231107T052019_20231107T052323_T44RKQ,37.0,33.0808,3.9191999999999965
Random Forest,2,82,20231122T052121_20231122T052116_T44RKQ,46.0,32.262,13.738
Random Forest,2,83,20231122T052121_20231122T052116_T44RKQ,46.0,32.262,13.738
Random Forest,2,88,20240220T051841_20240220T052240_T44RKQ,19.0,22.654,-3.654
Random Forest,2,91,20240410T051651_20240410T053057_T44RKQ,25.0,33.785599999999995,-8.785599999999995
Random Forest,2,94,20240510T051651_20240510T052922_T44RKQ,25.0,21.049599999999998,3.950400000000002
Random Forest,2,104,20210322T051649_20210322T052843_T44RKQ,8.0,20.856399999999997,-12.856399999999997
Random Forest,2,109,20210531T051649_20210531T052809_T44RKQ,17.0,19.051,-2.0509999999999984
Random Forest,2,114,20210824T051651_20210824T052626_T44RKQ,15.0,92.63480000000006,-77.63480000000006
Random Forest,2,119,20211013T051751_20211013T052103_T44RKQ,104.0,181.88759999999996,-77.88759999999996
Random Forest,2,124,20211212T052221_20211212T052221_T44RKQ,25.0,31.580799999999993,-6.580799999999993
Random Forest,2,129,20220210T051941_20220210T052038_T44RKQ,15.0,36.924,-21.924
Random Forest,2,134,20220401T051651_20220401T052734_T44RKQ,9.0,31.2766,-22.2766
Random Forest,2,139,20220521T051701_20220521T052917_T44RKQ,41.0,18.916599999999992,22.083400000000008
Random Forest,2,144,20220809T051701_20220809T052911_T44RKQ,42.0,52.23240000000003,-10.232400000000027
Random Forest,2,149,20221023T051849_20221023T052729_T44RKQ,123.0,91.30760000000001,31.692399999999992
Random Forest,2,154,20221212T052219_20221212T052632_T44RKQ,39.0,35.931599999999996,3.068400000000004
Random Forest,2,159,20230131T052039_20230131T052214_T44RKQ,7.0,33.208800000000004,-26.208800000000004
Random Forest,2,164,20230322T051659_20230322T052301_T44RKQ,8.0,21.5736,-13.573599999999999
Random Forest,2,169,20230511T051649_20230511T052839_T44RKQ,32.0,26.664399999999993,5.335600000000007
Random Forest,2,174,20230903T051701_20230903T053110_T44RKQ,230.0,60.67360000000001,169.32639999999998
Random Forest,2,180,20231107T052019_20231107T052323_T44RKQ,37.0,18.406,18.594
Random Forest,2,182,20231122T052121_20231122T052116_T44RKQ,46.0,19.9808,26.0192
Random Forest,2,188,20240220T051841_20240220T052240_T44RKQ,19.0,13.908600000000002,5.091399999999998
Random Forest,2,193,20240510T051651_20240510T052922_T44RKQ,25.0,23.969399999999993,1.0306000000000068
Random Forest,3,2,20210302T051729_20210302T052733_T44RKQ,10.0,20.12,-10.120000000000001
Random Forest,3,7,20210521T051649_20210521T053105_T44RKQ,14.0,26.125199999999992,-12.125199999999992
Random Forest,3,12,20210710T051649_20210710T053111_T44RKQ,41.0,17.951799999999988,23.048200000000012
Random Forest,3,17,20211003T051701_20211003T052600_T44RKQ,94.0,124.08320000000015,-30.083200000000147
Random Forest,3,22,20211122T052121_20211122T052810_T44RKQ,28.0,24.71,3.289999999999999
Random Forest,3,27,20220131T052041_20220131T052041_T44RKQ,12.0,68.99560000000002,-56.995600000000024
Random Forest,3,32,20220322T051651_20220322T052554_T44RKQ,10.0,16.886,-6.885999999999999
Random Forest,3,37,20220511T051651_20220511T053033_T44RKQ,14.0,14.222,-0.22199999999999953
Random Forest,3,42,20220710T051701_20220710T052850_T44RKQ,61.0,23.929199999999998,37.070800000000006
Random Forest,3,47,20221013T051749_20221013T052416_T44RKQ,66.0,186.9851999999998,-120.9851999999998
Random Forest,3,52,20221202T052159_20221202T052600_T44RKQ,58.0,52.0968,5.903199999999998
Random Forest,3,57,20230121T052129_20230121T052439_T44RKQ,12.0,67.91760000000001,-55.91760000000001
Random Forest,3,62,20230312T051659_20230312T052443_T44RKQ,14.0,28.300399999999996,-14.300399999999996
Random Forest,3,67,20230501T051649_20230501T052839_T44RKQ,20.0,20.9848,-0.9847999999999999
Random Forest,3,72,20230720T051659_20230720T052825_T44RKQ,148.0,98.89440000000009,49.10559999999991
Random Forest,3,74,20230923T051651_20230923T052212_T44RKQ,55.0,36.1592,18.8408
Random Forest,3,75,20230923T051651_20230923T052212_T44RKQ,55.0,36.1592,18.8408
Random Forest,3,79,20231102T051951_20231102T052415_T44RKQ,16.0,32.292,-16.292
Random Forest,3,87,20240210T051951_20240210T052850_T44RKQ,22.0,59.51960000000001,-37.51960000000001
Random Forest,3,93,20240430T051651_20240430T053056_T44RKQ,29.0,27.844399999999997,1.1556000000000033
Random Forest,3,103,20210302T051729_20210302T052733_T44RKQ,10.0,31.457399999999996,-21.457399999999996
Random Forest,3,108,20210521T051649_20210521T053105_T44RKQ,14.0,17.298,-3.2979999999999983
Random Forest,3,113,20210710T051649_20210710T053111_T44RKQ,41.0,35.9792,5.020800000000001
Random Forest,3,118,20211003T051701_20211003T052600_T44RKQ,94.0,140.338,-46.337999999999994
Random Forest,3,123,20211122T052121_20211122T052810_T44RKQ,28.0,61.653600000000004,-33.653600000000004
Random Forest,3,128,20220131T052041_20220131T052041_T44RKQ,12.0,35.485600000000005,-23.485600000000005
Random Forest,3,133,20220322T051651_20220322T052554_T44RKQ,10.0,21.1294,-11.1294
Random Forest,3,138,20220511T051651_20220511T053033_T44RKQ,14.0,11.197400000000004,2.8025999999999964
Random Forest,3,143,20220710T051701_20220710T052850_T44RKQ,61.0,27.3964,33.6036
Random Forest,3,148,20221013T051749_20221013T052416_T44RKQ,66.0,55.81400000000008,10.185999999999922
Random Forest,3,153,20221202T052159_20221202T052600_T44RKQ,58.0,19.216199999999997,38.7838
Random Forest,3,158,20230121T052129_20230121T052439_T44RKQ,12.0,16.6316,-4.631599999999999
Random Forest,3,163,20230312T051659_20230312T052443_T44RKQ,14.0,16.173199999999994,-2.1731999999999942
Random Forest,3,168,20230501T051649_20230501T052839_T44RKQ,20.0,25.635199999999998,-5.6351999999999975
Random Forest,3,173,20230720T051659_20230720T052825_T44RKQ,148.0,33.715199999999996,114.2848
Random Forest,3,175,20230923T051651_20230923T052212_T44RKQ,55.0,37.028800000000004,17.971199999999996
Random Forest,3,179,20231102T051951_20231102T052415_T44RKQ,16.0,18.1936,-2.1936
Random Forest,3,187,20240210T051951_20240210T052850_T44RKQ,22.0,18.739,3.2609999999999992
Random Forest,3,192,20240430T051651_20240430T053056_T44RKQ,29.0,29.381199999999996,-0.3811999999999962
Random Forest,4,1,20210131T052039_20210131T052539_T44RKQ,9.0,16.798,-7.797999999999998
Random Forest,4,6,20210421T051649_20210421T053100_T44RKQ,21.0,61.8748,-40.8748
Random Forest,4,11,20210630T051649_20210630T051915_T44RKQ,30.0,22.741199999999996,7.258800000000004
Random Forest,4,16,20210923T051651_20210923T053101_T44RKQ,26.0,85.2964,-59.296400000000006
Random Forest,4,21,20211112T052051_20211112T052922_T44RKQ,1.0,87.45,-86.45
Random Forest,4,26,20220111T052201_20220111T052204_T44RKQ,16.0,26.854799999999997,-10.854799999999997
Random Forest,4,31,20220312T051651_20220312T052910_T44RKQ,3.0,20.286,-17.286
Random Forest,4,36,20220501T051701_20220501T052759_T44RKQ,1.0,21.663199999999943,-20.663199999999943
Random Forest,4,41,20220620T051701_20220620T052701_T44RKQ,13.0,26.390400000000003,-13.390400000000003
Random Forest,4,46,20221003T051649_20221003T052253_T44RKQ,344.0,104.52520000000018,239.47479999999982
Random Forest,4,51,20221122T052119_20221122T052433_T44RKQ,56.0,48.4568,7.543199999999999
Random Forest,4,56,20230111T052159_20230111T052604_T44RKQ,7.0,50.604,-43.604
Random Forest,4,61,20230302T051729_20230302T052948_T44RKQ,10.0,31.68,-21.68
Random Forest,4,66,20230421T051649_20230421T052441_T44RKQ,9.0,22.63,-13.629999999999999
Random Forest,4,71,20230610T051659_20230610T052824_T44RKQ,37.0,25.7196,11.2804
Random Forest,4,78,20231023T051851_20231023T052716_T44RKQ,26.0,29.892,-3.8919999999999995
Random Forest,4,86,20240111T052201_20240111T052201_T44RKQ,9.0,36.9696,-27.9696
Random Forest,4,92,20240420T051651_20240420T052641_T44RKQ,27.0,18.274,8.725999999999999
Random Forest,4,97,20240619T051701_20240619T052437_T44RKQ,16.3,25.59879999999993,-9.298799999999929
Random Forest,4,99,20240823T051649_20240823T052843_T44RKQ,18.4,69.858,-51.458000000000006
Random Forest,4,102,20210131T052039_20210131T052539_T44RKQ,9.0,17.0028,-8.0028
Random Forest,4,107,20210421T051649_20210421T053100_T44RKQ,21.0,29.697599999999994,-8.697599999999994
Random Forest,4,112,20210630T051649_20210630T051915_T44RKQ,30.0,22.046399999999995,7.953600000000005
Random Forest,4,117,20210923T051651_20210923T053101_T44RKQ,26.0,59.8676,-33.8676
Random Forest,4,122,20211112T052051_20211112T052922_T44RKQ,1.0,39.517199999999995,-38.517199999999995
Random Forest,4,127,20220111T052201_20220111T052204_T44RKQ,16.0,41.51839999999999,-25.518399999999993
Random Forest,4,132,20220312T051651_20220312T052910_T44RKQ,3.0,21.2108,-18.2108
Random Forest,4,137,20220501T051701_20220501T052759_T44RKQ,1.0,17.975999999999992,-16.975999999999992
Random Forest,4,142,20220620T051701_20220620T052701_T44RKQ,13.0,20.760399999999983,-7.760399999999983
Random Forest,4,147,20221003T051649_20221003T052253_T44RKQ,344.0,88.78160000000003,255.21839999999997
Random Forest,4,152,20221122T052119_20221122T052433_T44RKQ,56.0,28.164,27.836
Random Forest,4,157,20230111T052159_20230111T052604_T44RKQ,7.0,25.066,-18.066
Random Forest,4,162,20230302T051729_20230302T052948_T44RKQ,10.0,13.896,-3.896000000000001
Random Forest,4,167,20230421T051649_20230421T052441_T44RKQ,9.0,26.2764,-17.2764
Random Forest,4,172,20230610T051659_20230610T052824_T44RKQ,37.0,16.7788,20.2212
Random Forest,4,178,20231023T051851_20231023T052716_T44RKQ,26.0,18.586,7.4140000000000015
Random Forest,4,186,20240111T052201_20240111T052201_T44RKQ,9.0,24.5744,-15.5744
Random Forest,4,191,20240420T051651_20240420T052641_T44RKQ,27.0,16.2892,10.710799999999999
Random Forest,4,196,20240619T051701_20240619T052437_T44RKQ,16.3,18.8084,-2.508399999999998
Random Forest,4,198,20240823T051649_20240823T052843_T44RKQ,18.4,61.9432,-43.5432
Random Forest,5,0,20210101T052219_20210101T052222_T44RKQ,1.0,52.408,-51.408
Random Forest,5,5,20210411T051649_20210411T052917_T44RKQ,17.0,18.1188,-1.1188000000000002
Random Forest,5,10,20210620T051649_20210620T053110_T44RKQ,28.0,18.257599999999965,9.742400000000035
Random Forest,5,15,20210913T051651_20210913T053059_T44RKQ,35.0,20.14919999999997,14.850800000000032
Random Forest,5,20,20211102T052001_20211102T052127_T44RKQ,21.0,34.228,-13.228000000000002
Random Forest,5,25,20220101T052231_20220101T053051_T44RKQ,9.0,43.71960000000001,-34.71960000000001
Random Forest,5,30,20220302T051731_20220302T052536_T44RKQ,19.0,11.12,7.880000000000001
Random Forest,5,35,20220421T051701_20220421T052440_T44RKQ,8.0,11.532,-3.532
Random Forest,5,40,20220610T051701_20220610T052518_T44RKQ,28.0,22.98,5.02
Random Forest,5,45,20220903T051649_20220903T052701_T44RKQ,167.0,36.7816,130.2184
Random Forest,5,50,20221112T052049_20221112T052220_T44RKQ,45.0,62.87320000000006,-17.87320000000006
Random Forest,5,55,20230101T052229_20230101T052722_T44RKQ,13.0,46.3508,-33.3508
Random Forest,5,60,20230220T051839_20230220T052919_T44RKQ,15.0,11.26,3.74
Random Forest,5,65,20230411T051649_20230411T052709_T44RKQ,39.0,18.3666,20.6334
Random Forest,5,70,20230531T051659_20230531T052823_T44RKQ,51.0,17.622,33.378
Random Forest,5,77,20231013T051741_20231013T052432_T44RKQ,60.0,25.29,34.71
Random Forest,5,84,20231202T052151_20231202T052152_T44RKQ,19.0,28.12,-9.120000000000001
Random Forest,5,90,20240331T051651_20240331T052929_T44RKQ,14.0,18.912,-4.911999999999999
Random Forest,5,96,20240609T051701_20240609T052940_T44RKQ,14.0,29.812799999999978,-15.812799999999978
Random Forest,5,98,20240709T051651_20240709T053028_T44RKQ,109.0,60.9804,48.0196
Random Forest,5,101,20210101T052219_20210101T052222_T44RKQ,1.0,22.472,-21.472
Random Forest,5,106,20210411T051649_20210411T052917_T44RKQ,17.0,24.221399999999996,-7.221399999999996
Random Forest,5,111,20210620T051649_20210620T053110_T44RKQ,28.0,20.885999999999996,7.114000000000004
Random Forest,5,116,20210913T051651_20210913T053059_T44RKQ,35.0,75.81680000000009,-40.816800000000086
Random Forest,5,121,20211102T052001_20211102T052127_T44RKQ,21.0,77.54840000000003,-56.54840000000003
Random Forest,5,126,20220101T052231_20220101T053051_T44RKQ,9.0,26.70839999999999,-17.70839999999999
Random Forest,5,131,20220302T051731_20220302T052536_T44RKQ,19.0,25.729200000000002,-6.729200000000002
Random Forest,5,136,20220421T051701_20220421T052440_T44RKQ,8.0,22.91419999999998,-14.91419999999998
Random Forest,5,141,20220610T051701_20220610T052518_T44RKQ,28.0,17.894999999999992,10.105000000000008
Random Forest,5,146,20220903T051649_20220903T052701_T44RKQ,167.0,118.16640000000005,48.83359999999995
Random Forest,5,151,20221112T052049_20221112T052220_T44RKQ,45.0,66.86600000000001,-21.866000000000014
Random Forest,5,156,20230101T052229_20230101T052722_T44RKQ,13.0,38.28079999999999,-25.280799999999992
Random Forest,5,161,20230220T051839_20230220T052919_T44RKQ,15.0,16.027800000000003,-1.0278000000000027
Random Forest,5,166,20230411T051649_20230411T052709_T44RKQ,39.0,29.192,9.808
Random Forest,5,171,20230531T051659_20230531T052823_T44RKQ,51.0,20.001000000000005,30.998999999999995
Random Forest,5,177,20231013T051741_20231013T052432_T44RKQ,60.0,36.6532,23.3468
Random Forest,5,183,20231202T052151_20231202T052152_T44RKQ,19.0,16.114,2.8859999999999992
Random Forest,5,190,20240331T051651_20240331T052929_T44RKQ,14.0,15.0354,-1.0353999999999992
Random Forest,5,195,20240609T051701_20240609T052940_T44RKQ,14.0,17.472800000000028,-3.472800000000028
Random Forest,5,197,20240709T051651_20240709T053028_T44RKQ,109.0,94.67960000000011,14.320399999999893
Extra Trees,1,4,20210406T051651_20210406T052529_T44RKQ,2.0,26.05,-24.05
Extra Trees,1,9,20210610T051649_20210610T053106_T44RKQ,19.0,19.712,-0.7119999999999997
Extra Trees,1,14,20210903T051651_20210903T052534_T44RKQ,33.0,32.93679999999998,0.06320000000002324
Extra Trees,1,19,20211023T051901_20211023T052038_T44RKQ,34.0,27.972,6.027999999999999
Extra Trees,1,24,20211222T052231_20211222T052230_T44RKQ,13.0,21.332,-8.332
Extra Trees,1,29,20220220T051841_20220220T051840_T44RKQ,17.0,12.606,4.394
Extra Trees,1,34,20220411T051651_20220411T052901_T44RKQ,7.0,16.78,-9.780000000000001
Extra Trees,1,39,20220531T051701_20220531T052755_T44RKQ,42.0,31.995199999999997,10.004800000000003
Extra Trees,1,44,20220824T051649_20220824T052826_T44RKQ,89.0,31.104,57.896
Extra Trees,1,49,20221102T051949_20221102T052958_T44RKQ,63.0,70.25,-7.25
Extra Trees,1,54,20221222T052229_20221222T052753_T44RKQ,38.0,28.0296,9.970400000000001
Extra Trees,1,59,20230210T051949_20230210T052635_T44RKQ,23.0,13.792,9.208
Extra Trees,1,64,20230401T051659_20230401T052512_T44RKQ,26.0,19.83,6.170000000000002
Extra Trees,1,69,20230521T051659_20230521T052824_T44RKQ,29.0,23.283599999999996,5.716400000000004
Extra Trees,1,76,20231003T051651_20231003T052230_T44RKQ,26.0,33.776,-7.776000000000003
Extra Trees,1,81,20231112T052041_20231112T052318_T44RKQ,27.0,25.738,1.2620000000000005
Extra Trees,1,85,20231212T052221_20231212T052217_T44RKQ,18.0,28.448,-10.448
Extra Trees,1,89,20240321T051651_20240321T053116_T44RKQ,9.0,24.906,-15.905999999999999
Extra Trees,1,95,20240530T051651_20240530T053020_T44RKQ,19.4,13.967800000000052,5.432199999999947
Extra Trees,1,100,20240922T051649_20240922T052326_T44RKQ,128.4,116.52480000000001,11.875199999999992
Extra Trees,1,105,20210406T051651_20210406T052529_T44RKQ,2.0,11.974200000000003,-9.974200000000003
Extra Trees,1,110,20210610T051649_20210610T053106_T44RKQ,19.0,25.932,-6.931999999999999
Extra Trees,1,115,20210903T051651_20210903T052534_T44RKQ,33.0,34.818,-1.8179999999999978
Extra Trees,1,120,20211023T051901_20211023T052038_T44RKQ,34.0,91.39720000000013,-57.397200000000126
Extra Trees,1,125,20211222T052231_20211222T052230_T44RKQ,13.0,59.312,-46.312
Extra Trees,1,130,20220220T051841_20220220T051840_T44RKQ,17.0,38.81,-21.810000000000002
Extra Trees,1,135,20220411T051651_20220411T052901_T44RKQ,7.0,16.487000000000002,-9.487000000000002
Extra Trees,1,140,20220531T051701_20220531T052755_T44RKQ,42.0,18.9382,23.0618
Extra Trees,1,145,20220824T051649_20220824T052826_T44RKQ,89.0,93.09280000000018,-4.092800000000182
Extra Trees,1,150,20221102T051949_20221102T052958_T44RKQ,63.0,38.28,24.72
Extra Trees,1,155,20221222T052229_20221222T052753_T44RKQ,38.0,26.016,11.984000000000002
Extra Trees,1,160,20230210T051949_20230210T052635_T44RKQ,23.0,16.597,6.402999999999999
Extra Trees,1,165,20230401T051659_20230401T052512_T44RKQ,26.0,25.776,0.2240000000000002
Extra Trees,1,170,20230521T051659_20230521T052824_T44RKQ,29.0,15.38380000000001,13.61619999999999
Extra Trees,1,176,20231003T051651_20231003T052230_T44RKQ,26.0,163.536,-137.536
Extra Trees,1,181,20231112T052041_20231112T052318_T44RKQ,27.0,20.608,6.3919999999999995
Extra Trees,1,184,20231212T052221_20231212T052217_T44RKQ,18.0,17.9756,0.024399999999999977
Extra Trees,1,185,20231212T052221_20231212T052217_T44RKQ,18.0,17.9756,0.024399999999999977
Extra Trees,1,189,20240321T051651_20240321T053116_T44RKQ,9.0,15.292,-6.292
Extra Trees,1,194,20240530T051651_20240530T053020_T44RKQ,19.4,16.60500000000002,2.794999999999977
Extra Trees,2,3,20210322T051649_20210322T052843_T44RKQ,8.0,41.140800000000006,-33.140800000000006
Extra Trees,2,8,20210531T051649_20210531T052809_T44RKQ,17.0,26.957999999999995,-9.957999999999995
Extra Trees,2,13,20210824T051651_20210824T052626_T44RKQ,15.0,20.16679999999999,-5.166799999999991
Extra Trees,2,18,20211013T051751_20211013T052103_T44RKQ,104.0,36.682,67.318
Extra Trees,2,23,20211212T052221_20211212T052221_T44RKQ,25.0,22.26,2.7399999999999984
Extra Trees,2,28,20220210T051941_20220210T052038_T44RKQ,15.0,15.852,-0.8520000000000003
Extra Trees,2,33,20220401T051651_20220401T052734_T44RKQ,9.0,11.394,-2.394
Extra Trees,2,38,20220521T051701_20220521T052917_T44RKQ,41.0,34.45019999999998,6.549800000000019
Extra Trees,2,43,20220809T051701_20220809T052911_T44RKQ,42.0,19.5202,22.4798
Extra Trees,2,48,20221023T051849_20221023T052729_T44RKQ,123.0,80.2316,42.7684
Extra Trees,2,53,20221212T052219_20221212T052632_T44RKQ,39.0,31.4576,7.542400000000001
Extra Trees,2,58,20230131T052039_20230131T052214_T44RKQ,7.0,24.342,-17.342
Extra Trees,2,63,20230322T051659_20230322T052301_T44RKQ,8.0,15.746,-7.746
Extra Trees,2,68,20230511T051649_20230511T052839_T44RKQ,32.0,35.398,-3.3980000000000032
Extra Trees,2,73,20230903T051701_20230903T053110_T44RKQ,230.0,74.892,155.108
Extra Trees,2,80,20231107T052019_20231107T052323_T44RKQ,37.0,39.3248,-2.3248000000000033
Extra Trees,2,82,20231122T052121_20231122T052116_T44RKQ,46.0,33.23,12.770000000000003
Extra Trees,2,83,20231122T052121_20231122T052116_T44RKQ,46.0,33.23,12.770000000000003
Extra Trees,2,88,20240220T051841_20240220T052240_T44RKQ,19.0,15.414,3.5860000000000003
Extra Trees,2,91,20240410T051651_20240410T053057_T44RKQ,25.0,38.8,-13.799999999999997
Extra Trees,2,94,20240510T051651_20240510T052922_T44RKQ,25.0,17.259199999999996,7.740800000000004
Extra Trees,2,104,20210322T051649_20210322T052843_T44RKQ,8.0,19.579199999999997,-11.579199999999997
Extra Trees,2,109,20210531T051649_20210531T052809_T44RKQ,17.0,17.414000000000037,-0.414000000000037
Extra Trees,2,114,20210824T051651_20210824T052626_T44RKQ,15.0,60.25000000000004,-45.25000000000004
Extra Trees,2,119,20211013T051751_20211013T052103_T44RKQ,104.0,121.9,-17.900000000000006
Extra Trees,2,124,20211212T052221_20211212T052221_T44RKQ,25.0,39.586800000000004,-14.586800000000004
Extra Trees,2,129,20220210T051941_20220210T052038_T44RKQ,15.0,36.856,-21.856
Extra Trees,2,134,20220401T051651_20220401T052734_T44RKQ,9.0,23.3266,-14.3266
Extra Trees,2,139,20220521T051701_20220521T052917_T44RKQ,41.0,19.385,21.615
Extra Trees,2,144,20220809T051701_20220809T052911_T44RKQ,42.0,74.76600000000006,-32.76600000000006
Extra Trees,2,149,20221023T051849_20221023T052729_T44RKQ,123.0,85.3408,37.6592
Extra Trees,2,154,20221212T052219_20221212T052632_T44RKQ,39.0,36.800399999999996,2.1996000000000038
Extra Trees,2,159,20230131T052039_20230131T052214_T44RKQ,7.0,35.334,-28.334000000000003
Extra Trees,2,164,20230322T051659_20230322T052301_T44RKQ,8.0,18.090799999999998,-10.090799999999998
Extra Trees,2,169,20230511T051649_20230511T052839_T44RKQ,32.0,29.570599999999992,2.429400000000008
Extra Trees,2,174,20230903T051701_20230903T053110_T44RKQ,230.0,64.7924,165.2076
Extra Trees,2,180,20231107T052019_20231107T052323_T44RKQ,37.0,20.868,16.132
Extra Trees,2,182,20231122T052121_20231122T052116_T44RKQ,46.0,22.112,23.888
Extra Trees,2,188,20240220T051841_20240220T052240_T44RKQ,19.0,12.4554,6.544600000000001
Extra Trees,2,193,20240510T051651_20240510T052922_T44RKQ,25.0,23.822799999999997,1.1772000000000027
Extra Trees,3,2,20210302T051729_20210302T052733_T44RKQ,10.0,17.538,-7.538
Extra Trees,3,7,20210521T051649_20210521T053105_T44RKQ,14.0,38.7142,-24.714199999999998
Extra Trees,3,12,20210710T051649_20210710T053111_T44RKQ,41.0,18.0408,22.9592
Extra Trees,3,17,20211003T051701_20211003T052600_T44RKQ,94.0,158.66840000000002,-64.66840000000002
Extra Trees,3,22,20211122T052121_20211122T052810_T44RKQ,28.0,22.628,5.372
Extra Trees,3,27,20220131T052041_20220131T052041_T44RKQ,12.0,70.94800000000001,-58.94800000000001
Extra Trees,3,32,20220322T051651_20220322T052554_T44RKQ,10.0,16.666,-6.666
Extra Trees,3,37,20220511T051651_20220511T053033_T44RKQ,14.0,11.156,2.8439999999999994
Extra Trees,3,42,20220710T051701_20220710T052850_T44RKQ,61.0,24.8264,36.1736
Extra Trees,3,47,20221013T051749_20221013T052416_T44RKQ,66.0,221.06279999999947,-155.06279999999947
Extra Trees,3,52,20221202T052159_20221202T052600_T44RKQ,58.0,62.902,-4.902000000000001
Extra Trees,3,57,20230121T052129_20230121T052439_T44RKQ,12.0,67.6088,-55.6088
Extra Trees,3,62,20230312T051659_20230312T052443_T44RKQ,14.0,19.294,-5.2940000000000005
Extra Trees,3,67,20230501T051649_20230501T052839_T44RKQ,20.0,20.938,-0.9379999999999988
Extra Trees,3,72,20230720T051659_20230720T052825_T44RKQ,148.0,125.72520000000011,22.274799999999885
Extra Trees,3,74,20230923T051651_20230923T052212_T44RKQ,55.0,45.82040000000002,9.17959999999998
Extra Trees,3,75,20230923T051651_20230923T052212_T44RKQ,55.0,45.82040000000002,9.17959999999998
Extra Trees,3,79,20231102T051951_20231102T052415_T44RKQ,16.0,41.37,-25.369999999999997
Extra Trees,3,87,20240210T051951_20240210T052850_T44RKQ,22.0,29.3452,-7.345199999999998
Extra Trees,3,93,20240430T051651_20240430T053056_T44RKQ,29.0,28.81,0.19000000000000128
Extra Trees,3,103,20210302T051729_20210302T052733_T44RKQ,10.0,33.304,-23.304000000000002
Extra Trees,3,108,20210521T051649_20210521T053105_T44RKQ,14.0,10.562,3.4380000000000006
Extra Trees,3,113,20210710T051649_20210710T053111_T44RKQ,41.0,58.860800000000005,-17.860800000000005
Extra Trees,3,118,20211003T051701_20211003T052600_T44RKQ,94.0,57.876,36.124
Extra Trees,3,123,20211122T052121_20211122T052810_T44RKQ,28.0,76.56400000000002,-48.56400000000002
Extra Trees,3,128,20220131T052041_20220131T052041_T44RKQ,12.0,41.11,-29.11
Extra Trees,3,133,20220322T051651_20220322T052554_T44RKQ,10.0,18.394,-8.393999999999998
Extra Trees,3,138,20220511T051651_20220511T053033_T44RKQ,14.0,9.1336,4.8664000000000005
Extra Trees,3,143,20220710T051701_20220710T052850_T44RKQ,61.0,47.829600000000006,13.170399999999994
Extra Trees,3,148,20221013T051749_20221013T052416_T44RKQ,66.0,39.27760000000002,26.72239999999998
Extra Trees,3,153,20221202T052159_20221202T052600_T44RKQ,58.0,19.343199999999996,38.656800000000004
Extra Trees,3,158,20230121T052129_20230121T052439_T44RKQ,12.0,13.319999999999997,-1.3199999999999967
Extra Trees,3,163,20230312T051659_20230312T052443_T44RKQ,14.0,15.6554,-1.6554000000000002
Extra Trees,3,168,20230501T051649_20230501T052839_T44RKQ,20.0,25.622,-5.622
Extra Trees,3,173,20230720T051659_20230720T052825_T44RKQ,148.0,42.84139999999999,105.1586
Extra Trees,3,175,20230923T051651_20230923T052212_T44RKQ,55.0,49.327600000000025,5.672399999999975
Extra Trees,3,179,20231102T051951_20231102T052415_T44RKQ,16.0,18.1144,-2.1144
Extra Trees,3,187,20240210T051951_20240210T052850_T44RKQ,22.0,17.184399999999997,4.815600000000003
Extra Trees,3,192,20240430T051651_20240430T053056_T44RKQ,29.0,37.414,-8.414000000000001
Extra Trees,4,1,20210131T052039_20210131T052539_T44RKQ,9.0,15.782,-6.782
Extra Trees,4,6,20210421T051649_20210421T053100_T44RKQ,21.0,59.028,-38.028
Extra Trees,4,11,20210630T051649_20210630T051915_T44RKQ,30.0,21.0888,8.911200000000001
Extra Trees,4,16,20210923T051651_20210923T053101_T44RKQ,26.0,105.9128,-79.9128
Extra Trees,4,21,20211112T052051_20211112T052922_T44RKQ,1.0,92.126,-91.126
Extra Trees,4,26,20220111T052201_20220111T052204_T44RKQ,16.0,27.3536,-11.3536
Extra Trees,4,31,20220312T051651_20220312T052910_T44RKQ,3.0,23.268,-20.268
Extra Trees,4,36,20220501T051701_20220501T052759_T44RKQ,1.0,21.9027999999999,-20.9027999999999
Extra Trees,4,41,20220620T051701_20220620T052701_T44RKQ,13.0,29.994799999999998,-16.994799999999998
Extra Trees,4,46,20221003T051649_20221003T052253_T44RKQ,344.0,97.54960000000014,246.45039999999986
Extra Trees,4,51,20221122T052119_20221122T052433_T44RKQ,56.0,66.6208,-10.620800000000003
Extra Trees,4,56,20230111T052159_20230111T052604_T44RKQ,7.0,41.528,-34.528
Extra Trees,4,61,20230302T051729_20230302T052948_T44RKQ,10.0,34.274,-24.274
Extra Trees,4,66,20230421T051649_20230421T052441_T44RKQ,9.0,15.816,-6.816000000000001
Extra Trees,4,71,20230610T051659_20230610T052824_T44RKQ,37.0,22.296,14.704
Extra Trees,4,78,20231023T051851_20231023T052716_T44RKQ,26.0,27.864,-1.8640000000000008
Extra Trees,4,86,20240111T052201_20240111T052201_T44RKQ,9.0,22.5428,-13.5428
Extra Trees,4,92,20240420T051651_20240420T052641_T44RKQ,27.0,20.464,6.536000000000001
Extra Trees,4,97,20240619T051701_20240619T052437_T44RKQ,16.3,27.543199999999885,-11.243199999999884
Extra Trees,4,99,20240823T051649_20240823T052843_T44RKQ,18.4,71.9816,-53.5816
Extra Trees,4,102,20210131T052039_20210131T052539_T44RKQ,9.0,13.994399999999997,-4.994399999999997
Extra Trees,4,107,20210421T051649_20210421T053100_T44RKQ,21.0,28.107200000000002,-7.107200000000002
Extra Trees,4,112,20210630T051649_20210630T051915_T44RKQ,30.0,22.408399999999993,7.591600000000007
Extra Trees,4,117,20210923T051651_20210923T053101_T44RKQ,26.0,65.9628,-39.9628
Extra Trees,4,122,20211112T052051_20211112T052922_T44RKQ,1.0,52.52440000000001,-51.52440000000001
Extra Trees,4,127,20220111T052201_20220111T052204_T44RKQ,16.0,34.958800000000004,-18.958800000000004
Extra Trees,4,132,20220312T051651_20220312T052910_T44RKQ,3.0,24.6148,-21.6148
Extra Trees,4,137,20220501T051701_20220501T052759_T44RKQ,1.0,20.106799999999996,-19.106799999999996
Extra Trees,4,142,20220620T051701_20220620T052701_T44RKQ,13.0,26.42959999999998,-13.42959999999998
Extra Trees,4,147,20221003T051649_20221003T052253_T44RKQ,344.0,61.786,282.214
Extra Trees,4,152,20221122T052119_20221122T052433_T44RKQ,56.0,19.114,36.885999999999996
Extra Trees,4,157,20230111T052159_20230111T052604_T44RKQ,7.0,16.018,-9.018
Extra Trees,4,162,20230302T051729_20230302T052948_T44RKQ,10.0,13.762799999999999,-3.7627999999999986
Extra Trees,4,167,20230421T051649_20230421T052441_T44RKQ,9.0,28.986399999999996,-19.986399999999996
Extra Trees,4,172,20230610T051659_20230610T052824_T44RKQ,37.0,20.5308,16.4692
Extra Trees,4,178,20231023T051851_20231023T052716_T44RKQ,26.0,17.647599999999997,8.352400000000003
Extra Trees,4,186,20240111T052201_20240111T052201_T44RKQ,9.0,20.217599999999997,-11.217599999999997
Extra Trees,4,191,20240420T051651_20240420T052641_T44RKQ,27.0,15.4728,11.5272
Extra Trees,4,196,20240619T051701_20240619T052437_T44RKQ,16.3,17.62,-1.3200000000000003
Extra Trees,4,198,20240823T051649_20240823T052843_T44RKQ,18.4,63.6084,-45.208400000000005
Extra Trees,5,0,20210101T052219_20210101T052222_T44RKQ,1.0,41.44,-40.44
Extra Trees,5,5,20210411T051649_20210411T052917_T44RKQ,17.0,18.976,-1.975999999999999
Extra Trees,5,10,20210620T051649_20210620T053110_T44RKQ,28.0,19.558599999999956,8.441400000000044
Extra Trees,5,15,20210913T051651_20210913T053059_T44RKQ,35.0,21.940799999999985,13.059200000000015
Extra Trees,5,20,20211102T052001_20211102T052127_T44RKQ,21.0,52.278,-31.278
Extra Trees,5,25,20220101T052231_20220101T053051_T44RKQ,9.0,41.008,-32.008
Extra Trees,5,30,20220302T051731_20220302T052536_T44RKQ,19.0,13.268,5.731999999999999
Extra Trees,5,35,20220421T051701_20220421T052440_T44RKQ,8.0,10.292,-2.292
Extra Trees,5,40,20220610T051701_20220610T052518_T44RKQ,28.0,16.0672,11.9328
Extra Trees,5,45,20220903T051649_20220903T052701_T44RKQ,167.0,56.09320000000001,110.90679999999999
Extra Trees,5,50,20221112T052049_20221112T052220_T44RKQ,45.0,79.84520000000008,-34.84520000000008
Extra Trees,5,55,20230101T052229_20230101T052722_T44RKQ,13.0,17.2,-4.199999999999999
Extra Trees,5,60,20230220T051839_20230220T052919_T44RKQ,15.0,11.724,3.276
Extra Trees,5,65,20230411T051649_20230411T052709_T44RKQ,39.0,17.096,21.904
Extra Trees,5,70,20230531T051659_20230531T052823_T44RKQ,51.0,17.39,33.61
Extra Trees,5,77,20231013T051741_20231013T052432_T44RKQ,60.0,24.046,35.954
Extra Trees,5,84,20231202T052151_20231202T052152_T44RKQ,19.0,34.032,-15.031999999999996
Extra Trees,5,90,20240331T051651_20240331T052929_T44RKQ,14.0,17.356,-3.3560000000000016
Extra Trees,5,96,20240609T051701_20240609T052940_T44RKQ,14.0,31.804199999999998,-17.804199999999998
Extra Trees,5,98,20240709T051651_20240709T053028_T44RKQ,109.0,109.17600000000002,-0.17600000000001614
Extra Trees,5,101,20210101T052219_20210101T052222_T44RKQ,1.0,22.2108,-21.2108
Extra Trees,5,106,20210411T051649_20210411T052917_T44RKQ,17.0,23.929599999999997,-6.929599999999997
Extra Trees,5,111,20210620T051649_20210620T053110_T44RKQ,28.0,21.104,6.896000000000001
Extra Trees,5,116,20210913T051651_20210913T053059_T44RKQ,35.0,91.53880000000015,-56.53880000000015
Extra Trees,5,121,20211102T052001_20211102T052127_T44RKQ,21.0,93.01160000000002,-72.01160000000002
Extra Trees,5,126,20220101T052231_20220101T053051_T44RKQ,9.0,25.426399999999997,-16.426399999999997
Extra Trees,5,131,20220302T051731_20220302T052536_T44RKQ,19.0,26.4408,-7.440799999999999
Extra Trees,5,136,20220421T051701_20220421T052440_T44RKQ,8.0,19.873599999999993,-11.873599999999993
Extra Trees,5,141,20220610T051701_20220610T052518_T44RKQ,28.0,16.59799999999999,11.402000000000012
Extra Trees,5,146,20220903T051649_20220903T052701_T44RKQ,167.0,159.99839999999998,7.001600000000025
Extra Trees,5,151,20221112T052049_20221112T052220_T44RKQ,45.0,105.0824,-60.08240000000001
Extra Trees,5,156,20230101T052229_20230101T052722_T44RKQ,13.0,16.144,-3.1439999999999984
Extra Trees,5,161,20230220T051839_20230220T052919_T44RKQ,15.0,14.8708,0.12920000000000087
Extra Trees,5,166,20230411T051649_20230411T052709_T44RKQ,39.0,26.282,12.718
Extra Trees,5,171,20230531T051659_20230531T052823_T44RKQ,51.0,22.9092,28.0908
Extra Trees,5,177,20231013T051741_20231013T052432_T44RKQ,60.0,36.188,23.811999999999998
Extra Trees,5,183,20231202T052151_20231202T052152_T44RKQ,19.0,16.9548,2.0452000000000012
Extra Trees,5,190,20240331T051651_20240331T052929_T44RKQ,14.0,14.913399999999998,-0.9133999999999975
Extra Trees,5,195,20240609T051701_20240609T052940_T44RKQ,14.0,17.793000000000013,-3.7930000000000135
Extra Trees,5,197,20240709T051651_20240709T053028_T44RKQ,109.0,88.16440000000004,20.835599999999957
Gradient Boosting,1,4,20210406T051651_20210406T052529_T44RKQ,2.0,24.473232676033295,-22.473232676033295
Gradient Boosting,1,9,20210610T051649_20210610T053106_T44RKQ,19.0,24.036781011895144,-5.036781011895144
Gradient Boosting,1,14,20210903T051651_20210903T052534_T44RKQ,33.0,37.2161363764814,-4.216136376481401
Gradient Boosting,1,19,20211023T051901_20211023T052038_T44RKQ,34.0,35.59133699079454,-1.591336990794538
Gradient Boosting,1,24,20211222T052231_20211222T052230_T44RKQ,13.0,25.457016873918505,-12.457016873918505
Gradient Boosting,1,29,20220220T051841_20220220T051840_T44RKQ,17.0,15.035378775931791,1.9646212240682086
Gradient Boosting,1,34,20220411T051651_20220411T052901_T44RKQ,7.0,17.15688833635679,-10.15688833635679
Gradient Boosting,1,39,20220531T051701_20220531T052755_T44RKQ,42.0,25.14719065281327,16.85280934718673
Gradient Boosting,1,44,20220824T051649_20220824T052826_T44RKQ,89.0,31.709768641460776,57.29023135853922
Gradient Boosting,1,49,20221102T051949_20221102T052958_T44RKQ,63.0,42.36289968661753,20.63710031338247
Gradient Boosting,1,54,20221222T052229_20221222T052753_T44RKQ,38.0,22.184320522293703,15.815679477706297
Gradient Boosting,1,59,20230210T051949_20230210T052635_T44RKQ,23.0,12.99589504865985,10.00410495134015
Gradient Boosting,1,64,20230401T051659_20230401T052512_T44RKQ,26.0,18.520485308515536,7.479514691484464
Gradient Boosting,1,69,20230521T051659_20230521T052824_T44RKQ,29.0,20.983623223653115,8.016376776346885
Gradient Boosting,1,76,20231003T051651_20231003T052230_T44RKQ,26.0,24.93731490234939,1.0626850976506113
Gradient Boosting,1,81,20231112T052041_20231112T052318_T44RKQ,27.0,22.679978523758887,4.320021476241113
Gradient Boosting,1,85,20231212T052221_20231212T052217_T44RKQ,18.0,26.048587805198917,-8.048587805198917
Gradient Boosting,1,89,20240321T051651_20240321T053116_T44RKQ,9.0,35.058161927407276,-26.058161927407276
Gradient Boosting,1,95,20240530T051651_20240530T053020_T44RKQ,19.4,11.946442635407053,7.453557364592946
Gradient Boosting,1,100,20240922T051649_20240922T052326_T44RKQ,128.4,78.33148976577358,50.06851023422642
Gradient Boosting,1,105,20210406T051651_20210406T052529_T44RKQ,2.0,21.569316042276505,-19.569316042276505
Gradient Boosting,1,110,20210610T051649_20210610T053106_T44RKQ,19.0,43.65746574763441,-24.65746574763441
Gradient Boosting,1,115,20210903T051651_20210903T052534_T44RKQ,33.0,49.08143994190571,-16.081439941905707
Gradient Boosting,1,120,20211023T051901_20211023T052038_T44RKQ,34.0,81.34614761778684,-47.34614761778684
Gradient Boosting,1,125,20211222T052231_20211222T052230_T44RKQ,13.0,42.82376386627446,-29.82376386627446
Gradient Boosting,1,130,20220220T051841_20220220T051840_T44RKQ,17.0,35.27610714691282,-18.27610714691282
Gradient Boosting,1,135,20220411T051651_20220411T052901_T44RKQ,7.0,15.271010020147706,-8.271010020147706
Gradient Boosting,1,140,20220531T051701_20220531T052755_T44RKQ,42.0,21.295141978423718,20.704858021576282
Gradient Boosting,1,145,20220824T051649_20220824T052826_T44RKQ,89.0,55.37355412931167,33.62644587068833
Gradient Boosting,1,150,20221102T051949_20221102T052958_T44RKQ,63.0,33.88239693351678,29.11760306648322
Gradient Boosting,1,155,20221222T052229_20221222T052753_T44RKQ,38.0,24.7202294047629,13.2797705952371
Gradient Boosting,1,160,20230210T051949_20230210T052635_T44RKQ,23.0,18.25942896505052,4.740571034949479
Gradient Boosting,1,165,20230401T051659_20230401T052512_T44RKQ,26.0,20.8166011364502,5.183398863549801
Gradient Boosting,1,170,20230521T051659_20230521T052824_T44RKQ,29.0,21.569316042276505,7.430683957723495
Gradient Boosting,1,176,20231003T051651_20231003T052230_T44RKQ,26.0,136.1331739342934,-110.13317393429341
Gradient Boosting,1,181,20231112T052041_20231112T052318_T44RKQ,27.0,12.845973058978892,14.154026941021108
Gradient Boosting,1,184,20231212T052221_20231212T052217_T44RKQ,18.0,20.84308395148108,-2.8430839514810806
Gradient Boosting,1,185,20231212T052221_20231212T052217_T44RKQ,18.0,20.84308395148108,-2.8430839514810806
Gradient Boosting,1,189,20240321T051651_20240321T053116_T44RKQ,9.0,14.874551378947547,-5.874551378947547
Gradient Boosting,1,194,20240530T051651_20240530T053020_T44RKQ,19.4,21.352639395196285,-1.952639395196286
Gradient Boosting,2,3,20210322T051649_20210322T052843_T44RKQ,8.0,21.40398272272165,-13.40398272272165
Gradient Boosting,2,8,20210531T051649_20210531T052809_T44RKQ,17.0,23.838874776305026,-6.838874776305026
Gradient Boosting,2,13,20210824T051651_20210824T052626_T44RKQ,15.0,16.649761534146418,-1.6497615341464176
Gradient Boosting,2,18,20211013T051751_20211013T052103_T44RKQ,104.0,30.33281599521059,73.6671840047894
Gradient Boosting,2,23,20211212T052221_20211212T052221_T44RKQ,25.0,25.60755789200389,-0.6075578920038893
Gradient Boosting,2,28,20220210T051941_20220210T052038_T44RKQ,15.0,14.193873501784065,0.8061264982159351
Gradient Boosting,2,33,20220401T051651_20220401T052734_T44RKQ,9.0,12.361100095728878,-3.3611000957288777
Gradient Boosting,2,38,20220521T051701_20220521T052917_T44RKQ,41.0,23.371527489041412,17.628472510958588
Gradient Boosting,2,43,20220809T051701_20220809T052911_T44RKQ,42.0,18.128619112296192,23.871380887703808
Gradient Boosting,2,48,20221023T051849_20221023T052729_T44RKQ,123.0,43.485450957561866,79.51454904243813
Gradient Boosting,2,53,20221212T052219_20221212T052632_T44RKQ,39.0,31.537975588512055,7.4620244114879455
Gradient Boosting,2,58,20230131T052039_20230131T052214_T44RKQ,7.0,26.273753949301625,-19.273753949301625
Gradient Boosting,2,63,20230322T051659_20230322T052301_T44RKQ,8.0,21.52069478190921,-13.52069478190921
Gradient Boosting,2,68,20230511T051649_20230511T052839_T44RKQ,32.0,27.194048564838,4.805951435162001
Gradient Boosting,2,73,20230903T051701_20230903T053110_T44RKQ,230.0,32.71010237919878,197.2898976208012
Gradient Boosting,2,80,20231107T052019_20231107T052323_T44RKQ,37.0,25.286608258165607,11.713391741834393
Gradient Boosting,2,82,20231122T052121_20231122T052116_T44RKQ,46.0,26.8640270463789,19.1359729536211
Gradient Boosting,2,83,20231122T052121_20231122T052116_T44RKQ,46.0,26.8640270463789,19.1359729536211
Gradient Boosting,2,88,20240220T051841_20240220T052240_T44RKQ,19.0,19.170364508839338,-0.17036450883933796
Gradient Boosting,2,91,20240410T051651_20240410T053057_T44RKQ,25.0,24.010417853671953,0.989582146328047
Gradient Boosting,2,94,20240510T051651_20240510T052922_T44RKQ,25.0,20.295751104052723,4.704248895947277
Gradient Boosting,2,104,20210322T051649_20210322T052843_T44RKQ,8.0,15.880369658508682,-7.880369658508682
Gradient Boosting,2,109,20210531T051649_20210531T052809_T44RKQ,17.0,21.418152348300307,-4.418152348300307
Gradient Boosting,2,114,20210824T051651_20210824T052626_T44RKQ,15.0,79.2410654638909,-64.2410654638909
Gradient Boosting,2,119,20211013T051751_20211013T052103_T44RKQ,104.0,174.8798807702475,-70.8798807702475
Gradient Boosting,2,124,20211212T052221_20211212T052221_T44RKQ,25.0,34.69474233741024,-9.69474233741024
Gradient Boosting,2,129,20220210T051941_20220210T052038_T44RKQ,15.0,29.81565659605915,-14.81565659605915
Gradient Boosting,2,134,20220401T051651_20220401T052734_T44RKQ,9.0,33.228547976259115,-24.228547976259115
Gradient Boosting,2,139,20220521T051701_20220521T052917_T44RKQ,41.0,22.19175477736069,18.80824522263931
Gradient Boosting,2,144,20220809T051701_20220809T052911_T44RKQ,42.0,52.46179661074567,-10.461796610745672
Gradient Boosting,2,149,20221023T051849_20221023T052729_T44RKQ,123.0,35.944876012544846,87.05512398745515
Gradient Boosting,2,154,20221212T052219_20221212T052632_T44RKQ,39.0,24.26919799746912,14.73080200253088
Gradient Boosting,2,159,20230131T052039_20230131T052214_T44RKQ,7.0,21.867540855405718,-14.867540855405718
Gradient Boosting,2,164,20230322T051659_20230322T052301_T44RKQ,8.0,27.851602785398683,-19.851602785398683
Gradient Boosting,2,169,20230511T051649_20230511T052839_T44RKQ,32.0,18.54196101896506,13.458038981034939
Gradient Boosting,2,174,20230903T051701_20230903T053110_T44RKQ,230.0,60.76376574853825,169.23623425146175
Gradient Boosting,2,180,20231107T052019_20231107T052323_T44RKQ,37.0,15.880369658508682,21.119630341491316
Gradient Boosting,2,182,20231122T052121_20231122T052116_T44RKQ,46.0,15.880369658508682,30.119630341491316
Gradient Boosting,2,188,20240220T051841_20240220T052240_T44RKQ,19.0,15.689468077920065,3.310531922079935
Gradient Boosting,2,193,20240510T051651_20240510T052922_T44RKQ,25.0,24.919549434949367,0.08045056505063286
Gradient Boosting,3,2,20210302T051729_20210302T052733_T44RKQ,10.0,24.499008384328718,-14.499008384328718
Gradient Boosting,3,7,20210521T051649_20210521T053105_T44RKQ,14.0,23.237503039818332,-9.237503039818332
Gradient Boosting,3,12,20210710T051649_20210710T053111_T44RKQ,41.0,17.559417392518476,23.440582607481524
Gradient Boosting,3,17,20211003T051701_20211003T052600_T44RKQ,94.0,107.4336903452836,-13.433690345283594
Gradient Boosting,3,22,20211122T052121_20211122T052810_T44RKQ,28.0,20.87795237719237,7.1220476228076315
Gradient Boosting,3,27,20220131T052041_20220131T052041_T44RKQ,12.0,40.00533639293316,-28.00533639293316
Gradient Boosting,3,32,20220322T051651_20220322T052554_T44RKQ,10.0,16.658361699071303,-6.658361699071303
Gradient Boosting,3,37,20220511T051651_20220511T053033_T44RKQ,14.0,12.026840561943201,1.9731594380567987
Gradient Boosting,3,42,20220710T051701_20220710T052850_T44RKQ,61.0,28.049775646140663,32.95022435385934
Gradient Boosting,3,47,20221013T051749_20221013T052416_T44RKQ,66.0,117.96894209781797,-51.96894209781797
Gradient Boosting,3,52,20221202T052159_20221202T052600_T44RKQ,58.0,46.81099422454091,11.189005775459087
Gradient Boosting,3,57,20230121T052129_20230121T052439_T44RKQ,12.0,38.00441573611323,-26.00441573611323
Gradient Boosting,3,62,20230312T051659_20230312T052443_T44RKQ,14.0,27.32704794870802,-13.327047948708021
Gradient Boosting,3,67,20230501T051649_20230501T052839_T44RKQ,20.0,16.552975398174617,3.447024601825383
Gradient Boosting,3,72,20230720T051659_20230720T052825_T44RKQ,148.0,98.77244687784874,49.227553122151264
Gradient Boosting,3,74,20230923T051651_20230923T052212_T44RKQ,55.0,23.558710797291443,31.441289202708557
Gradient Boosting,3,75,20230923T051651_20230923T052212_T44RKQ,55.0,23.558710797291443,31.441289202708557
Gradient Boosting,3,79,20231102T051951_20231102T052415_T44RKQ,16.0,33.87843383940035,-17.87843383940035
Gradient Boosting,3,87,20240210T051951_20240210T052850_T44RKQ,22.0,29.35470218150052,-7.354702181500521
Gradient Boosting,3,93,20240430T051651_20240430T053056_T44RKQ,29.0,25.859687857865644,3.1403121421343556
Gradient Boosting,3,103,20210302T051729_20210302T052733_T44RKQ,10.0,21.52702302847091,-11.52702302847091
Gradient Boosting,3,108,20210521T051649_20210521T053105_T44RKQ,14.0,15.702492057883088,-1.702492057883088
Gradient Boosting,3,113,20210710T051649_20210710T053111_T44RKQ,41.0,24.833422787508205,16.166577212491795
Gradient Boosting,3,118,20211003T051701_20211003T052600_T44RKQ,94.0,43.46019615775348,50.53980384224652
Gradient Boosting,3,123,20211122T052121_20211122T052810_T44RKQ,28.0,50.189316025151356,-22.189316025151356
Gradient Boosting,3,128,20220131T052041_20220131T052041_T44RKQ,12.0,26.03572060659965,-14.03572060659965
Gradient Boosting,3,133,20220322T051651_20220322T052554_T44RKQ,10.0,23.76742012491608,-13.767420124916079
Gradient Boosting,3,138,20220511T051651_20220511T053033_T44RKQ,14.0,23.86464592928595,-9.864645929285949
Gradient Boosting,3,143,20220710T051701_20220710T052850_T44RKQ,61.0,13.697567619166538,47.302432380833466
Gradient Boosting,3,148,20221013T051749_20221013T052416_T44RKQ,66.0,34.07594359460705,31.924056405392953
Gradient Boosting,3,153,20221202T052159_20221202T052600_T44RKQ,58.0,13.37911352251576,44.62088647748424
Gradient Boosting,3,158,20230121T052129_20230121T052439_T44RKQ,12.0,16.08245949738875,-4.082459497388751
Gradient Boosting,3,163,20230312T051659_20230312T052443_T44RKQ,14.0,15.402162287042058,-1.4021622870420583
Gradient Boosting,3,168,20230501T051649_20230501T052839_T44RKQ,20.0,22.030808000193687,-2.0308080001936872
Gradient Boosting,3,173,20230720T051659_20230720T052825_T44RKQ,148.0,26.075887472809033,121.92411252719097
Gradient Boosting,3,175,20230923T051651_20230923T052212_T44RKQ,55.0,17.962093458715874,37.03790654128413
Gradient Boosting,3,179,20231102T051951_20231102T052415_T44RKQ,16.0,16.49740339958315,-0.49740339958314905
Gradient Boosting,3,187,20240210T051951_20240210T052850_T44RKQ,22.0,22.957119901748168,-0.9571199017481682
Gradient Boosting,3,192,20240430T051651_20240430T053056_T44RKQ,29.0,17.94941340983139,11.05058659016861
Gradient Boosting,4,1,20210131T052039_20210131T052539_T44RKQ,9.0,16.27707210180347,-7.277072101803469
Gradient Boosting,4,6,20210421T051649_20210421T053100_T44RKQ,21.0,41.14972293418042,-20.149722934180417
Gradient Boosting,4,11,20210630T051649_20210630T051915_T44RKQ,30.0,18.910108735215243,11.089891264784757
Gradient Boosting,4,16,20210923T051651_20210923T053101_T44RKQ,26.0,79.88058702368883,-53.88058702368883
Gradient Boosting,4,21,20211112T052051_20211112T052922_T44RKQ,1.0,44.71676541462682,-43.71676541462682
Gradient Boosting,4,26,20220111T052201_20220111T052204_T44RKQ,16.0,29.67507467196045,-13.675074671960449
Gradient Boosting,4,31,20220312T051651_20220312T052910_T44RKQ,3.0,18.896572813157952,-15.896572813157952
Gradient Boosting,4,36,20220501T051701_20220501T052759_T44RKQ,1.0,19.599376768029593,-18.599376768029593
Gradient Boosting,4,41,20220620T051701_20220620T052701_T44RKQ,13.0,24.705886399436913,-11.705886399436913
Gradient Boosting,4,46,20221003T051649_20221003T052253_T44RKQ,344.0,88.67405877993681,255.32594122006319
Gradient Boosting,4,51,20221122T052119_20221122T052433_T44RKQ,56.0,43.339224192197534,12.660775807802466
Gradient Boosting,4,56,20230111T052159_20230111T052604_T44RKQ,7.0,48.90065395324226,-41.90065395324226
Gradient Boosting,4,61,20230302T051729_20230302T052948_T44RKQ,10.0,29.95329987598783,-19.95329987598783
Gradient Boosting,4,66,20230421T051649_20230421T052441_T44RKQ,9.0,24.359217893841873,-15.359217893841873
Gradient Boosting,4,71,20230610T051659_20230610T052824_T44RKQ,37.0,25.120351635497876,11.879648364502124
Gradient Boosting,4,78,20231023T051851_20231023T052716_T44RKQ,26.0,33.188320114172605,-7.188320114172605
Gradient Boosting,4,86,20240111T052201_20240111T052201_T44RKQ,9.0,22.863143494320482,-13.863143494320482
Gradient Boosting,4,92,20240420T051651_20240420T052641_T44RKQ,27.0,15.748238881987774,11.251761118012226
Gradient Boosting,4,97,20240619T051701_20240619T052437_T44RKQ,16.3,23.013701930569706,-6.713701930569705
Gradient Boosting,4,99,20240823T051649_20240823T052843_T44RKQ,18.4,39.42946967361861,-21.029469673618614
Gradient Boosting,4,102,20210131T052039_20210131T052539_T44RKQ,9.0,20.389099140279235,-11.389099140279235
Gradient Boosting,4,107,20210421T051649_20210421T053100_T44RKQ,21.0,23.460415385100315,-2.4604153851003154
Gradient Boosting,4,112,20210630T051649_20210630T051915_T44RKQ,30.0,19.484194313853028,10.515805686146972
Gradient Boosting,4,117,20210923T051651_20210923T053101_T44RKQ,26.0,47.191185296645926,-21.191185296645926
Gradient Boosting,4,122,20211112T052051_20211112T052922_T44RKQ,1.0,41.75699040815573,-40.75699040815573
Gradient Boosting,4,127,20220111T052201_20220111T052204_T44RKQ,16.0,38.66426118204029,-22.664261182040292
Gradient Boosting,4,132,20220312T051651_20220312T052910_T44RKQ,3.0,27.978246571787178,-24.978246571787178
Gradient Boosting,4,137,20220501T051701_20220501T052759_T44RKQ,1.0,23.460415385100315,-22.460415385100315
Gradient Boosting,4,142,20220620T051701_20220620T052701_T44RKQ,13.0,20.530341644499355,-7.530341644499355
Gradient Boosting,4,147,20221003T051649_20221003T052253_T44RKQ,344.0,115.98847873203823,228.01152126796177
Gradient Boosting,4,152,20221122T052119_20221122T052433_T44RKQ,56.0,24.81435987365664,31.18564012634336
Gradient Boosting,4,157,20230111T052159_20230111T052604_T44RKQ,7.0,19.12886934154403,-12.128869341544029
Gradient Boosting,4,162,20230302T051729_20230302T052948_T44RKQ,10.0,18.583523566325212,-8.583523566325212
Gradient Boosting,4,167,20230421T051649_20230421T052441_T44RKQ,9.0,23.982649934770212,-14.982649934770212
Gradient Boosting,4,172,20230610T051659_20230610T052824_T44RKQ,37.0,17.01178401437534,19.98821598562466
Gradient Boosting,4,178,20231023T051851_20231023T052716_T44RKQ,26.0,20.196468392325215,5.803531607674785
Gradient Boosting,4,186,20240111T052201_20240111T052201_T44RKQ,9.0,21.064654389118243,-12.064654389118243
Gradient Boosting,4,191,20240420T051651_20240420T052641_T44RKQ,27.0,19.866864590609346,7.133135409390654
Gradient Boosting,4,196,20240619T051701_20240619T052437_T44RKQ,16.3,23.460415385100315,-7.160415385100315
Gradient Boosting,4,198,20240823T051649_20240823T052843_T44RKQ,18.4,51.59859486510072,-33.19859486510072
Gradient Boosting,5,0,20210101T052219_20210101T052222_T44RKQ,1.0,41.67000324204929,-40.67000324204929
Gradient Boosting,5,5,20210411T051649_20210411T052917_T44RKQ,17.0,11.492785535363511,5.507214464636489
Gradient Boosting,5,10,20210620T051649_20210620T053110_T44RKQ,28.0,20.8299977554328,7.1700022445672005
Gradient Boosting,5,15,20210913T051651_20210913T053059_T44RKQ,35.0,18.84079748668253,16.15920251331747
Gradient Boosting,5,20,20211102T052001_20211102T052127_T44RKQ,21.0,29.12962260506167,-8.12962260506167
Gradient Boosting,5,25,20220101T052231_20220101T053051_T44RKQ,9.0,35.88894250556537,-26.888942505565367
Gradient Boosting,5,30,20220302T051731_20220302T052536_T44RKQ,19.0,9.524531075546692,9.475468924453308
Gradient Boosting,5,35,20220421T051701_20220421T052440_T44RKQ,8.0,14.99089312092418,-6.990893120924181
Gradient Boosting,5,40,20220610T051701_20220610T052518_T44RKQ,28.0,28.041276540645732,-0.041276540645732496
Gradient Boosting,5,45,20220903T051649_20220903T052701_T44RKQ,167.0,35.34705415401897,131.65294584598104
Gradient Boosting,5,50,20221112T052049_20221112T052220_T44RKQ,45.0,49.76710988844411,-4.767109888444111
Gradient Boosting,5,55,20230101T052229_20230101T052722_T44RKQ,13.0,27.06274786102596,-14.062747861025962
Gradient Boosting,5,60,20230220T051839_20230220T052919_T44RKQ,15.0,15.658203613957449,-0.6582036139574488
Gradient Boosting,5,65,20230411T051649_20230411T052709_T44RKQ,39.0,13.92990632934883,25.07009367065117
Gradient Boosting,5,70,20230531T051659_20230531T052823_T44RKQ,51.0,22.20266185272708,28.79733814727292
Gradient Boosting,5,77,20231013T051741_20231013T052432_T44RKQ,60.0,25.47090662586011,34.52909337413989
Gradient Boosting,5,84,20231202T052151_20231202T052152_T44RKQ,19.0,26.342680431937133,-7.342680431937133
Gradient Boosting,5,90,20240331T051651_20240331T052929_T44RKQ,14.0,21.43972766593355,-7.43972766593355
Gradient Boosting,5,96,20240609T051701_20240609T052940_T44RKQ,14.0,25.667260968765024,-11.667260968765024
Gradient Boosting,5,98,20240709T051651_20240709T053028_T44RKQ,109.0,45.291595533485875,63.708404466514125
Gradient Boosting,5,101,20210101T052219_20210101T052222_T44RKQ,1.0,17.931670292033647,-16.931670292033647
Gradient Boosting,5,106,20210411T051649_20210411T052917_T44RKQ,17.0,23.109935797043743,-6.109935797043743
Gradient Boosting,5,111,20210620T051649_20210620T053110_T44RKQ,28.0,23.355658953015663,4.644341046984337
Gradient Boosting,5,116,20210913T051651_20210913T053059_T44RKQ,35.0,62.451940093201664,-27.451940093201664
Gradient Boosting,5,121,20211102T052001_20211102T052127_T44RKQ,21.0,57.307649701228584,-36.307649701228584
Gradient Boosting,5,126,20220101T052231_20220101T053051_T44RKQ,9.0,23.239201129424625,-14.239201129424625
Gradient Boosting,5,131,20220302T051731_20220302T052536_T44RKQ,19.0,24.516574783595704,-5.516574783595704
Gradient Boosting,5,136,20220421T051701_20220421T052440_T44RKQ,8.0,24.823299802280268,-16.823299802280268
Gradient Boosting,5,141,20220610T051701_20220610T052518_T44RKQ,28.0,21.967183125982615,6.032816874017385
Gradient Boosting,5,146,20220903T051649_20220903T052701_T44RKQ,167.0,107.26525612182887,59.73474387817113
Gradient Boosting,5,151,20221112T052049_20221112T052220_T44RKQ,45.0,35.96927004461995,9.030729955380053
Gradient Boosting,5,156,20230101T052229_20230101T052722_T44RKQ,13.0,26.374739277850086,-13.374739277850086
Gradient Boosting,5,161,20230220T051839_20230220T052919_T44RKQ,15.0,15.527652069355291,-0.5276520693552911
Gradient Boosting,5,166,20230411T051649_20230411T052709_T44RKQ,39.0,22.480473518384855,16.519526481615145
Gradient Boosting,5,171,20230531T051659_20230531T052823_T44RKQ,51.0,17.983778352623318,33.01622164737668
Gradient Boosting,5,177,20231013T051741_20231013T052432_T44RKQ,60.0,19.345582305342685,40.65441769465731
Gradient Boosting,5,183,20231202T052151_20231202T052152_T44RKQ,19.0,14.796354050000383,4.203645949999617
Gradient Boosting,5,190,20240331T051651_20240331T052929_T44RKQ,14.0,15.771170398810371,-1.771170398810371
Gradient Boosting,5,195,20240609T051701_20240609T052940_T44RKQ,14.0,19.872412430615604,-5.872412430615604
Gradient Boosting,5,197,20240709T051651_20240709T053028_T44RKQ,109.0,84.17327665783006,24.82672334216994
