patch,width,height,bands,bands_ok,finite,nan_count,inf_count,mndwi_min,mndwi_max,mndwi_mean,water_fraction,water_mask_binary,quality_ok
Etawah_100_20240609T051701_20240609T052940_T44RKQ.tif,13,14,9,True,True,0,0,-0.46365106,-0.0156041,-0.24728754,0.0,True,True
Etawah_101_20240619T051701_20240619T052437_T44RKQ.tif,13,14,9,True,True,0,0,-0.4126372,-0.0010740787,-0.19079365,0.0,True,True
Etawah_102_20240709T051651_20240709T053028_T44RKQ.tif,13,14,9,True,True,0,0,-0.36887255,0.57633895,0.15610948,0.5989010989010989,True,True
Etawah_103_20240823T051649_20240823T052843_T44RKQ.tif,13,14,9,True,True,0,0,-0.28356764,0.5611081,0.20856322,0.6483516483516484,True,True
Etawah_104_20240922T051649_20240922T052326_T44RKQ.tif,13,14,9,True,True,0,0,-0.5089677,0.8985959,0.38207346,0.6923076923076923,True,True
Etawah_105_20210101T052219_20210101T052222_T44RKQ.tif,14,14,9,True,True,0,0,-0.31746772,0.4980864,-0.0604359,0.2755102040816326,True,True
Etawah_106_20210131T052039_20210131T052539_T44RKQ.tif,14,14,9,True,True,0,0,-0.33748847,0.69268894,-0.075378776,0.22959183673469388,True,True
Etawah_107_20210302T051729_20210302T052733_T44RKQ.tif,14,14,9,True,True,0,0,-0.3446718,0.6043956,-0.06777499,0.23979591836734693,True,True
Etawah_108_20210322T051649_20210322T052843_T44RKQ.tif,14,14,9,True,True,0,0,-0.32331514,0.232376,-0.16202115,0.22448979591836735,True,True
Etawah_109_20210406T051651_20210406T052529_T44RKQ.tif,14,14,9,True,True,0,0,-0.27258286,-0.13308613,-0.18488869,0.0,True,True
Etawah_10_20210610T051649_20210610T053106_T44RKQ.tif,13,14,9,True,True,0,0,-0.073457174,0.19601852,0.10898425,0.9505494505494505,True,True
Etawah_110_20210411T051649_20210411T052917_T44RKQ.tif,14,14,9,True,True,0,0,-0.33994514,0.18897107,-0.1841647,0.1683673469387755,True,True
Etawah_111_20210421T051649_20210421T053100_T44RKQ.tif,14,14,9,True,True,0,0,-0.32248643,0.19539785,-0.0577865,0.30612244897959184,True,True
Etawah_112_20210521T051649_20210521T053105_T44RKQ.tif,14,14,9,True,True,0,0,0.031905416,0.16136466,0.09545831,1.0,True,True
Etawah_113_20210531T051649_20210531T052809_T44RKQ.tif,14,14,9,True,True,0,0,-0.27151826,0.0991293,-0.16029352,0.17857142857142858,True,True
Etawah_114_20210610T051649_20210610T053106_T44RKQ.tif,14,14,9,True,True,0,0,0.19823991,0.38874027,0.28256604,1.0,True,True
Etawah_115_20210620T051649_20210620T053110_T44RKQ.tif,14,14,9,True,True,0,0,-0.043282595,0.13067564,0.0495155,0.9285714285714286,True,True
Etawah_116_20210630T051649_20210630T051915_T44RKQ.tif,14,14,9,True,True,0,0,-0.12386709,0.005309711,-0.08397099,0.030612244897959183,True,True
Etawah_117_20210710T051649_20210710T053111_T44RKQ.tif,14,14,9,True,True,0,0,0.08584432,0.32274982,0.2405628,1.0,True,True
Etawah_118_20210725T051651_20210725T052751_T44RKQ.tif,14,14,9,True,True,0,0,-0.0845086,0.12801689,0.077569194,0.9744897959183674,True,True
Etawah_119_20210814T051651_20210814T053104_T44RKQ.tif,14,14,9,True,True,0,0,-0.028037407,0.34686348,0.18157636,0.9693877551020408,True,True
Etawah_11_20210620T051649_20210620T053110_T44RKQ.tif,13,14,9,True,True,0,0,-0.07804343,0.0050263614,-0.04213143,0.02197802197802198,True,True
Etawah_120_20210824T051651_20210824T052626_T44RKQ.tif,14,14,9,True,True,0,0,0.01787168,0.36613902,0.26705968,1.0,True,True
Etawah_121_20210903T051651_20210903T052534_T44RKQ.tif,14,14,9,True,True,0,0,0.2336376,0.3927152,0.3168426,1.0,True,True
Etawah_122_20210913T051651_20210913T053059_T44RKQ.tif,14,14,9,True,True,0,0,0.23555891,0.7888199,0.63304245,1.0,True,True
Etawah_123_20210923T051651_20210923T053101_T44RKQ.tif,14,14,9,True,True,0,0,0.6225681,0.7634241,0.6674739,1.0,True,True
Etawah_124_20211003T051701_20211003T052600_T44RKQ.tif,14,14,9,True,True,0,0,0.72384936,0.7759336,0.75644994,1.0,True,True
Etawah_125_20211013T051751_20211013T052103_T44RKQ.tif,14,14,9,True,True,0,0,-0.08900526,0.6302349,0.55725574,0.9897959183673469,True,True
Etawah_126_20211023T051901_20211023T052038_T44RKQ.tif,14,14,9,True,True,0,0,0.6884984,0.7660626,0.7435443,1.0,True,True
Etawah_127_20211102T052001_20211102T052127_T44RKQ.tif,14,14,9,True,True,0,0,-0.34042147,0.6306818,0.47746146,0.8928571428571429,True,True
Etawah_128_20211112T052051_20211112T052922_T44RKQ.tif,14,14,9,True,True,0,0,-0.27534685,0.3838341,0.22989401,0.7908163265306123,True,True
Etawah_129_20211122T052121_20211122T052810_T44RKQ.tif,14,14,9,True,True,0,0,-0.35929033,0.64089775,0.27432472,0.673469387755102,True,True
Etawah_12_20210630T051649_20210630T051915_T44RKQ.tif,13,14,9,True,True,0,0,-0.05147863,0.03328834,-0.00374385,0.5384615384615384,True,True
Etawah_130_20211212T052221_20211212T052221_T44RKQ.tif,14,14,9,True,True,0,0,-0.30434784,0.5956918,0.2138724,0.6326530612244898,True,True
Etawah_131_20211222T052231_20211222T052230_T44RKQ.tif,14,14,9,True,True,0,0,-0.35558537,0.64547676,0.1854527,0.5969387755102041,True,True
Etawah_132_20220101T052231_20220101T053051_T44RKQ.tif,14,14,9,True,True,0,0,-0.31452933,0.61306125,0.22715923,0.6326530612244898,True,True
Etawah_133_20220111T052201_20220111T052204_T44RKQ.tif,14,14,9,True,True,0,0,-0.34364676,0.5625,0.228058,0.6581632653061225,True,True
Etawah_134_20220131T052041_20220131T052041_T44RKQ.tif,14,14,9,True,True,0,0,-0.30988815,0.6846715,0.28878522,0.6479591836734694,True,True
Etawah_135_20220210T051941_20220210T052038_T44RKQ.tif,14,14,9,True,True,0,0,-0.3044693,0.7024608,0.23864314,0.5969387755102041,True,True
Etawah_136_20220220T051841_20220220T051840_T44RKQ.tif,14,14,9,True,True,0,0,-0.3454782,0.6241062,0.154826,0.5663265306122449,True,True
Etawah_137_20220302T051731_20220302T052536_T44RKQ.tif,14,14,9,True,True,0,0,-0.33586338,0.5356803,0.08119929,0.5408163265306123,True,True
Etawah_138_20220312T051651_20220312T052910_T44RKQ.tif,14,14,9,True,True,0,0,-0.31304497,0.5947315,0.10755425,0.49489795918367346,True,True
Etawah_139_20220322T051651_20220322T052554_T44RKQ.tif,14,14,9,True,True,0,0,-0.31763926,0.44107747,0.03952284,0.4897959183673469,True,True
Etawah_13_20210710T051649_20210710T053111_T44RKQ.tif,13,14,9,True,True,0,0,-0.6059249,0.47964603,-0.12266373,0.34615384615384615,True,True
Etawah_140_20220401T051651_20220401T052734_T44RKQ.tif,14,14,9,True,True,0,0,-0.32557294,0.2414414,-0.100278854,0.3163265306122449,True,True
Etawah_141_20220411T051651_20220411T052901_T44RKQ.tif,14,14,9,True,True,0,0,-0.34039336,0.23016395,-0.115263745,0.3163265306122449,True,True
Etawah_142_20220421T051701_20220421T052440_T44RKQ.tif,14,14,9,True,True,0,0,-0.41890135,-0.045757454,-0.22078362,0.0,True,True
Etawah_143_20220501T051701_20220501T052759_T44RKQ.tif,14,14,9,True,True,0,0,-0.34728214,0.063914776,-0.17321369,0.14795918367346939,True,True
Etawah_144_20220511T051651_20220511T053033_T44RKQ.tif,14,14,9,True,True,0,0,-0.3791547,0.040138114,-0.19925103,0.09183673469387756,True,True
Etawah_145_20220521T051701_20220521T052917_T44RKQ.tif,14,14,9,True,True,0,0,-0.32742614,-0.08098269,-0.18276419,0.0,True,True
Etawah_146_20220531T051701_20220531T052755_T44RKQ.tif,14,14,9,True,True,0,0,-0.20602387,0.0047819945,-0.115980245,0.015306122448979591,True,True
Etawah_147_20220610T051701_20220610T052518_T44RKQ.tif,14,14,9,True,True,0,0,-0.3580613,-0.10152426,-0.23312417,0.0,True,True
Etawah_148_20220620T051701_20220620T052701_T44RKQ.tif,14,14,9,True,True,0,0,-0.3053209,0.3891374,-0.0974431,0.20918367346938777,True,True
Etawah_149_20220705T051659_20220705T052853_T44RKQ.tif,14,14,9,True,True,0,0,-0.40340632,0.4706422,0.011496753,0.5,True,True
Etawah_14_20210725T051651_20210725T052751_T44RKQ.tif,13,14,9,True,True,0,0,-0.30667114,0.07418859,-0.026495006,0.36813186813186816,True,True
Etawah_150_20220710T051701_20220710T052850_T44RKQ.tif,14,14,9,True,True,0,0,-0.29700348,0.5120846,0.22453082,0.7806122448979592,True,True
Etawah_151_20220809T051701_20220809T052911_T44RKQ.tif,14,14,9,True,True,0,0,0.49015749,0.56534404,0.52178216,1.0,True,True
Etawah_152_20220824T051649_20220824T052826_T44RKQ.tif,14,14,9,True,True,0,0,0.079754576,0.6608501,0.5278996,1.0,True,True
Etawah_153_20220903T051649_20220903T052701_T44RKQ.tif,14,14,9,True,True,0,0,0.6851168,0.7453615,0.7265169,1.0,True,True
Etawah_154_20221003T051649_20221003T052253_T44RKQ.tif,14,14,9,True,True,0,0,0.55764073,0.6363636,0.6172365,1.0,True,True
Etawah_155_20221013T051749_20221013T052416_T44RKQ.tif,14,14,9,True,True,0,0,0.78117913,0.8440424,0.815101,1.0,True,True
Etawah_156_20221023T051849_20221023T052729_T44RKQ.tif,14,14,9,True,True,0,0,0.5360556,0.6357143,0.6088997,1.0,True,True
Etawah_157_20221102T051949_20221102T052958_T44RKQ.tif,14,14,9,True,True,0,0,-0.26870805,0.5351438,0.39086205,0.923469387755102,True,True
Etawah_158_20221112T052049_20221112T052220_T44RKQ.tif,14,14,9,True,True,0,0,-0.2946114,0.83041346,0.48794782,0.7602040816326531,True,True
Etawah_159_20221122T052119_20221122T052433_T44RKQ.tif,14,14,9,True,True,0,0,-0.32414767,0.7283372,0.27579108,0.6275510204081632,True,True
Etawah_15_20210814T051651_20210814T053104_T44RKQ.tif,13,14,9,True,True,0,0,-0.38110748,0.26414293,-0.07709836,0.2692307692307692,True,True
Etawah_160_20221202T052159_20221202T052600_T44RKQ.tif,14,14,9,True,True,0,0,-0.3561459,0.6465364,0.17753044,0.576530612244898,True,True
Etawah_161_20221212T052219_20221212T052632_T44RKQ.tif,14,14,9,True,True,0,0,-0.32331318,0.7740741,0.19292687,0.5153061224489796,True,True
Etawah_162_20221222T052229_20221222T052753_T44RKQ.tif,14,14,9,True,True,0,0,-0.3350658,0.74290484,0.1398803,0.5,True,True
Etawah_163_20230101T052229_20230101T052722_T44RKQ.tif,14,14,9,True,True,0,0,0.21778631,0.26310357,0.23662536,1.0,True,True
Etawah_164_20230111T052159_20230111T052604_T44RKQ.tif,14,14,9,True,True,0,0,0.16438624,0.19806466,0.18187585,1.0,True,True
Etawah_165_20230121T052129_20230121T052439_T44RKQ.tif,14,14,9,True,True,0,0,-0.30923283,0.57221884,0.105103865,0.5051020408163265,True,True
Etawah_166_20230131T052039_20230131T052214_T44RKQ.tif,14,14,9,True,True,0,0,-0.31443146,0.6273381,0.15144286,0.5714285714285714,True,True
Etawah_167_20230210T051949_20230210T052635_T44RKQ.tif,14,14,9,True,True,0,0,-0.29254773,0.49551347,0.03709971,0.45918367346938777,True,True
Etawah_168_20230220T051839_20230220T052919_T44RKQ.tif,14,14,9,True,True,0,0,-0.30360854,0.6819709,0.057638265,0.4387755102040816,True,True
Etawah_169_20230302T051729_20230302T052948_T44RKQ.tif,14,14,9,True,True,0,0,-0.2703234,0.55162793,-0.017421868,0.3979591836734694,True,True
Etawah_16_20210824T051651_20210824T052626_T44RKQ.tif,13,14,9,True,True,0,0,-0.25148088,0.34692177,0.077842556,0.5769230769230769,True,True
Etawah_170_20230312T051659_20230312T052443_T44RKQ.tif,14,14,9,True,True,0,0,-0.3156066,0.70305675,0.05343264,0.42346938775510207,True,True
Etawah_171_20230322T051659_20230322T052301_T44RKQ.tif,14,14,9,True,True,0,0,-0.3104817,0.8232406,0.081700414,0.39285714285714285,True,True
Etawah_172_20230401T051659_20230401T052512_T44RKQ.tif,14,14,9,True,True,0,0,-0.3272969,0.8592814,0.03652558,0.336734693877551,True,True
Etawah_173_20230411T051649_20230411T052709_T44RKQ.tif,14,14,9,True,True,0,0,-0.30243725,0.44178084,-0.078314245,0.29081632653061223,True,True
Etawah_174_20230421T051649_20230421T052441_T44RKQ.tif,14,14,9,True,True,0,0,-0.26659992,0.10946589,-0.13380954,0.15306122448979592,True,True
Etawah_175_20230501T051649_20230501T052839_T44RKQ.tif,14,14,9,True,True,0,0,-0.2381666,1.0,0.053526558,0.37755102040816324,True,True
Etawah_176_20230511T051649_20230511T052839_T44RKQ.tif,14,14,9,True,True,0,0,-0.28914472,0.41085273,-0.12004985,0.22448979591836735,True,True
Etawah_177_20230521T051659_20230521T052824_T44RKQ.tif,14,14,9,True,True,0,0,-0.2630514,0.09899664,-0.16367398,0.17346938775510204,True,True
Etawah_178_20230531T051659_20230531T052823_T44RKQ.tif,14,14,9,True,True,0,0,-0.2690943,0.23999998,-0.12133334,0.18877551020408162,True,True
Etawah_179_20230610T051659_20230610T052824_T44RKQ.tif,14,14,9,True,True,0,0,-0.2830752,0.12214768,-0.16225278,0.1836734693877551,True,True
Etawah_17_20210903T051651_20210903T052534_T44RKQ.tif,13,14,9,True,True,0,0,0.11302605,0.27079973,0.20515916,1.0,True,True
Etawah_180_20230720T051659_20230720T052825_T44RKQ.tif,14,14,9,True,True,0,0,-0.017373193,0.55908287,0.2578161,0.9795918367346939,True,True
Etawah_181_20230819T051659_20230819T052701_T44RKQ.tif,14,14,9,True,True,0,0,-0.24583504,0.56570625,0.27784854,0.7857142857142857,True,True
Etawah_182_20230903T051701_20230903T053110_T44RKQ.tif,14,14,9,True,True,0,0,-0.29152766,0.525231,0.23433745,0.6785714285714286,True,True
Etawah_183_20230923T051651_20230923T052212_T44RKQ.tif,14,14,9,True,True,0,0,0.6177311,0.75712335,0.71401614,1.0,True,True
Etawah_184_20231003T051651_20231003T052230_T44RKQ.tif,14,14,9,True,True,0,0,0.6118326,0.68636364,0.6635736,1.0,True,True
Etawah_185_20231013T051741_20231013T052432_T44RKQ.tif,14,14,9,True,True,0,0,-0.28871202,0.37726837,0.10233201,0.6632653061224489,True,True
Etawah_186_20231023T051851_20231023T052716_T44RKQ.tif,14,14,9,True,True,0,0,-0.34126043,0.4893617,0.04332814,0.49489795918367346,True,True
Etawah_187_20231102T051951_20231102T052415_T44RKQ.tif,14,14,9,True,True,0,0,-0.37518936,0.57418114,-0.025903098,0.37244897959183676,True,True
Etawah_188_20231107T052019_20231107T052323_T44RKQ.tif,14,14,9,True,True,0,0,-0.32716152,0.3545108,-0.07461424,0.3622448979591837,True,True
Etawah_189_20231112T052041_20231112T052318_T44RKQ.tif,14,14,9,True,True,0,0,-0.35540766,0.5557476,-0.032788996,0.3520408163265306,True,True
Etawah_18_20210913T051651_20210913T053059_T44RKQ.tif,13,14,9,True,True,0,0,-0.27516553,0.40765172,-0.053211752,0.3516483516483517,True,True
Etawah_190_20231122T052121_20231122T052116_T44RKQ.tif,14,14,9,True,True,0,0,-0.35637632,0.6235119,-0.017389609,0.3622448979591837,True,True
Etawah_191_20231202T052151_20231202T052152_T44RKQ.tif,14,14,9,True,True,0,0,-0.35768813,0.5471101,0.05291928,0.4744897959183674,True,True
Etawah_192_20231212T052221_20231212T052217_T44RKQ.tif,14,14,9,True,True,0,0,-0.34928492,0.5899053,0.06914673,0.4846938775510204,True,True
Etawah_193_20231212T052221_20231212T052217_T44RKQ.tif,14,14,9,True,True,0,0,-0.34928492,0.5899053,0.06914673,0.4846938775510204,True,True
Etawah_194_20240111T052201_20240111T052201_T44RKQ.tif,14,14,9,True,True,0,0,-0.19914345,0.27657774,0.061547015,0.5714285714285714,True,True
Etawah_195_20240210T051951_20240210T052850_T44RKQ.tif,14,14,9,True,True,0,0,-0.3255419,0.7593361,0.13351439,0.4744897959183674,True,True
Etawah_196_20240220T051841_20240220T052240_T44RKQ.tif,14,14,9,True,True,0,0,-0.294988,0.2835821,-0.07922919,0.37244897959183676,True,True
Etawah_197_20240311T051651_20240311T053119_T44RKQ.tif,14,14,9,True,True,0,0,-0.30863062,0.22361946,-0.09686231,0.3877551020408163,True,True
Etawah_198_20240321T051651_20240321T053116_T44RKQ.tif,14,14,9,True,True,0,0,-0.31472686,0.47137406,-0.030350082,0.3469387755102041,True,True
Etawah_199_20240331T051651_20240331T052929_T44RKQ.tif,14,14,9,True,True,0,0,-0.3262164,0.36612022,-0.05803919,0.35714285714285715,True,True
Etawah_19_20210923T051651_20210923T053101_T44RKQ.tif,13,14,9,True,True,0,0,-0.40180725,0.67528564,0.21135275,0.6703296703296703,True,True
Etawah_1_20210101T052219_20210101T052222_T44RKQ.tif,13,14,9,True,True,0,0,-0.2364073,0.48002803,0.12811123,0.5494505494505495,True,True
Etawah_200_20240420T051651_20240420T052641_T44RKQ.tif,14,14,9,True,True,0,0,-0.2923148,0.06033629,-0.15929255,0.23469387755102042,True,True
Etawah_201_20240430T051651_20240430T053056_T44RKQ.tif,14,14,9,True,True,0,0,-0.2981272,0.16812529,-0.13059355,0.25510204081632654,True,True
Etawah_202_20240510T051651_20240510T052922_T44RKQ.tif,14,14,9,True,True,0,0,-0.3075245,0.25886992,-0.12145715,0.25,True,True
Etawah_203_20240530T051651_20240530T053020_T44RKQ.tif,14,14,9,True,True,0,0,-0.3344519,0.020323118,-0.17977183,0.04591836734693878,True,True
Etawah_204_20240609T051701_20240609T052940_T44RKQ.tif,14,14,9,True,True,0,0,-0.29517436,0.13492346,-0.14157687,0.20408163265306123,True,True
Etawah_205_20240619T051701_20240619T052437_T44RKQ.tif,14,14,9,True,True,0,0,-0.25517243,0.07769254,-0.14652021,0.17346938775510204,True,True
Etawah_206_20240624T051659_20240624T052822_T44RKQ.tif,14,14,9,True,True,0,0,-0.27265564,0.2726064,-0.11017187,0.28061224489795916,True,True
Etawah_207_20240709T051651_20240709T053028_T44RKQ.tif,14,14,9,True,True,0,0,0.08733867,0.7537747,0.5235225,1.0,True,True
Etawah_208_20240823T051649_20240823T052843_T44RKQ.tif,14,14,9,True,True,0,0,0.6733967,0.71995926,0.7030775,1.0,True,True
Etawah_20_20211003T051701_20211003T052600_T44RKQ.tif,13,14,9,True,True,0,0,-0.45909846,0.72182256,0.25556716,0.6648351648351648,True,True
Etawah_21_20211013T051751_20211013T052103_T44RKQ.tif,13,14,9,True,True,0,0,-0.49083334,0.54927003,0.11151456,0.5769230769230769,True,True
Etawah_22_20211023T051901_20211023T052038_T44RKQ.tif,13,14,9,True,True,0,0,-0.528,0.5170893,0.062314462,0.532967032967033,True,True
Etawah_23_20211102T052001_20211102T052127_T44RKQ.tif,13,14,9,True,True,0,0,-0.42799354,0.5400881,0.10460978,0.5439560439560439,True,True
Etawah_24_20211112T052051_20211112T052922_T44RKQ.tif,13,14,9,True,True,0,0,-0.17694013,0.29943046,0.123378605,0.6648351648351648,True,True
Etawah_25_20211122T052121_20211122T052810_T44RKQ.tif,13,14,9,True,True,0,0,-0.48978665,0.5726928,0.0651461,0.521978021978022,True,True
Etawah_26_20211212T052221_20211212T052221_T44RKQ.tif,13,14,9,True,True,0,0,-0.36485898,0.5206136,0.092702255,0.532967032967033,True,True
Etawah_27_20211222T052231_20211222T052230_T44RKQ.tif,13,14,9,True,True,0,0,-0.4814815,0.49999997,-0.00922197,0.46703296703296704,True,True
Etawah_28_20220101T052231_20220101T053051_T44RKQ.tif,13,14,9,True,True,0,0,-0.26047784,0.5038894,0.1319264,0.5604395604395604,True,True
Etawah_29_20220111T052201_20220111T052204_T44RKQ.tif,13,14,9,True,True,0,0,-0.29344726,0.48565963,0.122156665,0.5604395604395604,True,True
Etawah_2_20210131T052039_20210131T052539_T44RKQ.tif,13,14,9,True,True,0,0,-0.54612005,0.4255319,-0.10446627,0.41208791208791207,True,True
Etawah_30_20220131T052041_20220131T052041_T44RKQ.tif,13,14,9,True,True,0,0,-0.33907336,0.6066433,0.17054816,0.5769230769230769,True,True
Etawah_31_20220210T051941_20220210T052038_T44RKQ.tif,13,14,9,True,True,0,0,-0.64543265,0.3989899,-0.11521432,0.42857142857142855,True,True
Etawah_32_20220220T051841_20220220T051840_T44RKQ.tif,13,14,9,True,True,0,0,-0.6004403,0.35064936,-0.09725796,0.43956043956043955,True,True
Etawah_33_20220302T051731_20220302T052536_T44RKQ.tif,13,14,9,True,True,0,0,-0.531894,0.20205483,-0.1300765,0.4065934065934066,True,True
Etawah_34_20220312T051651_20220312T052910_T44RKQ.tif,13,14,9,True,True,0,0,-0.5497436,0.11058827,-0.22540386,0.18681318681318682,True,True
Etawah_35_20220322T051651_20220322T052554_T44RKQ.tif,13,14,9,True,True,0,0,-0.5235955,-0.023648672,-0.26696622,0.0,True,True
Etawah_36_20220401T051651_20220401T052734_T44RKQ.tif,13,14,9,True,True,0,0,-1.0,-0.24617092,-0.80489045,0.0,True,True
Etawah_37_20220411T051651_20220411T052901_T44RKQ.tif,13,14,9,True,True,0,0,-0.5101275,-0.17294899,-0.319928,0.0,True,True
Etawah_38_20220421T051701_20220421T052440_T44RKQ.tif,13,14,9,True,True,0,0,-1.0,-0.27142859,-0.7413957,0.0,True,True
Etawah_39_20220501T051701_20220501T052759_T44RKQ.tif,13,14,9,True,True,0,0,-0.4998785,0.0702138,-0.22560254,0.02197802197802198,True,True
Etawah_3_20210302T051729_20210302T052733_T44RKQ.tif,13,14,9,True,True,0,0,-0.5210412,0.3737374,-0.09410572,0.44505494505494503,True,True
Etawah_40_20220511T051651_20220511T053033_T44RKQ.tif,13,14,9,True,True,0,0,-0.55252385,-0.2528263,-0.39939532,0.0,True,True
Etawah_41_20220521T051701_20220521T052917_T44RKQ.tif,13,14,9,True,True,0,0,-0.36987087,-0.122765176,-0.23580536,0.0,True,True
Etawah_42_20220531T051701_20220531T052755_T44RKQ.tif,13,14,9,True,True,0,0,-0.4129147,-0.12664413,-0.26563975,0.0,True,True
Etawah_43_20220610T051701_20220610T052518_T44RKQ.tif,13,14,9,True,True,0,0,-0.43663594,-0.21733549,-0.33149084,0.0,True,True
Etawah_44_20220620T051701_20220620T052701_T44RKQ.tif,13,14,9,True,True,0,0,-0.44643483,0.13469826,-0.15040293,0.3076923076923077,True,True
Etawah_45_20220710T051701_20220710T052850_T44RKQ.tif,13,14,9,True,True,0,0,-0.4635504,0.49354517,0.023440694,0.4945054945054945,True,True
Etawah_46_20220809T051701_20220809T052911_T44RKQ.tif,13,14,9,True,True,0,0,-0.50743496,0.7613169,-0.012949181,0.2967032967032967,True,True
Etawah_47_20220824T051649_20220824T052826_T44RKQ.tif,13,14,9,True,True,0,0,0.07429315,0.30604094,0.19432451,1.0,True,True
Etawah_48_20220903T051649_20220903T052701_T44RKQ.tif,13,14,9,True,True,0,0,-0.5674111,0.58585113,0.13821067,0.5989010989010989,True,True
Etawah_49_20221003T051649_20221003T052253_T44RKQ.tif,13,14,9,True,True,0,0,-0.41686183,0.611809,0.262225,0.7252747252747253,True,True
Etawah_4_20210322T051649_20210322T052843_T44RKQ.tif,13,14,9,True,True,0,0,-0.38401777,0.10604982,-0.12906517,0.4340659340659341,True,True
Etawah_50_20221013T051749_20221013T052416_T44RKQ.tif,13,14,9,True,True,0,0,-0.45950344,0.8011283,0.32776853,0.6868131868131868,True,True
Etawah_51_20221023T051849_20221023T052729_T44RKQ.tif,13,14,9,True,True,0,0,-0.42883635,0.6358339,0.19666691,0.6208791208791209,True,True
Etawah_52_20221102T051949_20221102T052958_T44RKQ.tif,13,14,9,True,True,0,0,-0.4135338,0.5090909,0.11328378,0.5714285714285714,True,True
Etawah_53_20221112T052049_20221112T052220_T44RKQ.tif,13,14,9,True,True,0,0,-0.3463397,0.83202845,0.31573004,0.6263736263736264,True,True
Etawah_54_20221122T052119_20221122T052433_T44RKQ.tif,13,14,9,True,True,0,0,-0.40560403,0.74834436,0.21470591,0.5824175824175825,True,True
Etawah_55_20221202T052159_20221202T052600_T44RKQ.tif,13,14,9,True,True,0,0,-0.3725,0.6282246,0.16242848,0.5714285714285714,True,True
Etawah_56_20221212T052219_20221212T052632_T44RKQ.tif,13,14,9,True,True,0,0,-0.44990548,0.7821782,0.17953931,0.5384615384615384,True,True
Etawah_57_20221222T052229_20221222T052753_T44RKQ.tif,13,14,9,True,True,0,0,-0.5313936,0.6407767,0.049108826,0.47802197802197804,True,True
Etawah_58_20230101T052229_20230101T052722_T44RKQ.tif,13,14,9,True,True,0,0,0.23666047,0.2709289,0.24874842,1.0,True,True
Etawah_59_20230111T052159_20230111T052604_T44RKQ.tif,13,14,9,True,True,0,0,0.104469776,0.18239407,0.14611651,1.0,True,True
Etawah_5_20210406T051651_20210406T052529_T44RKQ.tif,13,14,9,True,True,0,0,-0.44602457,-0.23961005,-0.3258026,0.0,True,True
Etawah_60_20230121T052129_20230121T052439_T44RKQ.tif,13,14,9,True,True,0,0,-0.22985467,0.5288256,0.17826793,0.5769230769230769,True,True
Etawah_61_20230131T052039_20230131T052214_T44RKQ.tif,13,14,9,True,True,0,0,-0.40392154,0.5548842,0.0853911,0.5274725274725275,True,True
Etawah_62_20230210T051949_20230210T052635_T44RKQ.tif,13,14,9,True,True,0,0,-0.540242,0.20000002,-0.16928494,0.4175824175824176,True,True
Etawah_63_20230220T051839_20230220T052919_T44RKQ.tif,13,14,9,True,True,0,0,-0.5832898,0.54285717,-0.08730864,0.4065934065934066,True,True
Etawah_64_20230302T051729_20230302T052948_T44RKQ.tif,13,14,9,True,True,0,0,-0.5565345,0.30867052,-0.14570804,0.35714285714285715,True,True
Etawah_65_20230312T051659_20230312T052443_T44RKQ.tif,13,14,9,True,True,0,0,-0.51343834,0.43452382,-0.09267949,0.3956043956043956,True,True
Etawah_66_20230322T051659_20230322T052301_T44RKQ.tif,13,14,9,True,True,0,0,-0.5282555,0.54882157,-0.049336895,0.43956043956043955,True,True
Etawah_67_20230401T051659_20230401T052512_T44RKQ.tif,13,14,9,True,True,0,0,-0.6132339,0.5351089,-0.06830317,0.45604395604395603,True,True
Etawah_68_20230411T051649_20230411T052709_T44RKQ.tif,13,14,9,True,True,0,0,-0.55114913,0.23981902,-0.16055724,0.4230769230769231,True,True
Etawah_69_20230421T051649_20230421T052441_T44RKQ.tif,13,14,9,True,True,0,0,-0.6078905,-0.010250531,-0.31241316,0.0,True,True
Etawah_6_20210411T051649_20210411T052917_T44RKQ.tif,13,14,9,True,True,0,0,-0.48166606,-0.03381642,-0.23493777,0.0,True,True
Etawah_70_20230501T051649_20230501T052839_T44RKQ.tif,13,14,9,True,True,0,0,-0.88727856,0.34558827,-0.3329874,0.15384615384615385,True,True
Etawah_71_20230511T051649_20230511T052839_T44RKQ.tif,13,14,9,True,True,0,0,-0.5,0.19717063,-0.1472153,0.4010989010989011,True,True
Etawah_72_20230521T051659_20230521T052824_T44RKQ.tif,13,14,9,True,True,0,0,-0.42252102,0.044496484,-0.20700732,0.01098901098901099,True,True
Etawah_73_20230531T051659_20230531T052823_T44RKQ.tif,13,14,9,True,True,0,0,-0.558483,0.13785309,-0.20950873,0.25274725274725274,True,True
Etawah_74_20230610T051659_20230610T052824_T44RKQ.tif,13,14,9,True,True,0,0,-0.41904762,-0.06447189,-0.20718367,0.0,True,True
Etawah_75_20230720T051659_20230720T052825_T44RKQ.tif,13,14,9,True,True,0,0,-0.49748382,0.8146453,0.33751452,0.7747252747252747,True,True
Etawah_76_20230819T051659_20230819T052701_T44RKQ.tif,13,14,9,True,True,0,0,-0.33571854,0.6752137,0.31436768,0.6978021978021978,True,True
Etawah_77_20230903T051701_20230903T053110_T44RKQ.tif,13,14,9,True,True,0,0,-0.50643957,0.5067319,0.12040803,0.6153846153846154,True,True
Etawah_78_20230923T051651_20230923T052212_T44RKQ.tif,13,14,9,True,True,0,0,0.6783106,0.94158995,0.8266907,1.0,True,True
Etawah_79_20230923T051651_20230923T052212_T44RKQ.tif,13,14,9,True,True,0,0,0.6783106,0.94158995,0.8266907,1.0,True,True
Etawah_7_20210421T051649_20210421T053100_T44RKQ.tif,13,14,9,True,True,0,0,-0.22807017,0.33856758,0.09152876,0.8956043956043956,True,True
Etawah_80_20231003T051651_20231003T052230_T44RKQ.tif,13,14,9,True,True,0,0,-0.4761704,0.32595325,-0.026970103,0.510989010989011,True,True
Etawah_81_20231013T051741_20231013T052432_T44RKQ.tif,13,14,9,True,True,0,0,-0.5130985,0.21315472,-0.09237767,0.5,True,True
Etawah_82_20231023T051851_20231023T052716_T44RKQ.tif,13,14,9,True,True,0,0,-0.4422915,0.4635149,0.055109035,0.5439560439560439,True,True
Etawah_83_20231102T051951_20231102T052415_T44RKQ.tif,13,14,9,True,True,0,0,-0.43223736,0.60039765,0.10537426,0.5604395604395604,True,True
Etawah_84_20231107T052019_20231107T052323_T44RKQ.tif,13,14,9,True,True,0,0,-0.4765799,0.3008779,-0.040964995,0.521978021978022,True,True
Etawah_85_20231112T052041_20231112T052318_T44RKQ.tif,13,14,9,True,True,0,0,-0.4727193,0.5611729,0.07814396,0.5439560439560439,True,True
Etawah_86_20231122T052121_20231122T052116_T44RKQ.tif,13,14,9,True,True,0,0,-0.43889478,0.6252546,0.1156886,0.5659340659340659,True,True
Etawah_87_20231122T052121_20231122T052116_T44RKQ.tif,13,14,9,True,True,0,0,-0.43889478,0.6252546,0.1156886,0.5659340659340659,True,True
Etawah_88_20231202T052151_20231202T052152_T44RKQ.tif,13,14,9,True,True,0,0,-0.49819756,0.43891403,0.022433491,0.532967032967033,True,True
Etawah_89_20231212T052221_20231212T052217_T44RKQ.tif,13,14,9,True,True,0,0,-0.46843,0.48235294,0.027735671,0.5054945054945055,True,True
Etawah_8_20210521T051649_20210521T053105_T44RKQ.tif,13,14,9,True,True,0,0,-0.045068298,0.42862397,0.21305847,0.9175824175824175,True,True
Etawah_90_20240111T052201_20240111T052201_T44RKQ.tif,13,14,9,True,True,0,0,0.010135399,0.07406335,0.048382204,1.0,True,True
Etawah_91_20240210T051951_20240210T052850_T44RKQ.tif,13,14,9,True,True,0,0,-0.49092692,0.67733335,0.10848934,0.532967032967033,True,True
Etawah_92_20240220T051841_20240220T052240_T44RKQ.tif,13,14,9,True,True,0,0,-0.5289735,0.025210112,-0.25352806,0.005494505494505495,True,True
Etawah_93_20240321T051651_20240321T053116_T44RKQ.tif,13,14,9,True,True,0,0,-0.53006566,0.5218003,0.03951383,0.510989010989011,True,True
Etawah_94_20240331T051651_20240331T052929_T44RKQ.tif,13,14,9,True,True,0,0,-0.47292417,0.2710911,-0.09090552,0.46703296703296704,True,True
Etawah_95_20240410T051651_20240410T053057_T44RKQ.tif,13,14,9,True,True,0,0,-0.52441955,0.20440637,-0.1741882,0.34615384615384615,True,True
Etawah_96_20240420T051651_20240420T052641_T44RKQ.tif,13,14,9,True,True,0,0,-0.41424417,-0.042196233,-0.2383914,0.0,True,True
Etawah_97_20240430T051651_20240430T053056_T44RKQ.tif,13,14,9,True,True,0,0,-0.49877664,0.012137212,-0.25677565,0.005494505494505495,True,True
Etawah_98_20240510T051651_20240510T052922_T44RKQ.tif,13,14,9,True,True,0,0,-0.6031689,0.04960193,-0.29216033,0.02197802197802198,True,True
Etawah_99_20240530T051651_20240530T053020_T44RKQ.tif,13,14,9,True,True,0,0,-0.35329342,-0.022561366,-0.19062951,0.0,True,True
Etawah_9_20210531T051649_20210531T052809_T44RKQ.tif,13,14,9,True,True,0,0,-0.44376013,0.026052097,-0.21031168,0.016483516483516484,True,True
