patch_number,patch_filename,sentinel2_id,turbidity_NTU,days_difference,cloud_percentage,B2_min,B2_max,B2_mean,B2_median,B3_min,B3_max,B3_mean,B3_median,B4_min,B4_max,B4_mean,B4_median,B8_min,B8_max,B8_mean,B8_median,B11_min,B11_max,B11_mean,B11_median,B12_min,B12_max,B12_mean,B12_median,water_fraction
47,Etawah_47_20220824T051649_20220824T052826_T44RKQ.tif,20220824T051649_20220824T052826_T44RKQ,89.0,1.883032476851852,54.355186,0.573199987411499,1.0606000423431396,0.7928670340186947,0.7885999977588654,0.5320000052452087,0.9160000085830688,0.7135280226613139,0.7125000059604645,0.4758000075817108,0.8069999814033508,0.6522703300138096,0.663100004196167,0.5194000005722046,0.8191999793052673,0.662062637098543,0.6689500212669373,0.35670000314712524,0.598800003528595,0.48037912049791315,0.4886000007390976,0.2671999931335449,0.5386999845504761,0.3994906606909993,0.40700000524520874,1.0
58,Etawah_58_20230101T052229_20230101T052722_T44RKQ.tif,20230101T052229_20230101T052722_T44RKQ,13.0,1.144763761574074,36.256072,1.2669999599456787,1.4046000242233276,1.3437472549113598,1.3418999910354614,1.121000051498413,1.240399956703186,1.18524395437031,1.1833999752998352,1.0312000513076782,1.1532000303268433,1.099951649105156,1.0982000231742859,0.9132000207901001,1.042199969291687,0.9855670309983767,0.9839000105857849,0.6473000049591064,0.7574999928474426,0.7131978011393285,0.7120999991893768,0.505299985408783,0.6194999814033508,0.5775950554308,0.5775499939918518,1.0
78,Etawah_78_20230923T051651_20230923T052212_T44RKQ.tif,20230923T051651_20230923T052212_T44RKQ,55.0,1.848327430555556,65.008098,1.5736000537872314,1.871999979019165,1.692261537352761,1.6956000328063965,1.0570000410079956,1.5049999952316284,1.4058351621523009,1.4336999654769897,0.7888000011444092,1.3272000551223755,1.1578835124497886,1.2037000060081482,0.954200029373169,1.2120000123977661,1.119575825366345,1.1277999877929688,0.040300000458955765,0.2587999999523163,0.13578351638228683,0.1184999980032444,0.09200000017881393,0.29510000348091125,0.19141263748099516,0.19200000166893005,1.0
79,Etawah_79_20230923T051651_20230923T052212_T44RKQ.tif,20230923T051651_20230923T052212_T44RKQ,55.0,1.848327430555556,65.008098,1.5736000537872314,1.871999979019165,1.692261537352761,1.6956000328063965,1.0570000410079956,1.5049999952316284,1.4058351621523009,1.4336999654769897,0.7888000011444092,1.3272000551223755,1.1578835124497886,1.2037000060081482,0.954200029373169,1.2120000123977661,1.119575825366345,1.1277999877929688,0.040300000458955765,0.2587999999523163,0.13578351638228683,0.1184999980032444,0.09200000017881393,0.29510000348091125,0.19141263748099516,0.19200000166893005,1.0
112,Etawah_112_20210521T051649_20210521T053105_T44RKQ.tif,20210521T051649_20210521T053105_T44RKQ,14.0,0.1030838310185185,62.963474,0.746999979019165,1.0268000364303589,0.9442801037613227,0.9541000127792358,0.699999988079071,0.9613999724388123,0.8844780636077024,0.8944000005722046,0.663100004196167,0.9097999930381775,0.8397602028384501,0.8454000055789948,0.6486999988555908,0.9103999733924866,0.8287316338748348,0.8348999917507172,0.5825999975204468,0.8041999936103821,0.7307709193959528,0.7393499910831451,0.4894999861717224,0.7501999735832214,0.6654459174190249,0.6793000102043152,1.0
114,Etawah_114_20210610T051649_20210610T053106_T44RKQ.tif,20210610T051649_20210610T053106_T44RKQ,19.0,1.1030702546296296,32.074681,1.1003999710083008,1.5210000276565552,1.299390818999738,1.3091999888420105,1.020799994468689,1.4332000017166138,1.199657142162323,1.189799964427948,0.9467999935150146,1.3622000217437744,1.1197234702353576,1.1043999791145325,0.9358000159263611,1.3772000074386597,1.129395921619571,1.123799979686737,0.5302000045776367,0.7882999777793884,0.6700418360379278,0.6658999919891357,0.390500009059906,0.6371999979019165,0.5524683676812113,0.559799998998642,1.0
117,Etawah_117_20210710T051649_20210710T053111_T44RKQ.tif,20210710T051649_20210710T053111_T44RKQ,41.0,2.089172349537037,67.810458,0.614300012588501,1.1507999897003174,0.9033413261783366,0.9123499989509583,0.4948999881744385,0.9513999819755554,0.7498775510763636,0.7587999999523163,0.44670000672340393,0.8226000070571899,0.6291576509877127,0.6371999979019165,0.4496999979019165,0.7067999839782715,0.5931520407297173,0.5969499945640564,0.35569998621940613,0.548799991607666,0.45689030539016334,0.46015000343322754,0.30169999599456787,0.5009999871253967,0.41366326535234643,0.41750000417232513,1.0
121,Etawah_121_20210903T051651_20210903T052534_T44RKQ.tif,20210903T051651_20210903T052534_T44RKQ,33.0,1.8760952546296297,59.455585,0.9735999703407288,1.4148000478744507,1.2156336715026779,1.2222999930381775,0.9228000044822693,1.354599952697754,1.138274488704545,1.1439000368118286,0.8479999899864197,1.2935999631881714,1.07087142765522,1.0770000219345093,0.83160001039505,1.1706000566482544,1.012044899317683,1.0170999765396118,0.5120000243186951,0.6820999979972839,0.5889892833573478,0.5873499810695648,0.3959999978542328,0.5167999863624573,0.4545010206650715,0.4551499933004379,1.0
163,Etawah_163_20230101T052229_20230101T052722_T44RKQ.tif,20230101T052229_20230101T052722_T44RKQ,13.0,1.144763761574074,36.256072,1.291200041770935,1.4279999732971191,1.3631806148558248,1.3587000370025635,1.1444000005722046,1.2685999870300293,1.2067397960594721,1.204200029373169,1.05840003490448,1.1859999895095825,1.1251071436064584,1.1220999956130981,0.9336000084877014,1.0576000213623047,0.9985408183871484,0.9973999857902527,0.6840999722480774,0.8061000108718872,0.7450908170062669,0.7430999875068665,0.5550000071525574,0.6772000193595886,0.6116341826867084,0.606799989938736,1.0
164,Etawah_164_20230111T052159_20230111T052604_T44RKQ.tif,20230111T052159_20230111T052604_T44RKQ,7.0,0.1447965972222222,36.526528,1.222599983215332,1.3833999633789062,1.293135714774229,1.2890000343322754,1.090399980545044,1.2425999641418457,1.1564306087639866,1.1520999670028687,1.0255999565124512,1.1712000370025635,1.0925040798527854,1.090499997138977,0.8849999904632568,1.054800033569336,0.955032653650459,0.9508999884128571,0.7437999844551086,0.8701000213623047,0.8006545925626949,0.7995000183582306,0.631600022315979,0.7491999864578247,0.6849545924639215,0.6857499778270721,1.0
180,Etawah_180_20230720T051659_20230720T052825_T44RKQ.tif,20230720T051659_20230720T052825_T44RKQ,148.0,1.2662096296296297,47.023168,0.1370999962091446,1.0978000164031982,0.4910459172512804,0.3609500080347061,0.15760000050067902,1.0108000040054321,0.4862056128224548,0.37150000035762787,0.17870000004768372,0.9567000269889832,0.4849102051586521,0.37770000100135803,0.11339999735355377,0.8776999711990356,0.440580102405986,0.39704999327659607,0.04520000144839287,0.7825999855995178,0.3541306134085266,0.3242499977350235,0.03999999910593033,0.7181000113487244,0.31851836689272706,0.2770499885082245,0.9795918367346939
183,Etawah_183_20230923T051651_20230923T052212_T44RKQ.tif,20230923T051651_20230923T052212_T44RKQ,55.0,1.848327430555556,65.008098,0.9990000128746033,1.305400013923645,1.1151663268707237,1.0902000069618225,0.8650000095367432,1.1297999620437622,0.9531908159961506,0.9167999923229218,0.7842000126838684,1.0089999437332153,0.850238775112191,0.8183000087738037,0.6898999810218811,0.879800021648407,0.7579147952551745,0.7381000220775604,0.13230000436306,0.2475000023841858,0.15959540807775088,0.148499995470047,0.16529999673366547,0.3019999861717224,0.20835306100091155,0.2062000036239624,1.0
