turbidity_class,feature,n,mean,median,std,min,max
Low (<10),B2_mean,34,0.1737382084076457,0.11035969853401176,0.2628416968216328,0.0090395603328943,1.2931357622146606
Low (<10),B3_mean,34,0.1973213711753487,0.15781635791063303,0.23235213362112966,0.0280087906867265,1.1564306020736694
Low (<10),B4_mean,34,0.20265073373037223,0.1581969335675239,0.22354020595286206,0.0292533002793788,1.0925040245056152
Low (<10),B8_mean,34,0.24440788170870612,0.181470088660717,0.1840419975958328,0.123549997806549,0.9550326466560364
Low (<10),B11_mean,34,0.22888193432899082,0.19626224040985105,0.16278897389744743,0.0796434134244918,0.8006545901298523
Low (<10),B12_mean,34,0.19484014666694047,0.1810327023267746,0.14683522933099302,0.0518164858222007,0.6849545836448669
Low (<10),NDWI_mean,34,-0.10657879356842707,-0.1015670299530029,0.2041437274701214,-0.7272329926490784,0.3704297840595245
Low (<10),MNDWI_mean,34,-0.08090397551217499,-0.0679073370993137,0.23789151384399984,-0.8048904538154602,0.2298940122127533
Low (<10),water_fraction,34,0.37564641241111824,0.3698979591836734,0.3019731153870425,0.0,1.0
Low (<10),B2_std,34,0.04065228712416304,0.035664202645420945,0.02734891302627191,0.0047974600456655,0.0870782956480979
Low (<10),B3_std,34,0.04727757720769761,0.044058956205844796,0.02750416155102104,0.0072169578634202,0.0967001244425773
Low (<10),B4_std,34,0.06105311302577743,0.0538728181272745,0.037280501206925235,0.0115623623132705,0.1326688826084137
Low (<10),B8_std,34,0.10610296642955608,0.11174854636192319,0.0337340768742097,0.0406599640846252,0.1601049602031707
Low (<10),B11_std,34,0.10211906516376658,0.0850118137896061,0.04630728174418008,0.0291594229638576,0.1972286403179168
Low (<10),B12_std,34,0.09314191407140558,0.0613709539175033,0.05465209289123122,0.0255057327449321,0.2014770805835724
Low (<10),NDWI_std,34,0.20172395718777003,0.19006204605102534,0.13193784563232436,0.0064143231138587,0.528459906578064
Low (<10),MNDWI_std,34,0.2083304056706016,0.1982689574360847,0.12686575747584902,0.0068452931009233,0.424310028553009
Low (<10),B2_median,34,0.16831764945869931,0.0999750010669231,0.2659028738597761,0.0,1.2890000343322754
Low (<10),B3_median,34,0.1899220572565408,0.13082499802112574,0.2370208589697975,0.0,1.1520999670028689
Low (<10),B4_median,34,0.19564999993342683,0.1266499981284141,0.23064836914388762,0.0049999998882412,1.090499997138977
Low (<10),B8_median,34,0.21699264670229132,0.14219999313354487,0.2076095998355569,0.0125000001862645,0.9508999586105348
Low (<10),B11_median,34,0.21563088105005376,0.13517500087618825,0.18314550994143344,0.03490000218153,0.7994999885559082
Low (<10),B12_median,34,0.18278970525545232,0.10024999827146525,0.16538006166781372,0.0260499995201826,0.6857500076293945
Low (<10),NDWI_median,34,-0.11349243544699515,-0.1301769763231277,0.17282037896460029,-0.7686326503753662,0.2429618835449218
Low (<10),MNDWI_median,34,-0.11247716570163474,-0.18163315951824185,0.28258911139457454,-1.0,0.4915213584899902
Moderate (10–20),B2_mean,59,0.18972243311799175,0.1084021925926208,0.3083442121834858,0.0199758242815732,1.3631805181503296
Moderate (10–20),B3_mean,59,0.21040624847351494,0.1418658047914505,0.26898457049712987,0.0424972511827945,1.2067397832870483
Moderate (10–20),B4_mean,59,0.21020529337101063,0.1500697880983352,0.25161366256768714,0.0351505503058433,1.1251071691513062
Moderate (10–20),B8_mean,59,0.24962033571328146,0.1738582402467727,0.2187966641861764,0.1118555963039398,1.1293959617614746
Moderate (10–20),B11_mean,59,0.22020348499260717,0.1768285781145095,0.16402259914225,0.0289418380707502,0.745090901851654
Moderate (10–20),B12_mean,59,0.18738829552874728,0.1455153077840805,0.14911988293967968,0.0191443897783756,0.6654459238052368
Moderate (10–20),NDWI_mean,59,-0.06758115120366279,-0.0729486420750618,0.16744600235529478,-0.3435750305652618,0.3962053656578064
Moderate (10–20),MNDWI_mean,59,0.005563631227587239,-0.009221970103681,0.1901565009839758,-0.3993953168392181,0.703077495098114
Moderate (10–20),water_fraction,59,0.44523454753478964,0.445054945054945,0.29081162657820464,0.0,1.0
Moderate (10–20),B2_std,59,0.04106332431152711,0.0372227393090724,0.027359649327077438,0.0052186287939548,0.1293635368347168
Moderate (10–20),B3_std,59,0.046706997363244025,0.0430543050169944,0.027593748356240917,0.0061760526150465,0.111529491841793
Moderate (10–20),B4_std,59,0.06146997753215034,0.0572260729968547,0.037642681119519454,0.0067839054390788,0.1269577890634536
Moderate (10–20),B8_std,59,0.1072856035809648,0.1136417537927627,0.034586487898800346,0.0051394430920481,0.1566545069217682
Moderate (10–20),B11_std,59,0.10757686826005826,0.0870575159788131,0.0538903145683019,0.0016953069716691,0.1968466639518737
Moderate (10–20),B12_std,59,0.09804512617785986,0.0720039084553718,0.05978294676619903,0.0017143808072432,0.1968002617359161
Moderate (10–20),NDWI_std,59,0.2129037267157524,0.2051025331020355,0.12261892686382145,0.0032064425759017,0.5154359936714172
Moderate (10–20),MNDWI_std,59,0.23860798552790183,0.2734362185001373,0.1286815486472276,0.0061741336248815,0.4138844013214111
Moderate (10–20),B2_median,59,0.1833194937493841,0.0874000042676925,0.312837735207869,0.0133999995887279,1.3587000370025637
Moderate (10–20),B3_median,59,0.20231864443522388,0.1175500005483627,0.27348256543972044,0.0304500013589859,1.204200029373169
Moderate (10–20),B4_median,59,0.2003779637043254,0.1134999990463256,0.2578614130488905,0.0274000000208616,1.122099995613098
Moderate (10–20),B8_median,59,0.220398307257032,0.1467500030994415,0.2401320941636505,0.0191500000655651,1.1238000392913818
Moderate (10–20),B11_median,59,0.1974491532576286,0.1290000081062317,0.18653347860890332,0.0245000012218952,0.7430999875068665
Moderate (10–20),B12_median,59,0.16499915324404077,0.093199998140335,0.16922460629179997,0.0185000002384185,0.6793000102043152
Moderate (10–20),NDWI_median,59,-0.050983143015370005,-0.1155877858400344,0.16797051308649186,-0.2513993978500366,0.6026991605758667
Moderate (10–20),MNDWI_median,59,-0.013130875004423857,-0.1369072198867797,0.2549387050230653,-0.3961960077285766,0.704892635345459
Elevated (20–50),B2_mean,70,0.14797566120645825,0.09085688740015024,0.19296913114900296,0.0291181318461895,1.215633749961853
Elevated (20–50),B3_mean,70,0.17384954547243456,0.12696046382188794,0.17101658478777224,0.047839555889368,1.1382744312286377
Elevated (20–50),B4_mean,70,0.17464563048311638,0.11796979978680605,0.1625363457043488,0.0356351658701896,1.0708714723587036
Elevated (20–50),B8_mean,70,0.21697107069194316,0.17606373876333237,0.14354124479171546,0.0310050994157791,1.012044906616211
Elevated (20–50),B11_mean,70,0.19263100129153046,0.17050220072269434,0.12332687707585197,0.0157102029770612,0.5889892578125
Elevated (20–50),B12_mean,70,0.16416444550933582,0.1330936849117279,0.11632769180530468,0.0113734686747193,0.4573576748371124
Elevated (20–50),NDWI_mean,70,-0.04209095651416905,-0.08177865296602245,0.179855656644409,-0.3078245520591736,0.5603978037834167
Elevated (20–50),MNDWI_mean,70,0.03790539381692984,-0.0083465153584256,0.24581566522756298,-0.3329873979091644,0.7435442805290222
Elevated (20–50),water_fraction,70,0.4429188158779995,0.45761381475667184,0.3071801061245207,0.0,1.0
Elevated (20–50),B2_std,70,0.043724022433161695,0.030263996683061102,0.04036094823582802,0.0011792660225182,0.2489752322435379
Elevated (20–50),B3_std,70,0.04789464460087138,0.03687370568513865,0.03775143052725988,0.0010049900738522,0.224343717098236
Elevated (20–50),B4_std,70,0.06166476759826759,0.04608270339667795,0.042825026015164476,0.0009167783427983,0.2146767675876617
Elevated (20–50),B8_std,70,0.10461385199866653,0.11764790862798685,0.043549619741848636,0.0015225147362798,0.1991020292043686
Elevated (20–50),B11_std,70,0.09717304315916923,0.0850859843194484,0.05530487966247405,0.0007838276214897,0.204896479845047
Elevated (20–50),B12_std,70,0.08800862578874717,0.06668135151267049,0.05901798618378099,0.0009355571819469,0.2084729969501495
Elevated (20–50),NDWI_std,70,0.22518628238966423,0.22896443307399744,0.15840731898838387,0.0075402953661978,0.7611052393913269
Elevated (20–50),MNDWI_std,70,0.22912552862295082,0.24708124250173563,0.15115937289620748,0.011309714987874,0.4746934771537781
Elevated (20–50),B2_median,70,0.14522428605705498,0.0687499977648258,0.20016722766989037,0.0123999994248151,1.2223000526428225
Elevated (20–50),B3_median,70,0.1701335714863879,0.10939999669790265,0.17920472356181946,0.0335500016808509,1.1439000368118286
Elevated (20–50),B4_median,70,0.1704628585837781,0.1047750003635883,0.17555851482846682,0.0103000001981854,1.0770000219345093
Elevated (20–50),B8_median,70,0.1913700000516006,0.14037499576807022,0.172552575789304,0.0278500001877546,1.0170999765396118
Elevated (20–50),B11_median,70,0.18064214318458524,0.1225749924778938,0.15543927863025997,0.015599999576807,0.5873500108718872
Elevated (20–50),B12_median,70,0.15502857120175442,0.09989999979734421,0.146404906042485,0.0109999999403953,0.4945000112056732
Elevated (20–50),NDWI_median,70,-0.025162431226843685,-0.06919763237237925,0.17691976113592206,-0.2333000898361206,0.566300630569458
Elevated (20–50),MNDWI_median,70,0.020082670503429018,-0.062686800956726,0.29257215011487825,-0.3244155943393707,0.7718824148178101
High (50–100),B2_mean,21,0.32166143755118054,0.0830681324005127,0.5277455556640978,0.0344917587935924,1.6922614574432373
High (50–100),B3_mean,21,0.3071200077732404,0.1145708709955215,0.426674882417528,0.0656681358814239,1.4058351516723633
High (50–100),B4_mean,21,0.2773775158538705,0.1206873580813407,0.35351518576704793,0.0526450537145137,1.1578835248947144
High (50–100),B8_mean,21,0.29145998578696025,0.164752185344696,0.3267073799681179,0.0285964310169219,1.1195759773254397
High (50–100),B11_mean,21,0.13034546792152377,0.1190972477197647,0.1019852540519757,0.0146857155486941,0.4803791344165802
High (50–100),B12_mean,21,0.11721531483566473,0.0809763744473457,0.09815843912045673,0.0111193880438804,0.3994906842708587
High (50–100),NDWI_mean,21,0.036086804632629664,0.0356038659811019,0.20817427533777,-0.2713870704174042,0.5748748183250427
High (50–100),MNDWI_mean,21,0.30981875273088616,0.224530816078186,0.3210106410362687,-0.2095087319612503,0.826690673828125
High (50–100),water_fraction,21,0.7183038050384989,0.6648351648351648,0.2542788888498673,0.1887755102040816,1.0
High (50–100),B2_std,21,0.03631857767080264,0.0235342476516962,0.028723966487074825,0.0016536400653421,0.1117299199104309
High (50–100),B3_std,21,0.04253463196523839,0.0279217716306448,0.030775703340152123,0.0016201972030103,0.095249556005001
High (50–100),B4_std,21,0.06089481803965529,0.041425947099924,0.04425562747605173,0.0015446435427293,0.153258666396141
High (50–100),B8_std,21,0.08638920373882031,0.102065622806549,0.042782724158285025,0.0011084728175774,0.140596330165863
High (50–100),B11_std,21,0.08206896994462501,0.0738299340009689,0.05286367651408443,0.0006366366287693,0.1894552707672119
High (50–100),B12_std,21,0.07232816018430248,0.0601401589810848,0.05633992428825967,0.0010179670061916,0.1944021433591842
High (50–100),NDWI_std,21,0.18542680015698784,0.2312056869268417,0.1290440782945065,0.0124307908117771,0.3496238887310028
High (50–100),MNDWI_std,21,0.23991255861307895,0.2462722808122635,0.16590814394085437,0.0099499393254518,0.4903297424316406
High (50–100),B2_median,21,0.3171642849310523,0.0789500027894973,0.5287723171993414,0.0247500017285347,1.6956000328063965
High (50–100),B3_median,21,0.3032428540644191,0.1062000021338462,0.43432270724228544,0.0540999993681907,1.4336999654769895
High (50–100),B4_median,21,0.27362857900914694,0.0994499996304512,0.36859489256481026,0.0391499996185302,1.203700065612793
High (50–100),B8_median,21,0.25295000212887925,0.0971499979496002,0.34867511265954626,0.0265999995172023,1.1277999877929688
High (50–100),B11_median,21,0.09709761863840474,0.0571000017225742,0.12092317945416999,0.0146000003442168,0.4886000156402588
High (50–100),B12_median,21,0.09182380938104216,0.038050003349781,0.11719767733461256,0.0109999999403953,0.4070000052452087
High (50–100),NDWI_median,21,0.11338151672056743,0.0715500265359878,0.18518403535459937,-0.1552436351776123,0.5751612186431885
High (50–100),MNDWI_median,21,0.3799245795235038,0.3378427624702453,0.32542511913214067,-0.1941610425710678,0.8410412073135376
Very high (>=100),B2_mean,15,0.11431708758076027,0.0850500091910362,0.10833643196411148,0.0519576556980609,0.4910458922386169
Very high (>=100),B3_mean,15,0.14176921347777047,0.112580768764019,0.09934257825038281,0.0814260244369506,0.4862055778503418
Very high (>=100),B4_mean,15,0.13893162608146664,0.1122747287154197,0.10351638213252683,0.0586530640721321,0.4849102199077606
Very high (>=100),B8_mean,15,0.14969764202833172,0.1642999947071075,0.10310573347923885,0.0240642838180065,0.4405801296234131
Very high (>=100),B11_mean,15,0.09246740912397701,0.0822390019893646,0.08033888661932301,0.0213857181370258,0.3541305959224701
Very high (>=100),B12_mean,15,0.0679725926369428,0.0524774715304374,0.07386547673262353,0.0158647950738668,0.3185184001922607
Very high (>=100),NDWI_mean,15,0.11641168942054113,-0.0337440632283687,0.28730523579684586,-0.1487745940685272,0.5827829241752625
Very high (>=100),MNDWI_mean,15,0.34868716945250827,0.2622250020503998,0.20694380520325623,0.1115145608782768,0.7265169024467468
Very high (>=100),water_fraction,15,0.7900837257980114,0.7252747252747253,0.1805107673450991,0.5769230769230769,1.0
Very high (>=100),B2_std,15,0.0408687218635653,0.018021073192358,0.08183673827468282,0.0014763724757358,0.3303485214710235
Very high (>=100),B3_std,15,0.03787227291613813,0.0188638232648372,0.06874097485758443,0.0012955293059349,0.2793682515621185
Very high (>=100),B4_std,15,0.04533142841731504,0.02989455871284,0.05811342998340162,0.0011567791225388,0.2386499047279358
Very high (>=100),B8_std,15,0.09030232205986972,0.1014350354671478,0.06671969765178079,0.0016772719100117,0.2555837035179138
Very high (>=100),B11_std,15,0.07181167928890012,0.0691479668021202,0.06612156717617741,0.000822739326395,0.2656242847442627
Very high (>=100),B12_std,15,0.054196994060960874,0.0469229668378829,0.06236671965097255,0.00069912528852,0.2447869926691055
Very high (>=100),NDWI_std,15,0.22145583269496757,0.2767122387886047,0.155779693664639,0.0168906264007091,0.429420530796051
Very high (>=100),MNDWI_std,15,0.27948335303614535,0.3702562153339386,0.17760898370826492,0.0091524748131632,0.5523896813392639
Very high (>=100),B2_median,15,0.10602666512131688,0.0860999971628189,0.07535485627171247,0.0507000014185905,0.3609499931335449
Very high (>=100),B3_median,15,0.1337533339858055,0.1142000034451484,0.07028489973850338,0.0789000019431114,0.371500015258789
Very high (>=100),B4_median,15,0.13482333223025,0.1202500015497207,0.07814638191591684,0.0524000003933906,0.377700001001358
Very high (>=100),B8_median,15,0.10250333249568937,0.0779999941587448,0.095220602798265,0.018300000578165,0.397049993276596
Very high (>=100),B11_median,15,0.05944333188235754,0.0438999980688095,0.07499149013200321,0.0149499997496604,0.3242499828338623
Very high (>=100),B12_median,15,0.0462466653436422,0.0327499993145465,0.06483333150340383,0.0130000002682209,0.2770499885082245
Very high (>=100),NDWI_median,15,0.2419357381761074,0.0967282429337501,0.24904644374349275,-0.0534650832414627,0.6825907826423645
Very high (>=100),MNDWI_median,15,0.4746624062458674,0.500643253326416,0.18234083205832624,0.1369343250989914,0.7747211456298828
