patch_number,patch_filename,sentinel2_id,satellite_date,station,cwc_datetime,latitude,longitude,turbidity_NTU,days_difference,cloud_percentage,B2,B3,B4,B8,B11,B12,NDWI,MNDWI,sentinel_patch_count,candidate_cwc_records,duplicate_sentinel_id,linkage_status,patch,patch_file,patch_width,patch_height,num_bands,crs,B2_mean,B2_median,B2_std,B2_min,B2_max,B3_mean,B3_median,B3_std,B3_min,B3_max,B4_mean,B4_median,B4_std,B4_min,B4_max,B8_mean,B8_median,B8_std,B8_min,B8_max,B11_mean,B11_median,B11_std,B11_min,B11_max,B12_mean,B12_median,B12_std,B12_min,B12_max,NDWI_mean,NDWI_median,NDWI_std,NDWI_min,NDWI_max,MNDWI_mean,MNDWI_median,MNDWI_std,MNDWI_min,MNDWI_max,water_fraction,has_turbidity_label,has_patch_features
14,Etawah_14_20210725T051651_20210725T052751_T44RKQ.tif,20210725T051651_20210725T052751_T44RKQ,,,,,,,,,,,,,,,,,2,0,True,NO_CWC_METADATA,14,Etawah_14_20210725T051651_20210725T052751_T44RKQ.tif,13,14,9,EPSG:32644,0.48705384135246277,0.4724000096321106,0.1005747839808464,0.20800000429153442,0.7279000282287598,0.4712659418582916,0.46324998140335083,0.09406594187021255,0.20630000531673431,0.6933000087738037,0.4454796314239502,0.4399999976158142,0.09389184415340424,0.1972000002861023,0.6600000262260437,0.486378014087677,0.4855499863624573,0.07847023755311966,0.2442999929189682,0.6672000288963318,0.4925406277179718,0.49549999833106995,0.07573352009057999,0.25929999351501465,0.6395999789237976,0.429828017950058,0.4312500059604645,0.07970653474330902,0.16599999368190765,0.5770999789237976,-0.019571194425225258,-0.015570545569062233,0.026312032714486122,-0.11014831066131592,0.02495143562555313,-0.026495005935430527,-0.018011964857578278,0.0593591146171093,-0.306671142578125,0.07418859004974365,0.36813186813186816,False,True
15,Etawah_15_20210814T051651_20210814T053104_T44RKQ.tif,20210814T051651_20210814T053104_T44RKQ,,,,,,,,,,,,,,,,,2,0,True,NO_CWC_METADATA,15,Etawah_15_20210814T051651_20210814T053104_T44RKQ.tif,13,14,9,EPSG:32644,0.14205989241600037,0.12889999151229858,0.03653402626514435,0.10000000149011612,0.2418999969959259,0.16501152515411377,0.15240000188350677,0.035286761820316315,0.1193000003695488,0.257999986410141,0.15748625993728638,0.14710000157356262,0.03070935234427452,0.10440000146627426,0.24420000612735748,0.24140825867652893,0.2150000035762787,0.07412123680114746,0.14010000228881836,0.37380000948905945,0.20139504969120026,0.21040000021457672,0.06701511889696121,0.0828000009059906,0.3278000056743622,0.15492306649684906,0.15680000185966492,0.054063569754362106,0.05640000104904175,0.26510000228881836,-0.17447978258132935,-0.17179203033447266,0.07817214727401733,-0.42229872941970825,0.10322125256061554,-0.07709836214780807,-0.10754525661468506,0.13356700539588928,-0.38110747933387756,0.2641429305076599,0.2692307692307692,False,True
76,Etawah_76_20230819T051659_20230819T052701_T44RKQ.tif,20230819T051659_20230819T052701_T44RKQ,,,,,,,,,,,,,,,,,2,0,True,NO_CWC_METADATA,76,Etawah_76_20230819T051659_20230819T052701_T44RKQ.tif,13,14,9,EPSG:32644,0.1491978019475937,0.1604500114917755,0.024689888581633568,0.09719999879598618,0.18649999797344208,0.16439944505691528,0.1758500039577484,0.025281216949224472,0.10790000110864639,0.19840000569820404,0.15679505467414856,0.18029999732971191,0.04290413483977318,0.06830000132322311,0.20200000703334808,0.23513735830783844,0.18345001339912415,0.09287823736667633,0.1655000001192093,0.45820000767707825,0.10093241184949875,0.05205000191926956,0.076368048787117,0.03420000150799751,0.287200003862381,0.06080770120024681,0.03720000013709068,0.04680613428354263,0.0215000007301569,0.2565000057220459,-0.13907490670681,-0.007928736507892609,0.22480027377605438,-0.5874074101448059,0.04665900394320488,0.3143676817417145,0.5579159259796143,0.37861108779907227,-0.3357185423374176,0.6752136945724487,0.6978021978021978,False,True
118,Etawah_118_20210725T051651_20210725T052751_T44RKQ.tif,20210725T051651_20210725T052751_T44RKQ,,,,,,,,,,,,,,,,,2,0,True,NO_CWC_METADATA,118,Etawah_118_20210725T051651_20210725T052751_T44RKQ.tif,14,14,9,EPSG:32644,0.727852463722229,0.7508000135421753,0.10899075120687485,0.4000999927520752,0.8894000053405762,0.6787938475608826,0.683150053024292,0.1020631417632103,0.4002000093460083,0.8258000016212463,0.6338168382644653,0.6353499889373779,0.09894537925720215,0.3589000105857849,0.7803000211715698,0.639281153678894,0.6429499983787537,0.08340469002723694,0.40149998664855957,0.7633000016212463,0.5782336592674255,0.5821499824523926,0.07023461163043976,0.39410001039505005,0.6969000101089478,0.5159622430801392,0.5214500427246094,0.06451980024576187,0.3452000021934509,0.6272000074386597,0.02834634855389595,0.032334692776203156,0.020019419491291046,-0.030209939926862717,0.05865878984332085,0.07756919413805008,0.08442399650812149,0.03288818895816803,-0.08450859785079956,0.1280168890953064,0.9744897959183674,False,True
119,Etawah_119_20210814T051651_20210814T053104_T44RKQ.tif,20210814T051651_20210814T053104_T44RKQ,,,,,,,,,,,,,,,,,2,0,True,NO_CWC_METADATA,119,Etawah_119_20210814T051651_20210814T053104_T44RKQ.tif,14,14,9,EPSG:32644,0.1278209239244461,0.1251000016927719,0.011678089387714863,0.10830000042915344,0.1615999937057495,0.16051530838012695,0.15839999914169312,0.009149448946118355,0.1436000019311905,0.1873999983072281,0.1842714101076126,0.1843000054359436,0.005505284760147333,0.1704999953508377,0.19979999959468842,0.21530508995056152,0.21105000376701355,0.01967199333012104,0.18140000104904175,0.2703999876976013,0.11360970139503479,0.10750000178813934,0.026650473475456238,0.07079999893903732,0.18700000643730164,0.08435969799757004,0.07844999432563782,0.020805049687623978,0.05429999902844429,0.14489999413490295,-0.1445166915655136,-0.143544003367424,0.019731998443603516,-0.19172930717468262,-0.10937497764825821,0.18157635629177094,0.1926642805337906,0.09013938903808594,-0.028037406504154205,0.3468634784221649,0.9693877551020408,False,True
149,Etawah_149_20220705T051659_20220705T052853_T44RKQ.tif,20220705T051659_20220705T052853_T44RKQ,,,,,,,,,,,,,,,,,1,0,False,NO_CWC_METADATA,149,Etawah_149_20220705T051659_20220705T052853_T44RKQ.tif,14,14,9,EPSG:32644,0.12171632051467896,0.0934000015258789,0.08110219985246658,0.03610000014305115,0.4300000071525574,0.1204591765999794,0.09780000150203705,0.07623615860939026,0.03669999912381172,0.42260000109672546,0.11040153354406357,0.09149999916553497,0.07486829906702042,0.025299999862909317,0.42089998722076416,0.12096735090017319,0.09915000200271606,0.08397107571363449,0.023800000548362732,0.44350001215934753,0.12212399393320084,0.10455000400543213,0.07968229055404663,0.02290000021457672,0.4207000136375427,0.10464133322238922,0.085999995470047,0.0726742148399353,0.01889999955892563,0.34929999709129333,0.024662187322974205,0.005179458297789097,0.08765830099582672,-0.1355166733264923,0.30083566904067993,0.011496753431856632,0.0018704162212088704,0.16115149855613708,-0.4034063220024109,0.47064220905303955,0.5,False,True
181,Etawah_181_20230819T051659_20230819T052701_T44RKQ.tif,20230819T051659_20230819T052701_T44RKQ,,,,,,,,,,,,,,,,,2,0,True,NO_CWC_METADATA,181,Etawah_181_20230819T051659_20230819T052701_T44RKQ.tif,14,14,9,EPSG:32644,0.10292041301727295,0.09835000336170197,0.014882114715874195,0.0746999979019165,0.15889999270439148,0.1242627501487732,0.11945000290870667,0.01686006598174572,0.08820000290870667,0.19419999420642853,0.11173061281442642,0.09174999594688416,0.038866788148880005,0.06689999997615814,0.24060000479221344,0.0727071464061737,0.041850000619888306,0.05259689688682556,0.02370000071823597,0.2362000048160553,0.08341836929321289,0.04859999939799309,0.06036362051963806,0.030700000002980232,0.30660000443458557,0.07290969043970108,0.04390000179409981,0.05489339679479599,0.025800000876188278,0.3052999973297119,0.3409585654735565,0.4809606075286865,0.24792678654193878,-0.09957849979400635,0.640266478061676,0.2778485417366028,0.4156109094619751,0.2388458251953125,-0.24583503603935242,0.5657062530517578,0.7857142857142857,False,True
197,Etawah_197_20240311T051651_20240311T053119_T44RKQ.tif,20240311T051651_20240311T053119_T44RKQ,,,,,,,,,,,,,,,,,1,0,False,NO_CWC_METADATA,197,Etawah_197_20240311T051651_20240311T053119_T44RKQ.tif,14,14,9,EPSG:32644,0.09671786427497864,0.08269999921321869,0.04450640454888344,0.04010000079870224,0.15870000422000885,0.13692601025104523,0.1221500039100647,0.052989013493061066,0.06859999895095825,0.20669999718666077,0.1531178504228592,0.14765000343322754,0.07940541952848434,0.05130000039935112,0.25600001215934753,0.1734892725944519,0.18119999766349792,0.10131656378507614,0.04149999842047691,0.299699991941452,0.19647397100925446,0.19374999403953552,0.12027336657047272,0.0502999983727932,0.3529999852180481,0.1747010350227356,0.15779998898506165,0.11313226073980331,0.04089999943971634,0.32429999113082886,-0.04561292752623558,-0.16579271852970123,0.15930356085300446,-0.21744705736637115,0.25560539960861206,-0.0968623086810112,-0.2010364532470703,0.17134034633636475,-0.3086306154727936,0.2236194610595703,0.3877551020408163,False,True
206,Etawah_206_20240624T051659_20240624T052822_T44RKQ.tif,20240624T051659_20240624T052822_T44RKQ,,,,,,,,,,,,,,,,,1,0,False,NO_CWC_METADATA,206,Etawah_206_20240624T051659_20240624T052822_T44RKQ.tif,14,14,9,EPSG:32644,0.22769437730312347,0.24489998817443848,0.030451951548457146,0.16380000114440918,0.26579999923706055,0.2614958882331848,0.2831000089645386,0.03689621016383171,0.1881999969482422,0.30300000309944153,0.29166531562805176,0.32600000500679016,0.05923787131905556,0.17239999771118164,0.3564999997615814,0.30987146496772766,0.3607499897480011,0.08429902791976929,0.14219999313354492,0.39480000734329224,0.36092647910118103,0.45055001974105835,0.14003412425518036,0.10939999669790268,0.49230000376701355,0.3547663390636444,0.4582499861717224,0.16043131053447723,0.07940000295639038,0.5134999752044678,-0.06739113479852676,-0.11954228579998016,0.0860002338886261,-0.14277170598506927,0.14748205244541168,-0.11017186939716339,-0.2242174744606018,0.18116401135921478,-0.2726556360721588,0.27260640263557434,0.28061224489795916,False,True
