model,fold,MAE,RMSE,R2,train_rows,test_rows,train_groups,test_groups
All_pixel_Compact_8,1,16.55843991353842,25.5396077007938,-0.05258127080555752,159,40,79,20
All_pixel_Compact_8,2,27.538093829904266,46.54413706597513,0.19463580619095022,159,40,79,20
All_pixel_Compact_8,3,20.28906255053242,32.04792489692549,0.13965430560779668,160,39,80,19
All_pixel_Compact_8,4,30.76732275761733,62.26641210728173,0.2586486639706542,159,40,79,20
All_pixel_Compact_8,5,19.551107638431724,30.196886776378882,0.37856804081845674,159,40,79,20
Water_only_Compact_8,1,17.72237459286893,22.345493084467016,0.3013641380332468,143,36,76,19
Water_only_Compact_8,2,16.177991229197463,23.0616590884321,-0.6374263450832831,143,36,76,19
Water_only_Compact_8,3,41.83562972478356,83.85989800649143,0.06779613794924855,143,36,76,19
Water_only_Compact_8,4,28.309065362115717,42.59690052195428,0.1536352669706479,143,36,76,19
Water_only_Compact_8,5,19.885657275165535,26.254472423538083,0.32448443060579,144,35,76,19
