patch_number,patch_filename,sentinel2_id,turbidity_NTU,water_fraction,cloud_percentage,days_difference,total_pixels
1,Etawah_1_20210101T052219_20210101T052222_T44RKQ.tif,20210101T052219_20210101T052222_T44RKQ,1.0,0.5494505494505495,0.001948,0.103102037037037,182
2,Etawah_2_20210131T052039_20210131T052539_T44RKQ.tif,20210131T052039_20210131T052539_T44RKQ,9.0,0.41208791208791207,0.001931,1.113502974537037,182
3,Etawah_3_20210302T051729_20210302T052733_T44RKQ.tif,20210302T051729_20210302T052733_T44RKQ,10.0,0.44505494505494503,0.00653,0.8899603703703703,182
4,Etawah_4_20210322T051649_20210322T052843_T44RKQ.tif,20210322T051649_20210322T052843_T44RKQ,8.0,0.4340659340659341,9.910906,0.1239266203703703,182
5,Etawah_5_20210406T051651_20210406T052529_T44RKQ.tif,20210406T051651_20210406T052529_T44RKQ,2.0,0.0,2.423715,0.8968722685185185,182
6,Etawah_6_20210411T051649_20210411T052917_T44RKQ.tif,20210411T051649_20210411T052917_T44RKQ,17.0,0.0,0.827834,1.1065938310185186,182
7,Etawah_7_20210421T051649_20210421T053100_T44RKQ.tif,20210421T051649_20210421T053100_T44RKQ,21.0,0.8956043956043956,56.752861,0.1100911111111111,182
8,Etawah_8_20210521T051649_20210521T053105_T44RKQ.tif,20210521T051649_20210521T053105_T44RKQ,14.0,0.9175824175824175,62.963474,0.1030838310185185,182
9,Etawah_9_20210531T051649_20210531T052809_T44RKQ.tif,20210531T051649_20210531T052809_T44RKQ,17.0,0.016483516483516484,2.697526,1.1030734259259258,182
10,Etawah_10_20210610T051649_20210610T053106_T44RKQ.tif,20210610T051649_20210610T053106_T44RKQ,19.0,0.9505494505494505,32.074681,1.1030702546296296,182
11,Etawah_11_20210620T051649_20210620T053110_T44RKQ.tif,20210620T051649_20210620T053110_T44RKQ,28.0,0.02197802197802198,28.629676,1.0961295601851853,182
12,Etawah_12_20210630T051649_20210630T051915_T44RKQ.tif,20210630T051649_20210630T051915_T44RKQ,30.0,0.5384615384615384,68.552062,1.1030700925925927,182
13,Etawah_13_20210710T051649_20210710T053111_T44RKQ.tif,20210710T051649_20210710T053111_T44RKQ,41.0,0.34615384615384615,67.810458,2.089172349537037,182
16,Etawah_16_20210824T051651_20210824T052626_T44RKQ.tif,20210824T051651_20210824T052626_T44RKQ,15.0,0.5769230769230769,46.873043,0.8413855555555556,182
17,Etawah_17_20210903T051651_20210903T052534_T44RKQ.tif,20210903T051651_20210903T052534_T44RKQ,33.0,1.0,59.455585,1.8760952546296297,182
18,Etawah_18_20210913T051651_20210913T053059_T44RKQ.tif,20210913T051651_20210913T053059_T44RKQ,35.0,0.3516483516483517,29.700629,0.1030720138888888,182
19,Etawah_19_20210923T051651_20210923T053101_T44RKQ.tif,20210923T051651_20210923T053101_T44RKQ,26.0,0.6703296703296703,37.094069,1.876120601851852,182
20,Etawah_20_20211003T051701_20211003T052600_T44RKQ.tif,20211003T051701_20211003T052600_T44RKQ,94.0,0.6648351648351648,0.05719,1.876138136574074,182
21,Etawah_21_20211013T051751_20211013T052103_T44RKQ.tif,20211013T051751_20211013T052103_T44RKQ,104.0,0.5769230769230769,0.000219,1.8830908564814808,182
22,Etawah_22_20211023T051901_20211023T052038_T44RKQ.tif,20211023T051901_20211023T052038_T44RKQ,34.0,0.532967032967033,0.002223,1.883089375,182
23,Etawah_23_20211102T052001_20211102T052127_T44RKQ.tif,20211102T052001_20211102T052127_T44RKQ,21.0,0.5439560439560439,0.000979,0.8796049768518519,182
24,Etawah_24_20211112T052051_20211112T052922_T44RKQ.tif,20211112T052051_20211112T052922_T44RKQ,1.0,0.6648351648351648,23.322425,0.8761067824074074,182
25,Etawah_25_20211122T052121_20211122T052810_T44RKQ.tif,20211122T052121_20211122T052810_T44RKQ,28.0,0.521978021978022,5.6e-05,0.0891928356481481,182
26,Etawah_26_20211212T052221_20211212T052221_T44RKQ.tif,20211212T052221_20211212T052221_T44RKQ,25.0,0.532967032967033,5.675194,1.1586477314814816,182
27,Etawah_27_20211222T052231_20211222T052230_T44RKQ.tif,20211222T052231_20211222T052230_T44RKQ,13.0,0.46703296703296704,0.000388,0.8830361921296296,182
28,Etawah_28_20220101T052231_20220101T053051_T44RKQ.tif,20220101T052231_20220101T053051_T44RKQ,9.0,0.5604395604395604,19.767311,0.1238964467592592,182
29,Etawah_29_20220111T052201_20220111T052204_T44RKQ.tif,20220111T052201_20220111T052204_T44RKQ,16.0,0.5604395604395604,1.575346,0.1239020949074074,182
30,Etawah_30_20220131T052041_20220131T052041_T44RKQ.tif,20220131T052041_20220131T052041_T44RKQ,12.0,0.5769230769230769,2.186081,1.1308596875,182
31,Etawah_31_20220210T051941_20220210T052038_T44RKQ.tif,20220210T051941_20220210T052038_T44RKQ,15.0,0.42857142857142855,56.870997,1.1378169444444444,182
32,Etawah_32_20220220T051841_20220220T051840_T44RKQ.tif,20220220T051841_20220220T051840_T44RKQ,17.0,0.43956043956043955,0.000159,1.1516741319444443,182
33,Etawah_33_20220302T051731_20220302T052536_T44RKQ.tif,20220302T051731_20220302T052536_T44RKQ,19.0,0.4065934065934066,0.000169,0.1447088657407407,182
34,Etawah_34_20220312T051651_20220312T052910_T44RKQ.tif,20220312T051651_20220312T052910_T44RKQ,3.0,0.18681318681318682,8e-05,0.865714537037037,182
35,Etawah_35_20220322T051651_20220322T052554_T44RKQ.tif,20220322T051651_20220322T052554_T44RKQ,10.0,0.0,0.025302,0.883065150462963,182
36,Etawah_36_20220401T051651_20220401T052734_T44RKQ.tif,20220401T051651_20220401T052734_T44RKQ,9.0,0.0,0.000189,0.1065302083333333,182
37,Etawah_37_20220411T051651_20220411T052901_T44RKQ.tif,20220411T051651_20220411T052901_T44RKQ,7.0,0.0,0.045846,0.1100047106481481,182
38,Etawah_38_20220421T051701_20220421T052440_T44RKQ.tif,20220421T051701_20220421T052440_T44RKQ,8.0,0.0,24.838729,0.0960862962962963,182
39,Etawah_39_20220501T051701_20220501T052759_T44RKQ.tif,20220501T051701_20220501T052759_T44RKQ,1.0,0.02197802197802198,25.296843,1.116912476851852,182
40,Etawah_40_20220511T051651_20220511T053033_T44RKQ.tif,20220511T051651_20220511T053033_T44RKQ,14.0,0.0,0.002326,0.1030405555555555,182
41,Etawah_41_20220521T051701_20220521T052917_T44RKQ.tif,20220521T051701_20220521T052917_T44RKQ,41.0,0.0,38.496208,0.1238417129629629,182
42,Etawah_42_20220531T051701_20220531T052755_T44RKQ.tif,20220531T051701_20220531T052755_T44RKQ,42.0,0.0,0.02009,1.127297951388889,182
43,Etawah_43_20220610T051701_20220610T052518_T44RKQ.tif,20220610T051701_20220610T052518_T44RKQ,28.0,0.0,10.060531,1.1238095138888888,182
44,Etawah_44_20220620T051701_20220620T052701_T44RKQ.tif,20220620T051701_20220620T052701_T44RKQ,13.0,0.3076923076923077,38.315928,1.127251423611111,182
45,Etawah_45_20220710T051701_20220710T052850_T44RKQ.tif,20220710T051701_20220710T052850_T44RKQ,61.0,0.4945054945054945,37.888461,1.1376551157407406,182
46,Etawah_46_20220809T051701_20220809T052911_T44RKQ.tif,20220809T051701_20220809T052911_T44RKQ,42.0,0.2967032967032967,40.684968,2.1029467939814817,182
47,Etawah_47_20220824T051649_20220824T052826_T44RKQ.tif,20220824T051649_20220824T052826_T44RKQ,89.0,1.0,54.355186,1.883032476851852,182
48,Etawah_48_20220903T051649_20220903T052701_T44RKQ.tif,20220903T051649_20220903T052701_T44RKQ,167.0,0.5989010989010989,22.696407,1.862210891203704,182
49,Etawah_49_20221003T051649_20221003T052253_T44RKQ.tif,20221003T051649_20221003T052253_T44RKQ,344.0,0.7252747252747253,13.458627,1.876067164351852,182
50,Etawah_50_20221013T051749_20221013T052416_T44RKQ.tif,20221013T051749_20221013T052416_T44RKQ,66.0,0.6868131868131868,23.551807,1.8760708101851853,182
51,Etawah_51_20221023T051849_20221023T052729_T44RKQ.tif,20221023T051849_20221023T052729_T44RKQ,123.0,0.6208791208791209,0.005756,1.8830214467592592,182
52,Etawah_52_20221102T051949_20221102T052958_T44RKQ.tif,20221102T051949_20221102T052958_T44RKQ,63.0,0.5714285714285714,0.001125,0.8343934143518519,182
53,Etawah_53_20221112T052049_20221112T052220_T44RKQ.tif,20221112T052049_20221112T052220_T44RKQ,45.0,0.6263736263736264,0.08923,0.8691331944444445,182
54,Etawah_54_20221122T052119_20221122T052433_T44RKQ.tif,20221122T052119_20221122T052433_T44RKQ,56.0,0.5824175824175825,0.000312,0.876079537037037,182
55,Etawah_55_20221202T052159_20221202T052600_T44RKQ.tif,20221202T052159_20221202T052600_T44RKQ,58.0,0.5714285714285714,0.003533,0.865644988425926,182
56,Etawah_56_20221212T052219_20221212T052632_T44RKQ.tif,20221212T052219_20221212T052632_T44RKQ,39.0,0.5384615384615384,0.000229,0.1239474537037037,182
57,Etawah_57_20221222T052229_20221222T052753_T44RKQ.tif,20221222T052229_20221222T052753_T44RKQ,38.0,0.47802197802197804,0.000833,0.8691298032407407,182
58,Etawah_58_20230101T052229_20230101T052722_T44RKQ.tif,20230101T052229_20230101T052722_T44RKQ,13.0,1.0,36.256072,1.144763761574074,182
59,Etawah_59_20230111T052159_20230111T052604_T44RKQ.tif,20230111T052159_20230111T052604_T44RKQ,7.0,1.0,36.526528,0.1447965972222222,182
60,Etawah_60_20230121T052129_20230121T052439_T44RKQ.tif,20230121T052129_20230121T052439_T44RKQ,12.0,0.5769230769230769,0.001238,0.1308859722222222,182
61,Etawah_61_20230131T052039_20230131T052214_T44RKQ.tif,20230131T052039_20230131T052214_T44RKQ,7.0,0.5274725274725275,49.962077,1.1239480671296296,182
62,Etawah_62_20230210T051949_20230210T052635_T44RKQ.tif,20230210T051949_20230210T052635_T44RKQ,23.0,0.4175824175824176,0.000209,1.130877592592593,182
63,Etawah_63_20230220T051839_20230220T052919_T44RKQ.tif,20230220T051839_20230220T052919_T44RKQ,15.0,0.4065934065934066,0.209936,1.130869340277778,182
64,Etawah_64_20230302T051729_20230302T052948_T44RKQ.tif,20230302T051729_20230302T052948_T44RKQ,10.0,0.35714285714285715,0.204697,0.8760926620370371,182
65,Etawah_65_20230312T051659_20230312T052443_T44RKQ.tif,20230312T051659_20230312T052443_T44RKQ,14.0,0.3956043956043956,3e-05,0.8761338310185185,182
66,Etawah_66_20230322T051659_20230322T052301_T44RKQ.tif,20230322T051659_20230322T052301_T44RKQ,8.0,0.43956043956043955,0.165298,0.841392199074074,182
67,Etawah_67_20230401T051659_20230401T052512_T44RKQ.tif,20230401T051659_20230401T052512_T44RKQ,26.0,0.45604395604395603,2.326412,0.1724869791666666,182
68,Etawah_68_20230411T051649_20230411T052709_T44RKQ.tif,20230411T051649_20230411T052709_T44RKQ,39.0,0.4230769230769231,0.155653,0.1655656481481481,182
69,Etawah_69_20230421T051649_20230421T052441_T44RKQ.tif,20230421T051649_20230421T052441_T44RKQ,9.0,0.0,5.913876,0.1516705439814814,182
70,Etawah_70_20230501T051649_20230501T052839_T44RKQ.tif,20230501T051649_20230501T052839_T44RKQ,20.0,0.15384615384615385,77.331245,0.6377793518518519,182
71,Etawah_71_20230511T051649_20230511T052839_T44RKQ.tif,20230511T051649_20230511T052839_T44RKQ,32.0,0.4010989010989011,0.000113,0.1724994791666666,182
72,Etawah_72_20230521T051659_20230521T052824_T44RKQ.tif,20230521T051659_20230521T052824_T44RKQ,29.0,0.01098901098901099,0.086808,1.6606643055555557,182
73,Etawah_73_20230531T051659_20230531T052823_T44RKQ.tif,20230531T051659_20230531T052823_T44RKQ,51.0,0.25274725274725274,0.032166,1.1516481712962965,182
74,Etawah_74_20230610T051659_20230610T052824_T44RKQ.tif,20230610T051659_20230610T052824_T44RKQ,37.0,0.0,0.036105,2.151635844907408,182
75,Etawah_75_20230720T051659_20230720T052825_T44RKQ.tif,20230720T051659_20230720T052825_T44RKQ,148.0,0.7747252747252747,47.023168,1.2662096296296297,182
77,Etawah_77_20230903T051701_20230903T053110_T44RKQ.tif,20230903T051701_20230903T053110_T44RKQ,230.0,0.6153846153846154,1.039313,1.8553121527777776,182
78,Etawah_78_20230923T051651_20230923T052212_T44RKQ.tif,20230923T051651_20230923T052212_T44RKQ,55.0,1.0,65.008098,1.848327430555556,182
79,Etawah_79_20230923T051651_20230923T052212_T44RKQ.tif,20230923T051651_20230923T052212_T44RKQ,55.0,1.0,65.008098,1.848327430555556,182
80,Etawah_80_20231003T051651_20231003T052230_T44RKQ.tif,20231003T051651_20231003T052230_T44RKQ,26.0,0.510989010989011,15.05851,0.1516736111111111,182
81,Etawah_81_20231013T051741_20231013T052432_T44RKQ.tif,20231013T051741_20231013T052432_T44RKQ,60.0,0.5,5e-05,1.841336712962963,182
82,Etawah_82_20231023T051851_20231023T052716_T44RKQ.tif,20231023T051851_20231023T052716_T44RKQ,26.0,0.5439560439560439,0.000272,0.1516933101851852,182
83,Etawah_83_20231102T051951_20231102T052415_T44RKQ.tif,20231102T051951_20231102T052415_T44RKQ,16.0,0.5604395604395604,0.053905,0.8448188194444445,182
84,Etawah_84_20231107T052019_20231107T052323_T44RKQ.tif,20231107T052019_20231107T052323_T44RKQ,37.0,0.521978021978022,0.001994,0.1377753125,182
85,Etawah_85_20231112T052041_20231112T052318_T44RKQ.tif,20231112T052041_20231112T052318_T44RKQ,27.0,0.5439560439560439,0.000153,1.151701111111111,182
86,Etawah_86_20231122T052121_20231122T052116_T44RKQ.tif,20231122T052121_20231122T052116_T44RKQ,46.0,0.5659340659340659,0.018643,0.8482610532407407,182
87,Etawah_87_20231122T052121_20231122T052116_T44RKQ.tif,20231122T052121_20231122T052116_T44RKQ,46.0,0.5659340659340659,0.018643,0.8482610532407407,182
88,Etawah_88_20231202T052151_20231202T052152_T44RKQ.tif,20231202T052151_20231202T052152_T44RKQ,19.0,0.532967032967033,10.253151,0.841269050925926,182
89,Etawah_89_20231212T052221_20231212T052217_T44RKQ.tif,20231212T052221_20231212T052217_T44RKQ,18.0,0.5054945054945055,0.000438,0.8760295601851852,182
90,Etawah_90_20240111T052201_20240111T052201_T44RKQ.tif,20240111T052201_20240111T052201_T44RKQ,9.0,1.0,12.813301,0.6586985763888888,182
91,Etawah_91_20240210T051951_20240210T052850_T44RKQ.tif,20240210T051951_20240210T052850_T44RKQ,22.0,0.532967032967033,3.6e-05,2.144790891203704,182
92,Etawah_92_20240220T051841_20240220T052240_T44RKQ.tif,20240220T051841_20240220T052240_T44RKQ,19.0,0.005494505494505495,0.070677,1.151717476851852,182
93,Etawah_93_20240321T051651_20240321T053116_T44RKQ.tif,20240321T051651_20240321T053116_T44RKQ,9.0,0.510989010989011,5.146705,0.1655700347222222,182
94,Etawah_94_20240331T051651_20240331T052929_T44RKQ.tif,20240331T051651_20240331T052929_T44RKQ,14.0,0.46703296703296704,0.000113,1.1273982291666669,182
95,Etawah_95_20240410T051651_20240410T053057_T44RKQ.tif,20240410T051651_20240410T053057_T44RKQ,25.0,0.34615384615384615,33.427975,2.2857184722222224,182
96,Etawah_96_20240420T051651_20240420T052641_T44RKQ.tif,20240420T051651_20240420T052641_T44RKQ,27.0,0.0,15.7132,2.165543726851852,182
97,Etawah_97_20240430T051651_20240430T053056_T44RKQ.tif,20240430T051651_20240430T053056_T44RKQ,29.0,0.005494505494505495,0.000182,1.1308285300925929,182
98,Etawah_98_20240510T051651_20240510T052922_T44RKQ.tif,20240510T051651_20240510T052922_T44RKQ,25.0,0.02197802197802198,2e-05,1.6280491782407407,182
99,Etawah_99_20240530T051651_20240530T053020_T44RKQ.tif,20240530T051651_20240530T053020_T44RKQ,19.4,0.0,43.092409,2.130830243055556,182
100,Etawah_100_20240609T051701_20240609T052940_T44RKQ.tif,20240609T051701_20240609T052940_T44RKQ,14.0,0.0,0.097269,2.1307916319444447,182
101,Etawah_101_20240619T051701_20240619T052437_T44RKQ.tif,20240619T051701_20240619T052437_T44RKQ,16.3,0.0,7.99494,2.1307983449074075,182
102,Etawah_102_20240709T051651_20240709T053028_T44RKQ.tif,20240709T051651_20240709T053028_T44RKQ,109.0,0.5989010989010989,56.074959,2.1308225810185184,182
103,Etawah_103_20240823T051649_20240823T052843_T44RKQ.tif,20240823T051649_20240823T052843_T44RKQ,18.4,0.6483516483516484,52.504051,1.865660671296296,182
104,Etawah_104_20240922T051649_20240922T052326_T44RKQ.tif,20240922T051649_20240922T052326_T44RKQ,128.4,0.6923076923076923,40.162694,0.8760474537037037,182
105,Etawah_105_20210101T052219_20210101T052222_T44RKQ.tif,20210101T052219_20210101T052222_T44RKQ,1.0,0.2755102040816326,0.001948,0.103102037037037,196
106,Etawah_106_20210131T052039_20210131T052539_T44RKQ.tif,20210131T052039_20210131T052539_T44RKQ,9.0,0.22959183673469388,0.001931,1.113502974537037,196
107,Etawah_107_20210302T051729_20210302T052733_T44RKQ.tif,20210302T051729_20210302T052733_T44RKQ,10.0,0.23979591836734693,0.00653,0.8899603703703703,196
108,Etawah_108_20210322T051649_20210322T052843_T44RKQ.tif,20210322T051649_20210322T052843_T44RKQ,8.0,0.22448979591836735,9.910906,0.1239266203703703,196
109,Etawah_109_20210406T051651_20210406T052529_T44RKQ.tif,20210406T051651_20210406T052529_T44RKQ,2.0,0.0,2.423715,0.8968722685185185,196
110,Etawah_110_20210411T051649_20210411T052917_T44RKQ.tif,20210411T051649_20210411T052917_T44RKQ,17.0,0.1683673469387755,0.827834,1.1065938310185186,196
111,Etawah_111_20210421T051649_20210421T053100_T44RKQ.tif,20210421T051649_20210421T053100_T44RKQ,21.0,0.30612244897959184,56.752861,0.1100911111111111,196
112,Etawah_112_20210521T051649_20210521T053105_T44RKQ.tif,20210521T051649_20210521T053105_T44RKQ,14.0,1.0,62.963474,0.1030838310185185,196
113,Etawah_113_20210531T051649_20210531T052809_T44RKQ.tif,20210531T051649_20210531T052809_T44RKQ,17.0,0.17857142857142858,2.697526,1.1030734259259258,196
114,Etawah_114_20210610T051649_20210610T053106_T44RKQ.tif,20210610T051649_20210610T053106_T44RKQ,19.0,1.0,32.074681,1.1030702546296296,196
115,Etawah_115_20210620T051649_20210620T053110_T44RKQ.tif,20210620T051649_20210620T053110_T44RKQ,28.0,0.9285714285714286,28.629676,1.0961295601851853,196
116,Etawah_116_20210630T051649_20210630T051915_T44RKQ.tif,20210630T051649_20210630T051915_T44RKQ,30.0,0.030612244897959183,68.552062,1.1030700925925927,196
117,Etawah_117_20210710T051649_20210710T053111_T44RKQ.tif,20210710T051649_20210710T053111_T44RKQ,41.0,1.0,67.810458,2.089172349537037,196
120,Etawah_120_20210824T051651_20210824T052626_T44RKQ.tif,20210824T051651_20210824T052626_T44RKQ,15.0,1.0,46.873043,0.8413855555555556,196
121,Etawah_121_20210903T051651_20210903T052534_T44RKQ.tif,20210903T051651_20210903T052534_T44RKQ,33.0,1.0,59.455585,1.8760952546296297,196
122,Etawah_122_20210913T051651_20210913T053059_T44RKQ.tif,20210913T051651_20210913T053059_T44RKQ,35.0,1.0,29.700629,0.1030720138888888,196
123,Etawah_123_20210923T051651_20210923T053101_T44RKQ.tif,20210923T051651_20210923T053101_T44RKQ,26.0,1.0,37.094069,1.876120601851852,196
124,Etawah_124_20211003T051701_20211003T052600_T44RKQ.tif,20211003T051701_20211003T052600_T44RKQ,94.0,1.0,0.05719,1.876138136574074,196
125,Etawah_125_20211013T051751_20211013T052103_T44RKQ.tif,20211013T051751_20211013T052103_T44RKQ,104.0,0.9897959183673469,0.000219,1.8830908564814808,196
126,Etawah_126_20211023T051901_20211023T052038_T44RKQ.tif,20211023T051901_20211023T052038_T44RKQ,34.0,1.0,0.002223,1.883089375,196
127,Etawah_127_20211102T052001_20211102T052127_T44RKQ.tif,20211102T052001_20211102T052127_T44RKQ,21.0,0.8928571428571429,0.000979,0.8796049768518519,196
128,Etawah_128_20211112T052051_20211112T052922_T44RKQ.tif,20211112T052051_20211112T052922_T44RKQ,1.0,0.7908163265306123,23.322425,0.8761067824074074,196
129,Etawah_129_20211122T052121_20211122T052810_T44RKQ.tif,20211122T052121_20211122T052810_T44RKQ,28.0,0.673469387755102,5.6e-05,0.0891928356481481,196
130,Etawah_130_20211212T052221_20211212T052221_T44RKQ.tif,20211212T052221_20211212T052221_T44RKQ,25.0,0.6326530612244898,5.675194,1.1586477314814816,196
131,Etawah_131_20211222T052231_20211222T052230_T44RKQ.tif,20211222T052231_20211222T052230_T44RKQ,13.0,0.5969387755102041,0.000388,0.8830361921296296,196
132,Etawah_132_20220101T052231_20220101T053051_T44RKQ.tif,20220101T052231_20220101T053051_T44RKQ,9.0,0.6326530612244898,19.767311,0.1238964467592592,196
133,Etawah_133_20220111T052201_20220111T052204_T44RKQ.tif,20220111T052201_20220111T052204_T44RKQ,16.0,0.6581632653061225,1.575346,0.1239020949074074,196
134,Etawah_134_20220131T052041_20220131T052041_T44RKQ.tif,20220131T052041_20220131T052041_T44RKQ,12.0,0.6479591836734694,2.186081,1.1308596875,196
135,Etawah_135_20220210T051941_20220210T052038_T44RKQ.tif,20220210T051941_20220210T052038_T44RKQ,15.0,0.5969387755102041,56.870997,1.1378169444444444,196
136,Etawah_136_20220220T051841_20220220T051840_T44RKQ.tif,20220220T051841_20220220T051840_T44RKQ,17.0,0.5663265306122449,0.000159,1.1516741319444443,196
137,Etawah_137_20220302T051731_20220302T052536_T44RKQ.tif,20220302T051731_20220302T052536_T44RKQ,19.0,0.5408163265306123,0.000169,0.1447088657407407,196
138,Etawah_138_20220312T051651_20220312T052910_T44RKQ.tif,20220312T051651_20220312T052910_T44RKQ,3.0,0.49489795918367346,8e-05,0.865714537037037,196
139,Etawah_139_20220322T051651_20220322T052554_T44RKQ.tif,20220322T051651_20220322T052554_T44RKQ,10.0,0.4897959183673469,0.025302,0.883065150462963,196
140,Etawah_140_20220401T051651_20220401T052734_T44RKQ.tif,20220401T051651_20220401T052734_T44RKQ,9.0,0.3163265306122449,0.000189,0.1065302083333333,196
141,Etawah_141_20220411T051651_20220411T052901_T44RKQ.tif,20220411T051651_20220411T052901_T44RKQ,7.0,0.3163265306122449,0.045846,0.1100047106481481,196
142,Etawah_142_20220421T051701_20220421T052440_T44RKQ.tif,20220421T051701_20220421T052440_T44RKQ,8.0,0.0,24.838729,0.0960862962962963,196
143,Etawah_143_20220501T051701_20220501T052759_T44RKQ.tif,20220501T051701_20220501T052759_T44RKQ,1.0,0.14795918367346939,25.296843,1.116912476851852,196
144,Etawah_144_20220511T051651_20220511T053033_T44RKQ.tif,20220511T051651_20220511T053033_T44RKQ,14.0,0.09183673469387756,0.002326,0.1030405555555555,196
145,Etawah_145_20220521T051701_20220521T052917_T44RKQ.tif,20220521T051701_20220521T052917_T44RKQ,41.0,0.0,38.496208,0.1238417129629629,196
146,Etawah_146_20220531T051701_20220531T052755_T44RKQ.tif,20220531T051701_20220531T052755_T44RKQ,42.0,0.015306122448979591,0.02009,1.127297951388889,196
147,Etawah_147_20220610T051701_20220610T052518_T44RKQ.tif,20220610T051701_20220610T052518_T44RKQ,28.0,0.0,10.060531,1.1238095138888888,196
148,Etawah_148_20220620T051701_20220620T052701_T44RKQ.tif,20220620T051701_20220620T052701_T44RKQ,13.0,0.20918367346938777,38.315928,1.127251423611111,196
150,Etawah_150_20220710T051701_20220710T052850_T44RKQ.tif,20220710T051701_20220710T052850_T44RKQ,61.0,0.7806122448979592,37.888461,1.1376551157407406,196
151,Etawah_151_20220809T051701_20220809T052911_T44RKQ.tif,20220809T051701_20220809T052911_T44RKQ,42.0,1.0,40.684968,2.1029467939814817,196
152,Etawah_152_20220824T051649_20220824T052826_T44RKQ.tif,20220824T051649_20220824T052826_T44RKQ,89.0,1.0,54.355186,1.883032476851852,196
153,Etawah_153_20220903T051649_20220903T052701_T44RKQ.tif,20220903T051649_20220903T052701_T44RKQ,167.0,1.0,22.696407,1.862210891203704,196
154,Etawah_154_20221003T051649_20221003T052253_T44RKQ.tif,20221003T051649_20221003T052253_T44RKQ,344.0,1.0,13.458627,1.876067164351852,196
155,Etawah_155_20221013T051749_20221013T052416_T44RKQ.tif,20221013T051749_20221013T052416_T44RKQ,66.0,1.0,23.551807,1.8760708101851853,196
156,Etawah_156_20221023T051849_20221023T052729_T44RKQ.tif,20221023T051849_20221023T052729_T44RKQ,123.0,1.0,0.005756,1.8830214467592592,196
157,Etawah_157_20221102T051949_20221102T052958_T44RKQ.tif,20221102T051949_20221102T052958_T44RKQ,63.0,0.923469387755102,0.001125,0.8343934143518519,196
158,Etawah_158_20221112T052049_20221112T052220_T44RKQ.tif,20221112T052049_20221112T052220_T44RKQ,45.0,0.7602040816326531,0.08923,0.8691331944444445,196
159,Etawah_159_20221122T052119_20221122T052433_T44RKQ.tif,20221122T052119_20221122T052433_T44RKQ,56.0,0.6275510204081632,0.000312,0.876079537037037,196
160,Etawah_160_20221202T052159_20221202T052600_T44RKQ.tif,20221202T052159_20221202T052600_T44RKQ,58.0,0.576530612244898,0.003533,0.865644988425926,196
161,Etawah_161_20221212T052219_20221212T052632_T44RKQ.tif,20221212T052219_20221212T052632_T44RKQ,39.0,0.5153061224489796,0.000229,0.1239474537037037,196
162,Etawah_162_20221222T052229_20221222T052753_T44RKQ.tif,20221222T052229_20221222T052753_T44RKQ,38.0,0.5,0.000833,0.8691298032407407,196
163,Etawah_163_20230101T052229_20230101T052722_T44RKQ.tif,20230101T052229_20230101T052722_T44RKQ,13.0,1.0,36.256072,1.144763761574074,196
164,Etawah_164_20230111T052159_20230111T052604_T44RKQ.tif,20230111T052159_20230111T052604_T44RKQ,7.0,1.0,36.526528,0.1447965972222222,196
165,Etawah_165_20230121T052129_20230121T052439_T44RKQ.tif,20230121T052129_20230121T052439_T44RKQ,12.0,0.5051020408163265,0.001238,0.1308859722222222,196
166,Etawah_166_20230131T052039_20230131T052214_T44RKQ.tif,20230131T052039_20230131T052214_T44RKQ,7.0,0.5714285714285714,49.962077,1.1239480671296296,196
167,Etawah_167_20230210T051949_20230210T052635_T44RKQ.tif,20230210T051949_20230210T052635_T44RKQ,23.0,0.45918367346938777,0.000209,1.130877592592593,196
168,Etawah_168_20230220T051839_20230220T052919_T44RKQ.tif,20230220T051839_20230220T052919_T44RKQ,15.0,0.4387755102040816,0.209936,1.130869340277778,196
169,Etawah_169_20230302T051729_20230302T052948_T44RKQ.tif,20230302T051729_20230302T052948_T44RKQ,10.0,0.3979591836734694,0.204697,0.8760926620370371,196
170,Etawah_170_20230312T051659_20230312T052443_T44RKQ.tif,20230312T051659_20230312T052443_T44RKQ,14.0,0.42346938775510207,3e-05,0.8761338310185185,196
171,Etawah_171_20230322T051659_20230322T052301_T44RKQ.tif,20230322T051659_20230322T052301_T44RKQ,8.0,0.39285714285714285,0.165298,0.841392199074074,196
172,Etawah_172_20230401T051659_20230401T052512_T44RKQ.tif,20230401T051659_20230401T052512_T44RKQ,26.0,0.336734693877551,2.326412,0.1724869791666666,196
173,Etawah_173_20230411T051649_20230411T052709_T44RKQ.tif,20230411T051649_20230411T052709_T44RKQ,39.0,0.29081632653061223,0.155653,0.1655656481481481,196
174,Etawah_174_20230421T051649_20230421T052441_T44RKQ.tif,20230421T051649_20230421T052441_T44RKQ,9.0,0.15306122448979592,5.913876,0.1516705439814814,196
175,Etawah_175_20230501T051649_20230501T052839_T44RKQ.tif,20230501T051649_20230501T052839_T44RKQ,20.0,0.37755102040816324,77.331245,0.6377793518518519,196
176,Etawah_176_20230511T051649_20230511T052839_T44RKQ.tif,20230511T051649_20230511T052839_T44RKQ,32.0,0.22448979591836735,0.000113,0.1724994791666666,196
177,Etawah_177_20230521T051659_20230521T052824_T44RKQ.tif,20230521T051659_20230521T052824_T44RKQ,29.0,0.17346938775510204,0.086808,1.6606643055555557,196
178,Etawah_178_20230531T051659_20230531T052823_T44RKQ.tif,20230531T051659_20230531T052823_T44RKQ,51.0,0.18877551020408162,0.032166,1.1516481712962965,196
179,Etawah_179_20230610T051659_20230610T052824_T44RKQ.tif,20230610T051659_20230610T052824_T44RKQ,37.0,0.1836734693877551,0.036105,2.151635844907408,196
180,Etawah_180_20230720T051659_20230720T052825_T44RKQ.tif,20230720T051659_20230720T052825_T44RKQ,148.0,0.9795918367346939,47.023168,1.2662096296296297,196
182,Etawah_182_20230903T051701_20230903T053110_T44RKQ.tif,20230903T051701_20230903T053110_T44RKQ,230.0,0.6785714285714286,1.039313,1.8553121527777776,196
183,Etawah_183_20230923T051651_20230923T052212_T44RKQ.tif,20230923T051651_20230923T052212_T44RKQ,55.0,1.0,65.008098,1.848327430555556,196
184,Etawah_184_20231003T051651_20231003T052230_T44RKQ.tif,20231003T051651_20231003T052230_T44RKQ,26.0,1.0,15.05851,0.1516736111111111,196
185,Etawah_185_20231013T051741_20231013T052432_T44RKQ.tif,20231013T051741_20231013T052432_T44RKQ,60.0,0.6632653061224489,5e-05,1.841336712962963,196
186,Etawah_186_20231023T051851_20231023T052716_T44RKQ.tif,20231023T051851_20231023T052716_T44RKQ,26.0,0.49489795918367346,0.000272,0.1516933101851852,196
187,Etawah_187_20231102T051951_20231102T052415_T44RKQ.tif,20231102T051951_20231102T052415_T44RKQ,16.0,0.37244897959183676,0.053905,0.8448188194444445,196
188,Etawah_188_20231107T052019_20231107T052323_T44RKQ.tif,20231107T052019_20231107T052323_T44RKQ,37.0,0.3622448979591837,0.001994,0.1377753125,196
189,Etawah_189_20231112T052041_20231112T052318_T44RKQ.tif,20231112T052041_20231112T052318_T44RKQ,27.0,0.3520408163265306,0.000153,1.151701111111111,196
190,Etawah_190_20231122T052121_20231122T052116_T44RKQ.tif,20231122T052121_20231122T052116_T44RKQ,46.0,0.3622448979591837,0.018643,0.8482610532407407,196
191,Etawah_191_20231202T052151_20231202T052152_T44RKQ.tif,20231202T052151_20231202T052152_T44RKQ,19.0,0.4744897959183674,10.253151,0.841269050925926,196
192,Etawah_192_20231212T052221_20231212T052217_T44RKQ.tif,20231212T052221_20231212T052217_T44RKQ,18.0,0.4846938775510204,0.000438,0.8760295601851852,196
193,Etawah_193_20231212T052221_20231212T052217_T44RKQ.tif,20231212T052221_20231212T052217_T44RKQ,18.0,0.4846938775510204,0.000438,0.8760295601851852,196
194,Etawah_194_20240111T052201_20240111T052201_T44RKQ.tif,20240111T052201_20240111T052201_T44RKQ,9.0,0.5714285714285714,12.813301,0.6586985763888888,196
195,Etawah_195_20240210T051951_20240210T052850_T44RKQ.tif,20240210T051951_20240210T052850_T44RKQ,22.0,0.4744897959183674,3.6e-05,2.144790891203704,196
196,Etawah_196_20240220T051841_20240220T052240_T44RKQ.tif,20240220T051841_20240220T052240_T44RKQ,19.0,0.37244897959183676,0.070677,1.151717476851852,196
198,Etawah_198_20240321T051651_20240321T053116_T44RKQ.tif,20240321T051651_20240321T053116_T44RKQ,9.0,0.3469387755102041,5.146705,0.1655700347222222,196
199,Etawah_199_20240331T051651_20240331T052929_T44RKQ.tif,20240331T051651_20240331T052929_T44RKQ,14.0,0.35714285714285715,0.000113,1.1273982291666669,196
200,Etawah_200_20240420T051651_20240420T052641_T44RKQ.tif,20240420T051651_20240420T052641_T44RKQ,27.0,0.23469387755102042,15.7132,2.165543726851852,196
201,Etawah_201_20240430T051651_20240430T053056_T44RKQ.tif,20240430T051651_20240430T053056_T44RKQ,29.0,0.25510204081632654,0.000182,1.1308285300925929,196
202,Etawah_202_20240510T051651_20240510T052922_T44RKQ.tif,20240510T051651_20240510T052922_T44RKQ,25.0,0.25,2e-05,1.6280491782407407,196
203,Etawah_203_20240530T051651_20240530T053020_T44RKQ.tif,20240530T051651_20240530T053020_T44RKQ,19.4,0.04591836734693878,43.092409,2.130830243055556,196
204,Etawah_204_20240609T051701_20240609T052940_T44RKQ.tif,20240609T051701_20240609T052940_T44RKQ,14.0,0.20408163265306123,0.097269,2.1307916319444447,196
205,Etawah_205_20240619T051701_20240619T052437_T44RKQ.tif,20240619T051701_20240619T052437_T44RKQ,16.3,0.17346938775510204,7.99494,2.1307983449074075,196
207,Etawah_207_20240709T051651_20240709T053028_T44RKQ.tif,20240709T051651_20240709T053028_T44RKQ,109.0,1.0,56.074959,2.1308225810185184,196
208,Etawah_208_20240823T051649_20240823T052843_T44RKQ.tif,20240823T051649_20240823T052843_T44RKQ,18.4,1.0,52.504051,1.865660671296296,196
